2026-02-03 09:47:51,774 - Knowledge - INFO - Created shared MongoDB connection pool
2026-02-03 09:47:51,775 - Knowledge - INFO - Starting Knowledge Graph processing with 20 threads
2026-02-03 09:47:51,777 - Knowledge - INFO - Initial configuration: chunk_size=65536, max_cache_size=500
2026-02-03 09:47:51,778 - Knowledge - INFO - Knowledge Graph concurrency configuration: workers=20, max_batch_size=10, max_concurrent_llm_calls=50
2026-02-03 09:47:53,017 - Knowledge - INFO - 🔍 _load_persisted_knowledge called - checking for Redis optimization
2026-02-03 09:47:53,020 - Knowledge - WARNING - ❌ load_from_redis method not found - Redis support not attached
2026-02-03 09:47:53,020 - Knowledge - INFO - load persisted knowledge: begin
2026-02-03 09:47:53,025 - Knowledge - INFO - Loaded 0 files from persisted knowledge
2026-02-03 09:47:53,025 - Knowledge - INFO - load persisted knowledge: end
2026-02-03 09:47:53,026 - Knowledge - WARNING - No persisted knowledge found. Files will be queued during start()
2026-02-03 09:47:53,037 - Knowledge - INFO - Redis support added with prefix knowledge:b7232xo:
2026-02-03 09:47:55,955 - Knowledge - INFO - Starting knowledge initialization for ID: GaTeU5-b7232xo
2026-02-03 09:47:55,961 - Knowledge - INFO - 🔍 Checking Redis for build_id: b7232xo
2026-02-03 09:47:55,962 - Knowledge - INFO - 🔍 Full session ID: GaTeU5-b7232xo
2026-02-03 09:47:55,963 - Knowledge - INFO - 🔍 Redis prefix will be: knowledge:b7232xo:
2026-02-03 09:47:55,979 - Knowledge - INFO - 🔍 Using attached load_from_redis() method
2026-02-03 09:47:55,980 - Knowledge - INFO - 🔍 Attempting to load knowledge from Redis...
2026-02-03 09:47:55,981 - Knowledge - INFO - 🔍 Using derived instance_id for Redis lookup: b7232xo
2026-02-03 09:47:56,002 - Knowledge - WARNING - ❌ No Redis cache found
2026-02-03 09:47:56,038 - Knowledge - INFO - 📁 Loading knowledge from disk...
2026-02-03 09:47:56,112 - Knowledge - INFO - load persisted docinfo: begin
2026-02-03 09:47:56,115 - Knowledge - INFO - load persisted docinfo: end
2026-02-03 09:47:56,116 - Knowledge - INFO - 🔍 _load_persisted_knowledge called - checking for Redis optimization
2026-02-03 09:47:56,116 - Knowledge - INFO - ✅ load_from_redis method found - attempting Redis load
2026-02-03 09:47:56,116 - Knowledge - INFO - 🔍 Attempting to load knowledge from Redis...
2026-02-03 09:47:56,117 - Knowledge - INFO - 🔍 Using derived instance_id for Redis lookup: b7232xo
2026-02-03 09:47:56,123 - Knowledge - WARNING - ❌ No Redis cache found
2026-02-03 09:47:56,124 - Knowledge - INFO - ❌ Redis load returned False - falling back to file loading
2026-02-03 09:47:56,124 - Knowledge - INFO - load persisted knowledge: begin
2026-02-03 09:47:56,127 - Knowledge - INFO - Loaded 0 files from persisted knowledge
2026-02-03 09:47:56,128 - Knowledge - INFO - load persisted knowledge: end
2026-02-03 09:47:56,128 - Knowledge - INFO - 📁 Disk load complete in 0.09s
2026-02-03 09:47:56,128 - Knowledge - INFO - Populating ingest queue with source files...
2026-02-03 09:47:57,608 - Knowledge - INFO - Added 1263 files from /app/data/T0002/210801/b7232xo/odoo-210801 to ingest queue
2026-02-03 09:47:57,609 - Knowledge - INFO - [WEBSOCKET] Sent: Type=progress_update, Size: 161, Duration: 0ms
2026-02-03 09:47:57,610 - Knowledge - INFO - Worker kw1 created using shared MongoDB connection pool
2026-02-03 09:47:57,611 - Knowledge - INFO - knowledge worker kw1 start
2026-02-03 09:47:57,612 - Knowledge - INFO - Worker kw2 created using shared MongoDB connection pool
2026-02-03 09:47:57,612 - Knowledge - INFO - [kw1] Queue=1263, InProgress=0, PendingWorkers=0/1, Completed=0/1263 (0.0%)
2026-02-03 09:47:57,612 - Knowledge - INFO - knowledge worker kw2 start
2026-02-03 09:47:57,613 - Knowledge - INFO - Worker kw3 created using shared MongoDB connection pool
2026-02-03 09:47:57,613 - Knowledge - INFO - Batch sizing: calculated=10, max_allowed=10, queue=1263, active_workers=0/2
2026-02-03 09:47:57,614 - Knowledge - INFO - [kw2] Queue=1263, InProgress=0, PendingWorkers=0/2, Completed=0/1263 (0.0%)
2026-02-03 09:47:57,614 - Knowledge - INFO - Batch sizing: calculated=10, max_allowed=10, queue=1263, active_workers=0/2
2026-02-03 09:47:57,615 - Knowledge - INFO - Worker kw2 processing /app/data/T0002/210801/b7232xo/odoo-210801/setup.py
2026-02-03 09:47:57,616 - Knowledge - INFO - knowledge worker kw3 start
2026-02-03 09:47:57,617 - Knowledge - INFO - Worker kw1 processing /app/data/T0002/210801/b7232xo/odoo-210801/doc/tests/check_profile_l10n_all.py
2026-02-03 09:47:57,617 - Knowledge - INFO - Worker kw4 created using shared MongoDB connection pool
2026-02-03 09:47:57,618 - Knowledge - INFO - Worker kw2 processing /app/data/T0002/210801/b7232xo/odoo-210801/doc/migrate/3.4.0-4.0.0/pre.py
2026-02-03 09:47:57,619 - Knowledge - INFO - knowledge worker kw4 start
2026-02-03 09:47:57,620 - Knowledge - INFO - Worker kw2 processing /app/data/T0002/210801/b7232xo/odoo-210801/doc/migrate/3.4.0-4.0.0/post-tiny.py
2026-02-03 09:47:57,620 - Knowledge - INFO - Worker kw5 created using shared MongoDB connection pool
2026-02-03 09:47:57,621 - Knowledge - INFO - Fast-tracked /app/data/T0002/210801/b7232xo/odoo-210801/doc/tests/check_profile_l10n_all.py (ext=.py, size=3990)
2026-02-03 09:47:57,621 - Knowledge - INFO - [kw3] Queue=1243, InProgress=0, PendingWorkers=2/4, Completed=0/1263 (0.0%)
2026-02-03 09:47:57,621 - Knowledge - INFO - Worker kw2 processing /app/data/T0002/210801/b7232xo/odoo-210801/doc/migrate/3.4.0-4.0.0/post.py
2026-02-03 09:47:57,622 - Knowledge - INFO - knowledge worker kw5 start
2026-02-03 09:47:57,623 - Knowledge - INFO - Worker kw6 created using shared MongoDB connection pool
2026-02-03 09:47:57,624 - Knowledge - INFO - Worker kw1 processing /app/data/T0002/210801/b7232xo/odoo-210801/rpminstall_sh.txt
2026-02-03 09:47:57,624 - Knowledge - INFO - [kw4] Queue=1243, InProgress=0, PendingWorkers=2/5, Completed=0/1263 (0.0%)
2026-02-03 09:47:57,624 - Knowledge - INFO - Batch sizing: calculated=10, max_allowed=10, queue=1243, active_workers=2/5
2026-02-03 09:47:57,626 - Knowledge - INFO - [kw5] Queue=1243, InProgress=0, PendingWorkers=2/5, Completed=0/1263 (0.0%)
2026-02-03 09:47:57,626 - Knowledge - INFO - Worker kw2 processing /app/data/T0002/210801/b7232xo/odoo-210801/doc/migrate/3.4.0-4.0.0/pre-tiny.py
2026-02-03 09:47:57,627 - Knowledge - INFO - knowledge worker kw6 start
2026-02-03 09:47:57,628 - Knowledge - INFO - Worker kw7 created using shared MongoDB connection pool
2026-02-03 09:47:57,629 - Knowledge - INFO - Batch sizing: calculated=10, max_allowed=10, queue=1243, active_workers=2/6
2026-02-03 09:47:57,629 - Knowledge - INFO - Fast-tracked /app/data/T0002/210801/b7232xo/odoo-210801/rpminstall_sh.txt (ext=.txt, size=673)
2026-02-03 09:47:57,630 - Knowledge - INFO - Worker kw3 processing /app/data/T0002/210801/b7232xo/odoo-210801/addons/hr_attendance/report/__init__.py
2026-02-03 09:47:57,630 - Knowledge - INFO - Batch sizing: calculated=10, max_allowed=10, queue=1243, active_workers=3/6
2026-02-03 09:47:57,633 - Knowledge - INFO - Worker kw2 processing /app/data/T0002/210801/b7232xo/odoo-210801/doc/migrate/3.3.0-3.4.0/pre.py
2026-02-03 09:47:57,634 - Knowledge - INFO - knowledge worker kw7 start
2026-02-03 09:47:57,634 - Knowledge - INFO - Worker kw8 created using shared MongoDB connection pool
2026-02-03 09:47:57,635 - Knowledge - INFO - Worker kw4 processing /app/data/T0002/210801/b7232xo/odoo-210801/addons/hr_attendance/hr_attendance_demo.xml
2026-02-03 09:47:57,635 - Knowledge - INFO - Worker kw1 processing /app/data/T0002/210801/b7232xo/odoo-210801/addons/board_crm_configuration/board_crm_demo.xml
2026-02-03 09:47:57,636 - Knowledge - INFO - Fast-tracked /app/data/T0002/210801/b7232xo/odoo-210801/addons/hr_attendance/report/__init__.py (ext=.py, size=1114)
2026-02-03 09:47:57,637 - Knowledge - INFO - Worker kw5 processing /app/data/T0002/210801/b7232xo/odoo-210801/addons/report_sale/report_sale_view.xml
2026-02-03 09:47:57,637 - Knowledge - INFO - Worker kw2 processing /app/data/T0002/210801/b7232xo/odoo-210801/doc/migrate/3.3.0-3.4.0/post.py
2026-02-03 09:47:57,638 - Knowledge - INFO - knowledge worker kw8 start
2026-02-03 09:47:57,639 - Knowledge - INFO - Worker kw9 created using shared MongoDB connection pool
2026-02-03 09:47:57,639 - Knowledge - INFO - Fast-tracked /app/data/T0002/210801/b7232xo/odoo-210801/addons/hr_attendance/hr_attendance_demo.xml (ext=.xml, size=5201)
2026-02-03 09:47:57,640 - Knowledge - INFO - Fast-tracked /app/data/T0002/210801/b7232xo/odoo-210801/addons/board_crm_configuration/board_crm_demo.xml (ext=.xml, size=543)
2026-02-03 09:47:57,640 - Knowledge - INFO - Worker kw3 processing /app/data/T0002/210801/b7232xo/odoo-210801/addons/hr_attendance/report/timesheet.py
2026-02-03 09:47:57,641 - Knowledge - INFO - Fast-tracked /app/data/T0002/210801/b7232xo/odoo-210801/addons/report_sale/report_sale_view.xml (ext=.xml, size=12937)
2026-02-03 09:47:57,642 - Knowledge - INFO - Worker kw2 processing /app/data/T0002/210801/b7232xo/odoo-210801/doc/migrate/4.2.0-4.4.0/pre.py
2026-02-03 09:47:57,644 - Knowledge - INFO - knowledge worker kw9 start
2026-02-03 09:47:57,645 - Knowledge - INFO - Worker kw4 processing /app/data/T0002/210801/b7232xo/odoo-210801/addons/hr_attendance/__init__.py
2026-02-03 09:47:57,645 - Knowledge - INFO - Worker kw10 created using shared MongoDB connection pool
2026-02-03 09:47:57,646 - Knowledge - INFO - Worker kw1 processing /app/data/T0002/210801/b7232xo/odoo-210801/addons/board_crm_configuration/board_crm_view.xml
2026-02-03 09:47:57,646 - Knowledge - INFO - Worker kw5 processing /app/data/T0002/210801/b7232xo/odoo-210801/addons/report_sale/report_sale.py
2026-02-03 09:47:57,647 - Knowledge - INFO - Worker kw3 processing /app/data/T0002/210801/b7232xo/odoo-210801/addons/hr_attendance/hr_attendance_report.xml
2026-02-03 09:47:57,648 - Knowledge - INFO - Worker kw2 processing /app/data/T0002/210801/b7232xo/odoo-210801/doc/migrate/4.0.0-4.2.0/tiny/pre-tiny.py
2026-02-03 09:47:57,648 - Knowledge - INFO - Fast-tracked /app/data/T0002/210801/b7232xo/odoo-210801/addons/hr_attendance/__init__.py (ext=.py, size=1107)
2026-02-03 09:47:57,649 - Knowledge - INFO - knowledge worker kw10 start
2026-02-03 09:47:57,650 - Knowledge - INFO - Fast-tracked /app/data/T0002/210801/b7232xo/odoo-210801/addons/board_crm_configuration/board_crm_view.xml (ext=.xml, size=4394)
2026-02-03 09:47:57,650 - Knowledge - INFO - Worker kw5 processing /app/data/T0002/210801/b7232xo/odoo-210801/addons/report_sale/__init__.py
2026-02-03 09:47:57,651 - Knowledge - INFO - Fast-tracked /app/data/T0002/210801/b7232xo/odoo-210801/addons/hr_attendance/hr_attendance_report.xml (ext=.xml, size=344)
2026-02-03 09:47:57,651 - Knowledge - INFO - Worker kw11 created using shared MongoDB connection pool
2026-02-03 09:47:57,652 - Knowledge - INFO - Worker kw4 processing /app/data/T0002/210801/b7232xo/odoo-210801/addons/hr_attendance/hr_attendance.py
2026-02-03 09:47:57,652 - Knowledge - INFO - Worker kw2 processing /app/data/T0002/210801/b7232xo/odoo-210801/doc/migrate/4.0.0-4.2.0/pre.py
2026-02-03 09:47:57,653 - Knowledge - INFO - Worker kw1 processing /app/data/T0002/210801/b7232xo/odoo-210801/addons/board_crm_configuration/board_crm_statistical_view.xml
2026-02-03 09:47:57,654 - Knowledge - INFO - Worker kw3 processing /app/data/T0002/210801/b7232xo/odoo-210801/addons/hr_attendance/__terp__.py
2026-02-03 09:47:57,654 - Knowledge - INFO - Fast-tracked /app/data/T0002/210801/b7232xo/odoo-210801/addons/report_sale/__init__.py (ext=.py, size=1078)
2026-02-03 09:47:57,655 - Knowledge - INFO - knowledge worker kw11 start
2026-02-03 09:47:57,656 - Knowledge - INFO - [kw9] Queue=1213, InProgress=0, PendingWorkers=5/10, Completed=0/1263 (0.0%)
2026-02-03 09:47:57,656 - Knowledge - INFO - [kw8] Queue=1213, InProgress=0, PendingWorkers=5/10, Completed=0/1263 (0.0%)
2026-02-03 09:47:57,656 - Knowledge - INFO - Worker kw12 created using shared MongoDB connection pool
2026-02-03 09:47:57,657 - Knowledge - INFO - [kw7] Queue=1213, InProgress=0, PendingWorkers=5/11, Completed=0/1263 (0.0%)
2026-02-03 09:47:57,657 - Knowledge - INFO - [kw6] Queue=1213, InProgress=0, PendingWorkers=5/11, Completed=0/1263 (0.0%)
2026-02-03 09:47:57,657 - Knowledge - INFO - [kw10] Queue=1213, InProgress=0, PendingWorkers=5/11, Completed=0/1263 (0.0%)
2026-02-03 09:47:57,658 - Knowledge - INFO - Worker kw4 processing /app/data/T0002/210801/b7232xo/odoo-210801/addons/hr_attendance/hr_attendance_wizard.xml
2026-02-03 09:47:57,659 - Knowledge - INFO - Fast-tracked /app/data/T0002/210801/b7232xo/odoo-210801/addons/board_crm_configuration/board_crm_statistical_view.xml (ext=.xml, size=5382)
2026-02-03 09:47:57,660 - Knowledge - INFO - Worker kw5 processing /app/data/T0002/210801/b7232xo/odoo-210801/addons/analytic_user_function/__terp__.py
2026-02-03 09:47:57,661 - Knowledge - INFO - [kw11] Queue=1213, InProgress=0, PendingWorkers=5/11, Completed=0/1263 (0.0%)
2026-02-03 09:47:57,661 - Knowledge - INFO - Fast-tracked /app/data/T0002/210801/b7232xo/odoo-210801/addons/hr_attendance/__terp__.py (ext=.py, size=1638)
2026-02-03 09:47:57,662 - Knowledge - INFO - Batch sizing: calculated=10, max_allowed=10, queue=1213, active_workers=5/11
2026-02-03 09:47:57,663 - Knowledge - INFO - Batch sizing: calculated=10, max_allowed=10, queue=1213, active_workers=5/11
2026-02-03 09:47:57,663 - Knowledge - INFO - knowledge worker kw12 start
2026-02-03 09:47:57,664 - Knowledge - INFO - Worker kw13 created using shared MongoDB connection pool
2026-02-03 09:47:57,664 - Knowledge - INFO - Batch sizing: calculated=10, max_allowed=10, queue=1213, active_workers=5/12
2026-02-03 09:47:57,665 - Knowledge - INFO - Batch sizing: calculated=10, max_allowed=10, queue=1213, active_workers=5/12
2026-02-03 09:47:57,665 - Knowledge - INFO - Batch sizing: calculated=10, max_allowed=10, queue=1213, active_workers=5/12
2026-02-03 09:47:57,666 - Knowledge - INFO - Worker kw1 processing /app/data/T0002/210801/b7232xo/odoo-210801/addons/board_crm_configuration/__terp__.py
2026-02-03 09:47:57,667 - Knowledge - INFO - Fast-tracked /app/data/T0002/210801/b7232xo/odoo-210801/addons/hr_attendance/hr_attendance_wizard.xml (ext=.xml, size=766)
2026-02-03 09:47:57,667 - Knowledge - INFO - Fast-tracked /app/data/T0002/210801/b7232xo/odoo-210801/addons/analytic_user_function/__terp__.py (ext=.py, size=1987)
2026-02-03 09:47:57,668 - Knowledge - INFO - Batch sizing: calculated=10, max_allowed=10, queue=1213, active_workers=5/12
2026-02-03 09:47:57,668 - Knowledge - INFO - Worker kw3 processing /app/data/T0002/210801/b7232xo/odoo-210801/addons/hr_attendance/wizard/print_bymonth.py
2026-02-03 09:47:57,669 - Knowledge - INFO - Worker kw9 processing /app/data/T0002/210801/b7232xo/odoo-210801/addons/account_voucher/report/report_voucher_amount.py
2026-02-03 09:47:57,671 - Knowledge - INFO - Worker kw8 processing /app/data/T0002/210801/b7232xo/odoo-210801/addons/account_voucher/voucher_wizard.xml
2026-02-03 09:47:57,672 - Knowledge - INFO - Worker kw9 processing /app/data/T0002/210801/b7232xo/odoo-210801/addons/account_voucher/report/__init__.py
2026-02-03 09:47:57,673 - Knowledge - INFO - knowledge worker kw13 start
2026-02-03 09:47:57,673 - Knowledge - INFO - Worker kw14 created using shared MongoDB connection pool
2026-02-03 09:47:57,675 - Knowledge - INFO - Worker kw6 processing /app/data/T0002/210801/b7232xo/odoo-210801/addons/base_module_quality/workflow_test/workflow_test.py
2026-02-03 09:47:57,676 - Knowledge - INFO - Worker kw7 processing /app/data/T0002/210801/b7232xo/odoo-210801/addons/base_module_quality/speed_test/speed_test.py
2026-02-03 09:47:57,677 - Knowledge - INFO - Worker kw10 processing /app/data/T0002/210801/b7232xo/odoo-210801/addons/base_module_quality/base_module_quality_wizard.xml
2026-02-03 09:47:57,678 - Knowledge - INFO - Worker kw4 processing /app/data/T0002/210801/b7232xo/odoo-210801/addons/report_analytic/__terp__.py
2026-02-03 09:47:57,678 - Knowledge - INFO - Fast-tracked /app/data/T0002/210801/b7232xo/odoo-210801/addons/board_crm_configuration/__terp__.py (ext=.py, size=1680)
2026-02-03 09:47:57,679 - Knowledge - INFO - Worker kw5 processing /app/data/T0002/210801/b7232xo/odoo-210801/addons/analytic_user_function/analytic_user_function_view.xml
2026-02-03 09:47:57,683 - Knowledge - INFO - Worker kw11 processing /app/data/T0002/210801/b7232xo/odoo-210801/addons/purchase_manual/purchase_manual_wizard.xml
2026-02-03 09:47:57,732 - Knowledge - INFO - [kw12] Queue=1153, InProgress=0, PendingWorkers=11/13, Completed=0/1263 (0.0%)
2026-02-03 09:47:57,733 - Knowledge - INFO - Worker kw3 processing /app/data/T0002/210801/b7232xo/odoo-210801/addons/hr_attendance/wizard/print_byweek.py
2026-02-03 09:47:57,735 - Knowledge - INFO - Fast-tracked /app/data/T0002/210801/b7232xo/odoo-210801/addons/account_voucher/voucher_wizard.xml (ext=.xml, size=477)
2026-02-03 09:47:57,742 - Knowledge - INFO - Fast-tracked /app/data/T0002/210801/b7232xo/odoo-210801/addons/account_voucher/report/__init__.py (ext=.py, size=51)
2026-02-03 09:47:57,743 - Knowledge - INFO - [kw13] Queue=1153, InProgress=0, PendingWorkers=11/13, Completed=0/1263 (0.0%)
2026-02-03 09:47:57,744 - Knowledge - INFO - knowledge worker kw14 start
2026-02-03 09:47:57,744 - Knowledge - INFO - Worker kw15 created using shared MongoDB connection pool
2026-02-03 09:47:57,745 - Knowledge - INFO - Worker kw6 processing /app/data/T0002/210801/b7232xo/odoo-210801/addons/base_module_quality/workflow_test/__init__.py
2026-02-03 09:47:57,746 - Knowledge - INFO - Worker kw7 processing /app/data/T0002/210801/b7232xo/odoo-210801/addons/base_module_quality/structure_test/__init__.py
2026-02-03 09:47:57,748 - Knowledge - INFO - Fast-tracked /app/data/T0002/210801/b7232xo/odoo-210801/addons/report_analytic/__terp__.py (ext=.py, size=1574)
2026-02-03 09:47:57,748 - Knowledge - INFO - Worker kw1 processing /app/data/T0002/210801/b7232xo/odoo-210801/addons/board_crm_configuration/__init__.py
2026-02-03 09:47:57,749 - Knowledge - INFO - Fast-tracked /app/data/T0002/210801/b7232xo/odoo-210801/addons/base_module_quality/base_module_quality_wizard.xml (ext=.xml, size=392)
2026-02-03 09:47:57,754 - Knowledge - INFO - Fast-tracked /app/data/T0002/210801/b7232xo/odoo-210801/addons/analytic_user_function/analytic_user_function_view.xml (ext=.xml, size=6455)
2026-02-03 09:47:57,756 - Knowledge - INFO - Fast-tracked /app/data/T0002/210801/b7232xo/odoo-210801/addons/purchase_manual/purchase_manual_wizard.xml (ext=.xml, size=352)
2026-02-03 09:47:57,757 - Knowledge - INFO - Batch sizing: calculated=10, max_allowed=10, queue=1153, active_workers=11/14
2026-02-03 09:47:57,757 - Knowledge - INFO - Worker kw3 processing /app/data/T0002/210801/b7232xo/odoo-210801/addons/hr_attendance/wizard/sign_in_out.py
2026-02-03 09:47:57,758 - Knowledge - INFO - Worker kw8 processing /app/data/T0002/210801/b7232xo/odoo-210801/addons/account_voucher/__init__.py
2026-02-03 09:47:57,758 - Knowledge - INFO - Worker kw9 processing /app/data/T0002/210801/b7232xo/odoo-210801/addons/account_voucher/account_view.xml
2026-02-03 09:47:57,759 - Knowledge - INFO - Batch sizing: calculated=10, max_allowed=10, queue=1153, active_workers=11/14
2026-02-03 09:47:57,760 - Knowledge - INFO - [kw14] Queue=1153, InProgress=0, PendingWorkers=11/14, Completed=0/1263 (0.0%)
2026-02-03 09:47:57,761 - Knowledge - INFO - knowledge worker kw15 start
2026-02-03 09:47:57,763 - Knowledge - INFO - Worker kw16 created using shared MongoDB connection pool
2026-02-03 09:47:57,764 - Knowledge - INFO - Fast-tracked /app/data/T0002/210801/b7232xo/odoo-210801/addons/base_module_quality/workflow_test/__init__.py (ext=.py, size=1057)
2026-02-03 09:47:57,767 - Knowledge - INFO - Fast-tracked /app/data/T0002/210801/b7232xo/odoo-210801/addons/base_module_quality/structure_test/__init__.py (ext=.py, size=1057)
2026-02-03 09:47:57,767 - Knowledge - INFO - Worker kw4 processing /app/data/T0002/210801/b7232xo/odoo-210801/addons/report_analytic/report_analytic_view.xml
2026-02-03 09:47:57,768 - Knowledge - INFO - Fast-tracked /app/data/T0002/210801/b7232xo/odoo-210801/addons/board_crm_configuration/__init__.py (ext=.py, size=1057)
2026-02-03 09:47:57,768 - Knowledge - INFO - Worker kw10 processing /app/data/T0002/210801/b7232xo/odoo-210801/addons/base_module_quality/pylint_test/pylint_test_config.txt
2026-02-03 09:47:57,769 - Knowledge - INFO - Worker kw5 processing /app/data/T0002/210801/b7232xo/odoo-210801/addons/analytic_user_function/__init__.py
2026-02-03 09:47:57,770 - Knowledge - INFO - Worker kw11 processing /app/data/T0002/210801/b7232xo/odoo-210801/addons/purchase_manual/purchase_manual.py
2026-02-03 09:47:57,771 - Knowledge - INFO - Worker kw12 processing /app/data/T0002/210801/b7232xo/odoo-210801/addons/account_report/account_wizard.xml
2026-02-03 09:47:57,772 - Knowledge - INFO - Fast-tracked /app/data/T0002/210801/b7232xo/odoo-210801/addons/account_voucher/__init__.py (ext=.py, size=1049)
2026-02-03 09:47:57,773 - Knowledge - INFO - Worker kw3 processing /app/data/T0002/210801/b7232xo/odoo-210801/addons/hr_attendance/wizard/print_attendance_error.py
2026-02-03 09:47:57,773 - Knowledge - INFO - Worker kw13 processing /app/data/T0002/210801/b7232xo/odoo-210801/addons/account_report/account_report.xml
2026-02-03 09:47:57,774 - Knowledge - INFO - Fast-tracked /app/data/T0002/210801/b7232xo/odoo-210801/addons/account_voucher/account_view.xml (ext=.xml, size=5756)
2026-02-03 09:47:57,774 - Knowledge - INFO - Batch sizing: calculated=10, max_allowed=10, queue=1153, active_workers=13/15
2026-02-03 09:47:57,779 - Knowledge - INFO - knowledge worker kw16 start
2026-02-03 09:47:57,780 - Knowledge - INFO - Worker kw17 created using shared MongoDB connection pool
2026-02-03 09:47:57,781 - Knowledge - INFO - [kw15] Queue=1133, InProgress=0, PendingWorkers=13/16, Completed=0/1263 (0.0%)
2026-02-03 09:47:57,781 - Knowledge - INFO - Worker kw6 processing /app/data/T0002/210801/b7232xo/odoo-210801/addons/base_module_quality/object_test/object_test.py
2026-02-03 09:47:57,782 - Knowledge - INFO - Worker kw7 processing /app/data/T0002/210801/b7232xo/odoo-210801/addons/base_module_quality/structure_test/structure_test.py
2026-02-03 09:47:57,783 - Knowledge - INFO - Worker kw1 processing /app/data/T0002/210801/b7232xo/odoo-210801/addons/hr_attendance/security/hr_security.xml
2026-02-03 09:47:57,783 - Knowledge - INFO - Fast-tracked /app/data/T0002/210801/b7232xo/odoo-210801/addons/base_module_quality/pylint_test/pylint_test_config.txt (ext=.txt, size=8953)
2026-02-03 09:47:57,784 - Knowledge - INFO - Fast-tracked /app/data/T0002/210801/b7232xo/odoo-210801/addons/report_analytic/report_analytic_view.xml (ext=.xml, size=2861)
2026-02-03 09:47:57,784 - Knowledge - INFO - Fast-tracked /app/data/T0002/210801/b7232xo/odoo-210801/addons/analytic_user_function/__init__.py (ext=.py, size=1088)
2026-02-03 09:47:57,786 - Knowledge - INFO - Worker kw11 processing /app/data/T0002/210801/b7232xo/odoo-210801/addons/project_retro_planning/__terp__.py
2026-02-03 09:47:57,788 - Knowledge - INFO - Worker kw8 processing /app/data/T0002/210801/b7232xo/odoo-210801/addons/account_voucher/account_report.xml
2026-02-03 09:47:57,788 - Knowledge - INFO - Fast-tracked /app/data/T0002/210801/b7232xo/odoo-210801/addons/account_report/account_wizard.xml (ext=.xml, size=689)
2026-02-03 09:47:57,789 - Knowledge - INFO - Worker kw3 processing /app/data/T0002/210801/b7232xo/odoo-210801/addons/hr_attendance/wizard/__init__.py
2026-02-03 09:47:57,791 - Knowledge - INFO - Fast-tracked /app/data/T0002/210801/b7232xo/odoo-210801/addons/account_report/account_report.xml (ext=.xml, size=680)
2026-02-03 09:47:57,792 - Knowledge - INFO - Worker kw9 processing /app/data/T0002/210801/b7232xo/odoo-210801/addons/account_voucher/__terp__.py
2026-02-03 09:47:57,825 - Knowledge - INFO - [kw16] Queue=1133, InProgress=0, PendingWorkers=13/16, Completed=0/1263 (0.0%)
2026-02-03 09:47:57,826 - Knowledge - INFO - Fast-tracked /app/data/T0002/210801/b7232xo/odoo-210801/addons/account_voucher/__terp__.py (ext=.py, size=1724)
2026-02-03 09:47:57,827 - Knowledge - INFO - knowledge worker kw17 start
2026-02-03 09:47:57,827 - Knowledge - INFO - Worker kw18 created using shared MongoDB connection pool
2026-02-03 09:47:57,829 - Knowledge - INFO - Batch sizing: calculated=10, max_allowed=10, queue=1133, active_workers=13/17
2026-02-03 09:47:57,830 - Knowledge - INFO - Worker kw6 processing /app/data/T0002/210801/b7232xo/odoo-210801/addons/base_module_quality/object_test/__init__.py
2026-02-03 09:47:57,831 - Knowledge - INFO - Worker kw7 processing /app/data/T0002/210801/b7232xo/odoo-210801/addons/base_module_quality/method_test/__init__.py
2026-02-03 09:47:57,831 - Knowledge - INFO - Fast-tracked /app/data/T0002/210801/b7232xo/odoo-210801/addons/hr_attendance/security/hr_security.xml (ext=.xml, size=229)
2026-02-03 09:47:57,835 - Knowledge - INFO - Worker kw10 processing /app/data/T0002/210801/b7232xo/odoo-210801/addons/base_module_quality/pylint_test/pylint_test.py
2026-02-03 09:47:57,836 - Knowledge - INFO - Worker kw4 processing /app/data/T0002/210801/b7232xo/odoo-210801/addons/report_analytic/report_analytic.py
2026-02-03 09:47:57,837 - Knowledge - INFO - Worker kw5 processing /app/data/T0002/210801/b7232xo/odoo-210801/addons/analytic_user_function/analytic_user_function.py
2026-02-03 09:47:57,840 - Knowledge - INFO - Fast-tracked /app/data/T0002/210801/b7232xo/odoo-210801/addons/project_retro_planning/__terp__.py (ext=.py, size=1512)
2026-02-03 09:47:57,843 - Knowledge - INFO - Fast-tracked /app/data/T0002/210801/b7232xo/odoo-210801/addons/account_voucher/account_report.xml (ext=.xml, size=541)
2026-02-03 09:47:57,844 - Knowledge - INFO - Worker kw12 processing /app/data/T0002/210801/b7232xo/odoo-210801/addons/account_report/report/print_indicator.py
2026-02-03 09:47:57,845 - Knowledge - INFO - Worker kw13 processing /app/data/T0002/210801/b7232xo/odoo-210801/addons/event_project/__terp__.py
2026-02-03 09:47:57,845 - Knowledge - INFO - Fast-tracked /app/data/T0002/210801/b7232xo/odoo-210801/addons/hr_attendance/wizard/__init__.py (ext=.py, size=1180)
2026-02-03 09:47:57,846 - Knowledge - INFO - Worker kw14 processing /app/data/T0002/210801/b7232xo/odoo-210801/addons/account_analytic_analysis/account_analytic_analysis_view.xml
2026-02-03 09:47:57,847 - Knowledge - INFO - Batch sizing: calculated=10, max_allowed=10, queue=1133, active_workers=14/17
2026-02-03 09:47:57,847 - Knowledge - INFO - Worker kw9 processing /app/data/T0002/210801/b7232xo/odoo-210801/addons/account_voucher/wizard/open_voucher.py
2026-02-03 09:47:57,849 - Knowledge - INFO - knowledge worker kw18 start
2026-02-03 09:47:57,849 - Knowledge - INFO - Worker kw15 processing /app/data/T0002/210801/b7232xo/odoo-210801/addons/profile_manufacturing/profile_manufacturing.py
2026-02-03 09:47:57,850 - Knowledge - INFO - Worker kw19 created using shared MongoDB connection pool
2026-02-03 09:47:57,851 - Knowledge - INFO - [kw17] Queue=1113, InProgress=0, PendingWorkers=15/18, Completed=0/1263 (0.0%)
2026-02-03 09:47:57,851 - Knowledge - INFO - Worker kw1 processing /app/data/T0002/210801/b7232xo/odoo-210801/addons/hr_attendance/report/bymonth.py
2026-02-03 09:47:57,852 - Knowledge - INFO - Fast-tracked /app/data/T0002/210801/b7232xo/odoo-210801/addons/base_module_quality/object_test/__init__.py (ext=.py, size=1057)
2026-02-03 09:47:58,133 - Knowledge - INFO - Fast-tracked /app/data/T0002/210801/b7232xo/odoo-210801/addons/base_module_quality/method_test/__init__.py (ext=.py, size=1057)
2026-02-03 09:47:58,135 - Knowledge - INFO - Worker kw10 processing /app/data/T0002/210801/b7232xo/odoo-210801/addons/base_module_quality/pylint_test/__init__.py
2026-02-03 09:47:58,138 - Knowledge - INFO - Worker kw4 processing /app/data/T0002/210801/b7232xo/odoo-210801/addons/report_analytic/__init__.py
2026-02-03 09:47:58,140 - Knowledge - INFO - Worker kw5 processing /app/data/T0002/210801/b7232xo/odoo-210801/addons/account_voucher/account.py
2026-02-03 09:47:58,140 - Knowledge - INFO - Worker kw11 processing /app/data/T0002/210801/b7232xo/odoo-210801/addons/project_retro_planning/__init__.py
2026-02-03 09:47:58,141 - Knowledge - INFO - Worker kw8 processing /app/data/T0002/210801/b7232xo/odoo-210801/addons/board/__terp__.py
2026-02-03 09:47:58,142 - Knowledge - INFO - Worker kw12 processing /app/data/T0002/210801/b7232xo/odoo-210801/addons/account_report/report/accounting_report.py
2026-02-03 09:47:58,143 - Knowledge - INFO - Worker kw3 processing /app/data/T0002/210801/b7232xo/odoo-210801/addons/hr_attendance/hr_attendance_view.xml
2026-02-03 09:47:58,144 - Knowledge - INFO - Fast-tracked /app/data/T0002/210801/b7232xo/odoo-210801/addons/event_project/__terp__.py (ext=.py, size=1560)
2026-02-03 09:47:58,144 - Knowledge - INFO - Fast-tracked /app/data/T0002/210801/b7232xo/odoo-210801/addons/account_analytic_analysis/account_analytic_analysis_view.xml (ext=.xml, size=5237)
2026-02-03 09:47:58,145 - Knowledge - INFO - Worker kw16 processing /app/data/T0002/210801/b7232xo/odoo-210801/addons/delivery/delivery_wizard.xml
2026-02-03 09:47:58,146 - Knowledge - INFO - Worker kw14 processing /app/data/T0002/210801/b7232xo/odoo-210801/addons/account_analytic_analysis/account_analytic_analysis.py
2026-02-03 09:47:58,151 - Knowledge - INFO - [kw18] Queue=1103, InProgress=0, PendingWorkers=16/18, Completed=0/1263 (0.0%)
2026-02-03 09:47:58,154 - Knowledge - INFO - knowledge worker kw19 start
2026-02-03 09:47:58,154 - Knowledge - INFO - Batch sizing: calculated=10, max_allowed=10, queue=1113, active_workers=16/18
2026-02-03 09:47:58,154 - Knowledge - INFO - Worker kw15 processing /app/data/T0002/210801/b7232xo/odoo-210801/addons/profile_manufacturing/__init__.py
2026-02-03 09:47:58,155 - Knowledge - INFO - Worker kw20 created using shared MongoDB connection pool
2026-02-03 09:47:58,156 - Knowledge - INFO - Worker kw6 processing /app/data/T0002/210801/b7232xo/odoo-210801/addons/base_module_quality/__terp__.py
2026-02-03 09:47:58,158 - Knowledge - INFO - Worker kw1 processing /app/data/T0002/210801/b7232xo/odoo-210801/addons/hr_attendance/report/attendance_errors.py
2026-02-03 09:47:58,161 - Knowledge - INFO - Worker kw7 processing /app/data/T0002/210801/b7232xo/odoo-210801/addons/base_module_quality/method_test/method_test.py
2026-02-03 09:47:58,165 - Knowledge - INFO - Fast-tracked /app/data/T0002/210801/b7232xo/odoo-210801/addons/base_module_quality/pylint_test/__init__.py (ext=.py, size=1078)
2026-02-03 09:47:58,166 - Knowledge - INFO - Fast-tracked /app/data/T0002/210801/b7232xo/odoo-210801/addons/report_analytic/__init__.py (ext=.py, size=1082)
2026-02-03 09:47:58,166 - Knowledge - INFO - Worker kw5 processing /app/data/T0002/210801/b7232xo/odoo-210801/addons/account_voucher/report/rml_parse.py
2026-02-03 09:47:58,167 - Knowledge - INFO - Fast-tracked /app/data/T0002/210801/b7232xo/odoo-210801/addons/board/__terp__.py (ext=.py, size=1428)
2026-02-03 09:47:58,168 - Knowledge - INFO - Fast-tracked /app/data/T0002/210801/b7232xo/odoo-210801/addons/project_retro_planning/__init__.py (ext=.py, size=1087)
2026-02-03 09:47:58,170 - Knowledge - INFO - Worker kw13 processing /app/data/T0002/210801/b7232xo/odoo-210801/addons/event_project/wizard/project_wizard.py
2026-02-03 09:47:58,171 - Knowledge - INFO - Worker kw12 processing /app/data/T0002/210801/b7232xo/odoo-210801/addons/account_report/report/__init__.py
2026-02-03 09:47:58,172 - Knowledge - INFO - Fast-tracked /app/data/T0002/210801/b7232xo/odoo-210801/addons/hr_attendance/hr_attendance_view.xml (ext=.xml, size=4669)
2026-02-03 09:47:58,176 - Knowledge - INFO - Worker kw9 processing /app/data/T0002/210801/b7232xo/odoo-210801/addons/account_voucher/wizard/__init__.py
2026-02-03 09:47:58,180 - Knowledge - INFO - Fast-tracked /app/data/T0002/210801/b7232xo/odoo-210801/addons/delivery/delivery_wizard.xml (ext=.xml, size=248)
2026-02-03 09:47:58,183 - Knowledge - INFO - Worker kw14 processing /app/data/T0002/210801/b7232xo/odoo-210801/addons/account_analytic_analysis/__init__.py
2026-02-03 09:47:58,183 - Knowledge - INFO - Batch sizing: calculated=10, max_allowed=10, queue=1103, active_workers=16/19
2026-02-03 09:47:58,189 - Knowledge - INFO - [kw19] Queue=1103, InProgress=0, PendingWorkers=16/19, Completed=0/1263 (0.0%)
2026-02-03 09:47:58,190 - Knowledge - INFO - Worker kw17 processing /app/data/T0002/210801/b7232xo/odoo-210801/addons/wiki/__terp__.py
2026-02-03 09:47:58,191 - Knowledge - INFO - knowledge worker kw20 start
2026-02-03 09:47:58,192 - Knowledge - INFO - Fast-tracked /app/data/T0002/210801/b7232xo/odoo-210801/addons/wiki/__terp__.py (ext=.py, size=742)
2026-02-03 09:47:58,193 - Knowledge - INFO - Worker kw7 processing /app/data/T0002/210801/b7232xo/odoo-210801/addons/base_module_quality/pep8_test/pep8_test.py
2026-02-03 09:47:58,193 - Knowledge - INFO - Worker kw6 processing /app/data/T0002/210801/b7232xo/odoo-210801/addons/base_module_quality/wizard/module_quality_check.py
2026-02-03 09:47:58,194 - Knowledge - INFO - Worker kw10 processing /app/data/T0002/210801/b7232xo/odoo-210801/addons/base_module_quality/base_module_quality.py
2026-02-03 09:47:58,223 - Knowledge - INFO - Worker kw4 processing /app/data/T0002/210801/b7232xo/odoo-210801/addons/report_sale/report_sale_graph.xml
2026-02-03 09:47:58,225 - Knowledge - INFO - Worker kw8 processing /app/data/T0002/210801/b7232xo/odoo-210801/addons/board/wizard/__init__.py
2026-02-03 09:47:58,225 - Knowledge - INFO - Worker kw5 processing /app/data/T0002/210801/b7232xo/odoo-210801/addons/account_voucher/report/report_voucher.py
2026-02-03 09:47:58,226 - Knowledge - INFO - Worker kw11 processing /app/data/T0002/210801/b7232xo/odoo-210801/addons/project_retro_planning/project_retro_planning.py
2026-02-03 09:47:58,231 - Knowledge - INFO - Fast-tracked /app/data/T0002/210801/b7232xo/odoo-210801/addons/account_report/report/__init__.py (ext=.py, size=1107)
2026-02-03 09:47:58,232 - Knowledge - INFO - Worker kw13 processing /app/data/T0002/210801/b7232xo/odoo-210801/addons/event_project/wizard/event_task.py
2026-02-03 09:47:58,236 - Knowledge - INFO - Worker kw16 processing /app/data/T0002/210801/b7232xo/odoo-210801/addons/delivery/stock.py
2026-02-03 09:47:58,236 - Knowledge - INFO - Fast-tracked /app/data/T0002/210801/b7232xo/odoo-210801/addons/account_voucher/wizard/__init__.py (ext=.py, size=20)
2026-02-03 09:47:58,238 - Knowledge - INFO - Worker kw18 processing /app/data/T0002/210801/b7232xo/odoo-210801/addons/board_account/__terp__.py
2026-02-03 09:47:58,239 - Knowledge - INFO - Fast-tracked /app/data/T0002/210801/b7232xo/odoo-210801/addons/account_analytic_analysis/__init__.py (ext=.py, size=1092)
2026-02-03 09:47:58,241 - Knowledge - INFO - Fast-tracked /app/data/T0002/210801/b7232xo/odoo-210801/addons/board_account/__terp__.py (ext=.py, size=1855)
2026-02-03 09:47:58,242 - Knowledge - INFO - Worker kw17 processing /app/data/T0002/210801/b7232xo/odoo-210801/addons/wiki/wizard/show_diff.py
2026-02-03 09:47:58,247 - Knowledge - INFO - [kw20] Queue=1083, InProgress=0, PendingWorkers=18/20, Completed=0/1263 (0.0%)
2026-02-03 09:47:58,249 - Knowledge - INFO - Fast-tracked /app/data/T0002/210801/b7232xo/odoo-210801/addons/profile_manufacturing/__init__.py (ext=.py, size=1087)
2026-02-03 09:47:58,250 - Knowledge - INFO - Worker kw7 processing /app/data/T0002/210801/b7232xo/odoo-210801/addons/base_module_quality/pep8_test/__init__.py
2026-02-03 09:47:58,251 - Knowledge - INFO - Worker kw10 processing /app/data/T0002/210801/b7232xo/odoo-210801/addons/purchase_manual/__terp__.py
2026-02-03 09:47:58,253 - Knowledge - INFO - Fast-tracked /app/data/T0002/210801/b7232xo/odoo-210801/addons/report_sale/report_sale_graph.xml (ext=.xml, size=5648)
2026-02-03 09:47:58,257 - Knowledge - INFO - Worker kw6 processing /app/data/T0002/210801/b7232xo/odoo-210801/addons/base_module_quality/wizard/quality_save_report.py
2026-02-03 09:47:58,270 - Knowledge - INFO - Worker kw11 processing /app/data/T0002/210801/b7232xo/odoo-210801/addons/report_account/report_receivable.py
2026-02-03 09:47:58,274 - Knowledge - INFO - Fast-tracked /app/data/T0002/210801/b7232xo/odoo-210801/addons/board/wizard/__init__.py (ext=.py, size=1079)
2026-02-03 09:47:58,274 - Knowledge - INFO - Worker kw12 processing /app/data/T0002/210801/b7232xo/odoo-210801/addons/account_report/account_view.xml
2026-02-03 09:47:58,280 - Knowledge - INFO - Fast-tracked /app/data/T0002/210801/b7232xo/odoo-210801/addons/hr_attendance/wizard/print_bymonth.py (small file (2329 bytes))
2026-02-03 09:47:58,288 - Knowledge - INFO - Worker kw16 processing /app/data/T0002/210801/b7232xo/odoo-210801/addons/delivery/delivery.py
2026-02-03 09:47:58,289 - Knowledge - INFO - Worker kw13 processing /app/data/T0002/210801/b7232xo/odoo-210801/addons/event_project/wizard/__init__.py
2026-02-03 09:47:58,289 - Knowledge - INFO - Worker kw9 processing /app/data/T0002/210801/b7232xo/odoo-210801/addons/account_voucher/voucher_view.xml
2026-02-03 09:47:58,296 - Knowledge - INFO - Batch sizing: calculated=10, max_allowed=10, queue=1103, active_workers=18/20
2026-02-03 09:47:58,323 - Knowledge - INFO - Worker kw14 processing /app/data/T0002/210801/b7232xo/odoo-210801/addons/account_analytic_analysis/account_analytic_analysis_menu.xml
2026-02-03 09:47:58,325 - Knowledge - INFO - Worker kw18 processing /app/data/T0002/210801/b7232xo/odoo-210801/addons/board_account/board_account_view.xml
2026-02-03 09:47:58,328 - Knowledge - INFO - Worker kw17 processing /app/data/T0002/210801/b7232xo/odoo-210801/addons/wiki/wizard/make_index.py
2026-02-03 09:47:58,328 - Knowledge - INFO - Batch sizing: calculated=10, max_allowed=10, queue=1083, active_workers=18/20
2026-02-03 09:47:58,330 - Knowledge - INFO - Worker kw15 processing /app/data/T0002/210801/b7232xo/odoo-210801/addons/delivery/delivery_data.xml
2026-02-03 09:47:58,331 - Knowledge - INFO - Fast-tracked /app/data/T0002/210801/b7232xo/odoo-210801/addons/base_module_quality/pep8_test/__init__.py (ext=.py, size=1057)
2026-02-03 09:47:58,333 - Knowledge - INFO - Fast-tracked /app/data/T0002/210801/b7232xo/odoo-210801/addons/purchase_manual/__terp__.py (ext=.py, size=1590)
2026-02-03 09:47:58,337 - Knowledge - INFO - Worker kw4 processing /app/data/T0002/210801/b7232xo/odoo-210801/addons/report_sale/__terp__.py
2026-02-03 09:47:58,341 - Knowledge - INFO - Worker kw11 processing /app/data/T0002/210801/b7232xo/odoo-210801/addons/report_account/report_receivable_view.xml
2026-02-03 09:47:58,341 - Knowledge - INFO - Worker kw6 processing /app/data/T0002/210801/b7232xo/odoo-210801/addons/base_module_quality/wizard/__init__.py
2026-02-03 09:47:58,342 - Knowledge - INFO - Worker kw8 processing /app/data/T0002/210801/b7232xo/odoo-210801/addons/board/wizard/board_wizard.py
2026-02-03 09:47:58,344 - Knowledge - INFO - Fast-tracked /app/data/T0002/210801/b7232xo/odoo-210801/addons/account_report/account_view.xml (ext=.xml, size=11530)
2026-02-03 09:47:58,353 - Knowledge - INFO - Worker kw16 processing /app/data/T0002/210801/b7232xo/odoo-210801/addons/delivery/delivery_demo.xml
2026-02-03 09:47:58,358 - Knowledge - INFO - Fast-tracked /app/data/T0002/210801/b7232xo/odoo-210801/addons/hr_attendance/wizard/print_byweek.py (small file (2020 bytes))
2026-02-03 09:47:58,361 - Knowledge - INFO - Fast-tracked /app/data/T0002/210801/b7232xo/odoo-210801/addons/event_project/wizard/__init__.py (ext=.py, size=1098)
2026-02-03 09:47:58,368 - Knowledge - INFO - Fast-tracked /app/data/T0002/210801/b7232xo/odoo-210801/addons/account_voucher/voucher_view.xml (ext=.xml, size=12971)
2026-02-03 09:47:58,370 - Knowledge - INFO - Worker kw19 processing /app/data/T0002/210801/b7232xo/odoo-210801/addons/stock/report/lot_overview.py
2026-02-03 09:47:58,374 - Knowledge - INFO - Fast-tracked /app/data/T0002/210801/b7232xo/odoo-210801/addons/account_analytic_analysis/account_analytic_analysis_menu.xml (ext=.xml, size=6449)
2026-02-03 09:47:58,375 - Knowledge - INFO - Fast-tracked /app/data/T0002/210801/b7232xo/odoo-210801/addons/board_account/board_account_view.xml (ext=.xml, size=4149)
2026-02-03 09:47:58,375 - Knowledge - INFO - Worker kw17 processing /app/data/T0002/210801/b7232xo/odoo-210801/addons/wiki/wizard/wizard_view.xml
2026-02-03 09:47:58,380 - Knowledge - INFO - Worker kw20 processing /app/data/T0002/210801/b7232xo/odoo-210801/addons/stock/report_stock.py
2026-02-03 09:47:58,384 - Knowledge - INFO - Worker kw7 processing /app/data/T0002/210801/b7232xo/odoo-210801/addons/base_module_quality/README.txt
2026-02-03 09:47:58,385 - Knowledge - INFO - Worker kw10 processing /app/data/T0002/210801/b7232xo/odoo-210801/addons/purchase_manual/wizard/wizard_purchase_line_invoice.py
2026-02-03 09:47:58,386 - Knowledge - INFO - Fast-tracked /app/data/T0002/210801/b7232xo/odoo-210801/addons/delivery/delivery_data.xml (ext=.xml, size=387)
2026-02-03 09:47:58,387 - Knowledge - INFO - Fast-tracked /app/data/T0002/210801/b7232xo/odoo-210801/addons/report_account/report_receivable_view.xml (ext=.xml, size=5243)
2026-02-03 09:47:58,393 - Knowledge - INFO - Worker kw10 processing /app/data/T0002/210801/b7232xo/odoo-210801/addons/purchase_manual/wizard/__init__.py
2026-02-03 09:47:58,394 - Knowledge - INFO - Fast-tracked /app/data/T0002/210801/b7232xo/odoo-210801/addons/base_module_quality/wizard/__init__.py (ext=.py, size=1112)
2026-02-03 09:47:58,394 - Knowledge - INFO - Fast-tracked /app/data/T0002/210801/b7232xo/odoo-210801/addons/account_voucher/report/report_voucher.py (small file (2911 bytes))
2026-02-03 09:47:58,396 - Knowledge - INFO - Worker kw8 processing /app/data/T0002/210801/b7232xo/odoo-210801/addons/board/board_view.xml
2026-02-03 09:47:58,398 - Knowledge - INFO - Worker kw12 processing /app/data/T0002/210801/b7232xo/odoo-210801/addons/account_report/__terp__.py
2026-02-03 09:47:58,398 - Knowledge - INFO - Fast-tracked /app/data/T0002/210801/b7232xo/odoo-210801/addons/delivery/delivery_demo.xml (ext=.xml, size=2677)
2026-02-03 09:47:58,400 - Knowledge - INFO - Worker kw13 processing /app/data/T0002/210801/b7232xo/odoo-210801/addons/event_project/event_wizard.xml
2026-02-03 09:47:58,401 - Knowledge - INFO - Worker kw9 processing /app/data/T0002/210801/b7232xo/odoo-210801/addons/account_voucher/voucher_workflow.xml
2026-02-03 09:47:58,409 - Knowledge - INFO - Worker kw14 processing /app/data/T0002/210801/b7232xo/odoo-210801/addons/board_association/__terp__.py
2026-02-03 09:47:58,415 - Knowledge - INFO - Worker kw19 processing /app/data/T0002/210801/b7232xo/odoo-210801/addons/stock/report/lot_location.py
2026-02-03 09:47:58,423 - Knowledge - INFO - Fast-tracked /app/data/T0002/210801/b7232xo/odoo-210801/addons/board_association/__terp__.py (ext=.py, size=1511)
2026-02-03 09:47:58,426 - Knowledge - INFO - Fast-tracked /app/data/T0002/210801/b7232xo/odoo-210801/addons/wiki/wizard/wizard_view.xml (ext=.xml, size=1022)
2026-02-03 09:47:58,426 - Knowledge - INFO - Fast-tracked /app/data/T0002/210801/b7232xo/odoo-210801/addons/base_module_quality/README.txt (ext=.txt, size=545)
2026-02-03 09:47:58,427 - Knowledge - INFO - Worker kw20 processing /app/data/T0002/210801/b7232xo/odoo-210801/addons/stock/stock_incoterms.xml
2026-02-03 09:47:58,429 - Knowledge - INFO - Fast-tracked /app/data/T0002/210801/b7232xo/odoo-210801/addons/report_sale/__terp__.py (ext=.py, size=1832)
2026-02-03 09:47:58,430 - Knowledge - INFO - Worker kw15 processing /app/data/T0002/210801/b7232xo/odoo-210801/addons/delivery/sale.py
2026-02-03 09:47:58,431 - Knowledge - INFO - Worker kw11 processing /app/data/T0002/210801/b7232xo/odoo-210801/addons/report_account/__terp__.py
2026-02-03 09:47:58,440 - Knowledge - INFO - Fast-tracked /app/data/T0002/210801/b7232xo/odoo-210801/addons/purchase_manual/wizard/__init__.py (ext=.py, size=36)
2026-02-03 09:47:58,441 - Knowledge - INFO - Worker kw6 processing /app/data/T0002/210801/b7232xo/odoo-210801/addons/base_module_quality/base_module_quality_view.xml
2026-02-03 09:47:58,450 - Knowledge - INFO - Fast-tracked /app/data/T0002/210801/b7232xo/odoo-210801/addons/board/board_view.xml (ext=.xml, size=4403)
2026-02-03 09:47:58,454 - Knowledge - INFO - Fast-tracked /app/data/T0002/210801/b7232xo/odoo-210801/addons/account_report/__terp__.py (ext=.py, size=1640)
2026-02-03 09:47:58,454 - Knowledge - INFO - Worker kw16 processing /app/data/T0002/210801/b7232xo/odoo-210801/addons/delivery/__init__.py
2026-02-03 09:47:58,457 - Knowledge - INFO - Fast-tracked /app/data/T0002/210801/b7232xo/odoo-210801/addons/event_project/event_wizard.xml (ext=.xml, size=372)
2026-02-03 09:47:58,458 - Knowledge - INFO - Fast-tracked /app/data/T0002/210801/b7232xo/odoo-210801/addons/account_voucher/voucher_workflow.xml (ext=.xml, size=2899)
2026-02-03 09:47:58,459 - Knowledge - INFO - Worker kw19 processing /app/data/T0002/210801/b7232xo/odoo-210801/addons/stock/report/stock_by_location.py
2026-02-03 09:47:58,460 - Knowledge - INFO - Worker kw18 processing /app/data/T0002/210801/b7232xo/odoo-210801/addons/board_account/__init__.py
2026-02-03 09:47:58,466 - Knowledge - INFO - Worker kw14 processing /app/data/T0002/210801/b7232xo/odoo-210801/addons/board_association/board_association_view.xml
2026-02-03 09:47:58,468 - Knowledge - INFO - Worker kw17 processing /app/data/T0002/210801/b7232xo/odoo-210801/addons/wiki/wizard/open_page.py
2026-02-03 09:47:58,469 - Knowledge - INFO - Worker kw7 processing /app/data/T0002/210801/b7232xo/odoo-210801/addons/base_module_quality/terp_test/terp_test.py
2026-02-03 09:47:58,470 - Knowledge - INFO - Fast-tracked /app/data/T0002/210801/b7232xo/odoo-210801/addons/stock/stock_incoterms.xml (ext=.xml, size=2220)
2026-02-03 09:47:58,472 - Knowledge - INFO - Worker kw15 processing /app/data/T0002/210801/b7232xo/odoo-210801/addons/delivery/__terp__.py
2026-02-03 09:47:58,472 - Knowledge - INFO - Worker kw10 processing /app/data/T0002/210801/b7232xo/odoo-210801/addons/purchase_manual/purchase_manual_view.xml
2026-02-03 09:47:58,473 - Knowledge - INFO - Fast-tracked /app/data/T0002/210801/b7232xo/odoo-210801/addons/report_account/__terp__.py (ext=.py, size=1556)
2026-02-03 09:47:58,475 - Knowledge - INFO - Fast-tracked /app/data/T0002/210801/b7232xo/odoo-210801/addons/base_module_quality/base_module_quality_view.xml (ext=.xml, size=3251)
2026-02-03 09:47:58,475 - Knowledge - INFO - Worker kw8 processing /app/data/T0002/210801/b7232xo/odoo-210801/addons/board/__init__.py
2026-02-03 09:47:58,479 - Knowledge - INFO - Worker kw12 processing /app/data/T0002/210801/b7232xo/odoo-210801/addons/account_report/wizard/wizard_print_indicators.py
2026-02-03 09:47:58,480 - Knowledge - INFO - Worker kw12 processing /app/data/T0002/210801/b7232xo/odoo-210801/addons/account_report/wizard/__init__.py
2026-02-03 09:47:58,481 - Knowledge - INFO - Fast-tracked /app/data/T0002/210801/b7232xo/odoo-210801/addons/account_report/wizard/__init__.py (ext=.py, size=1128)
2026-02-03 09:47:58,481 - Knowledge - INFO - Worker kw9 processing /app/data/T0002/210801/b7232xo/odoo-210801/addons/account_voucher/voucher.py
2026-02-03 09:47:58,482 - Knowledge - INFO - Worker kw19 processing /app/data/T0002/210801/b7232xo/odoo-210801/addons/stock/report/lot_move_label.xml
2026-02-03 09:47:58,484 - Knowledge - INFO - Fast-tracked /app/data/T0002/210801/b7232xo/odoo-210801/addons/board_account/__init__.py (ext=.py, size=1059)
2026-02-03 09:47:58,489 - Knowledge - INFO - Worker kw17 processing /app/data/T0002/210801/b7232xo/odoo-210801/addons/wiki/wizard/__init__.py
2026-02-03 09:47:58,489 - Knowledge - INFO - Fast-tracked /app/data/T0002/210801/b7232xo/odoo-210801/addons/board_association/board_association_view.xml (ext=.xml, size=2665)
2026-02-03 09:47:58,492 - Knowledge - INFO - Worker kw20 processing /app/data/T0002/210801/b7232xo/odoo-210801/addons/stock/stock_report.xml
2026-02-03 09:47:58,492 - Knowledge - INFO - Worker kw7 processing /app/data/T0002/210801/b7232xo/odoo-210801/addons/base_module_quality/terp_test/__init__.py
2026-02-03 09:47:58,496 - Knowledge - INFO - Fast-tracked /app/data/T0002/210801/b7232xo/odoo-210801/addons/purchase_manual/purchase_manual_view.xml (ext=.xml, size=4944)
2026-02-03 09:47:58,496 - Knowledge - INFO - Fast-tracked /app/data/T0002/210801/b7232xo/odoo-210801/addons/delivery/__terp__.py (ext=.py, size=1803)
2026-02-03 09:47:58,497 - Knowledge - INFO - Worker kw10 processing /app/data/T0002/210801/b7232xo/odoo-210801/addons/purchase_manual/__init__.py
2026-02-03 09:47:58,524 - Knowledge - INFO - Fast-tracked /app/data/T0002/210801/b7232xo/odoo-210801/addons/report_analytic/report_analytic.py (small file (2700 bytes))
2026-02-03 09:47:58,528 - Knowledge - INFO - Fast-tracked /app/data/T0002/210801/b7232xo/odoo-210801/addons/purchase_manual/__init__.py (ext=.py, size=1029)
2026-02-03 09:47:58,529 - Knowledge - INFO - Fast-tracked /app/data/T0002/210801/b7232xo/odoo-210801/addons/board/__init__.py (ext=.py, size=1086)
2026-02-03 09:47:58,529 - Knowledge - INFO - Fast-tracked /app/data/T0002/210801/b7232xo/odoo-210801/addons/delivery/__init__.py (ext=.py, size=1145)
2026-02-03 09:47:58,530 - Knowledge - INFO - Worker kw13 processing /app/data/T0002/210801/b7232xo/odoo-210801/addons/event_project/event.py
2026-02-03 09:47:58,531 - Knowledge - INFO - Worker kw12 processing /app/data/T0002/210801/b7232xo/odoo-210801/addons/account_report/wizard/wizard_print_indicators_with_pdf.py
2026-02-03 09:47:58,532 - Knowledge - INFO - Worker kw9 processing /app/data/T0002/210801/b7232xo/odoo-210801/addons/account_voucher/voucher_sequence.xml
2026-02-03 09:47:58,533 - Knowledge - INFO - Fast-tracked /app/data/T0002/210801/b7232xo/odoo-210801/addons/stock/report/lot_move_label.xml (ext=.xml, size=498)
2026-02-03 09:47:58,533 - Knowledge - INFO - Worker kw18 processing /app/data/T0002/210801/b7232xo/odoo-210801/addons/board_account/board_account_demo.xml
2026-02-03 09:47:58,535 - Knowledge - INFO - Worker kw14 processing /app/data/T0002/210801/b7232xo/odoo-210801/addons/board_association/__init__.py
2026-02-03 09:47:58,535 - Knowledge - INFO - Fast-tracked /app/data/T0002/210801/b7232xo/odoo-210801/addons/wiki/wizard/__init__.py (ext=.py, size=137)
2026-02-03 09:47:58,536 - Knowledge - INFO - Worker kw11 processing /app/data/T0002/210801/b7232xo/odoo-210801/addons/report_account/__init__.py
2026-02-03 09:47:58,537 - Knowledge - INFO - Worker kw15 processing /app/data/T0002/210801/b7232xo/odoo-210801/addons/delivery/wizard/delivery_sale_order.py
2026-02-03 09:47:58,538 - Knowledge - INFO - Fast-tracked /app/data/T0002/210801/b7232xo/odoo-210801/addons/base_module_quality/terp_test/__init__.py (ext=.py, size=1057)
2026-02-03 09:47:58,538 - Knowledge - INFO - Fast-tracked /app/data/T0002/210801/b7232xo/odoo-210801/addons/stock/stock_report.xml (ext=.xml, size=1269)
2026-02-03 09:47:58,538 - Knowledge - INFO - Worker kw6 processing /app/data/T0002/210801/b7232xo/odoo-210801/addons/base_module_quality/__init__.py
2026-02-03 09:47:58,540 - Knowledge - INFO - Worker kw8 processing /app/data/T0002/210801/b7232xo/odoo-210801/addons/board/board.py
2026-02-03 09:47:58,540 - Knowledge - INFO - Worker kw16 processing /app/data/T0002/210801/b7232xo/odoo-210801/addons/wiki/data/wiki_faq.xml
2026-02-03 09:47:58,542 - Knowledge - INFO - Worker kw13 processing /app/data/T0002/210801/b7232xo/odoo-210801/addons/event_project/event_view.xml
2026-02-03 09:47:58,543 - Knowledge - INFO - Worker kw12 processing /app/data/T0002/210801/b7232xo/odoo-210801/addons/account_report/__init__.py
2026-02-03 09:47:58,544 - Knowledge - INFO - Fast-tracked /app/data/T0002/210801/b7232xo/odoo-210801/addons/account_voucher/voucher_sequence.xml (ext=.xml, size=3776)
2026-02-03 09:47:58,544 - Knowledge - INFO - Worker kw19 processing /app/data/T0002/210801/b7232xo/odoo-210801/addons/stock/report/product_stock.py
2026-02-03 09:47:58,548 - Knowledge - INFO - Fast-tracked /app/data/T0002/210801/b7232xo/odoo-210801/addons/board_account/board_account_demo.xml (ext=.xml, size=675)
2026-02-03 09:47:58,549 - Knowledge - INFO - Fast-tracked /app/data/T0002/210801/b7232xo/odoo-210801/addons/board_association/__init__.py (ext=.py, size=1058)
2026-02-03 09:47:58,549 - Knowledge - INFO - Worker kw17 processing /app/data/T0002/210801/b7232xo/odoo-210801/addons/wiki/wizard/create_menu.py
2026-02-03 09:47:58,550 - Knowledge - INFO - Fast-tracked /app/data/T0002/210801/b7232xo/odoo-210801/addons/report_account/__init__.py (ext=.py, size=1084)
2026-02-03 09:47:58,551 - Knowledge - INFO - Worker kw15 processing /app/data/T0002/210801/b7232xo/odoo-210801/addons/delivery/wizard/__init__.py
2026-02-03 09:47:58,555 - Knowledge - INFO - Worker kw20 processing /app/data/T0002/210801/b7232xo/odoo-210801/addons/stock/__terp__.py
2026-02-03 09:47:58,565 - Knowledge - INFO - Fast-tracked /app/data/T0002/210801/b7232xo/odoo-210801/addons/base_module_quality/__init__.py (ext=.py, size=1097)
2026-02-03 09:47:58,573 - Knowledge - INFO - Worker kw8 processing /app/data/T0002/210801/b7232xo/odoo-210801/addons/base_module_quality/speed_test/__init__.py
2026-02-03 09:47:58,596 - Knowledge - INFO - Fast-tracked /app/data/T0002/210801/b7232xo/odoo-210801/addons/wiki/data/wiki_faq.xml (ext=.xml, size=2825)
2026-02-03 09:47:58,623 - Knowledge - INFO - Fast-tracked /app/data/T0002/210801/b7232xo/odoo-210801/addons/event_project/event_view.xml (ext=.xml, size=1537)
2026-02-03 09:47:58,631 - Knowledge - INFO - Fast-tracked /app/data/T0002/210801/b7232xo/odoo-210801/addons/account_report/__init__.py (ext=.py, size=1102)
2026-02-03 09:47:58,637 - Knowledge - INFO - Worker kw18 processing /app/data/T0002/210801/b7232xo/odoo-210801/addons/stock/report_stock_view.xml
2026-02-03 09:47:58,637 - Knowledge - INFO - Worker kw19 processing /app/data/T0002/210801/b7232xo/odoo-210801/addons/stock/report/UPS.xml
2026-02-03 09:47:58,640 - Knowledge - INFO - Fast-tracked /app/data/T0002/210801/b7232xo/odoo-210801/addons/stock/report_stock_view.xml (ext=.xml, size=4800)
2026-02-03 09:47:58,644 - Knowledge - INFO - Worker kw17 processing /app/data/T0002/210801/b7232xo/odoo-210801/addons/wiki/wiki_view.xml
2026-02-03 09:47:58,647 - Knowledge - INFO - Fast-tracked /app/data/T0002/210801/b7232xo/odoo-210801/addons/account_voucher/report/report_voucher_amount.py (small file (2006 bytes))
2026-02-03 09:47:58,648 - Knowledge - INFO - Worker kw11 processing /app/data/T0002/210801/b7232xo/odoo-210801/addons/account_report/account.py
2026-02-03 09:47:58,655 - Knowledge - INFO - Fast-tracked /app/data/T0002/210801/b7232xo/odoo-210801/addons/delivery/wizard/__init__.py (ext=.py, size=1086)
2026-02-03 09:47:58,659 - Knowledge - INFO - Fast-tracked /app/data/T0002/210801/b7232xo/odoo-210801/addons/base_module_quality/speed_test/__init__.py (ext=.py, size=1057)
2026-02-03 09:47:58,660 - Knowledge - INFO - Worker kw20 processing /app/data/T0002/210801/b7232xo/odoo-210801/addons/stock/wizard/wizard_location_product.py
2026-02-03 09:47:58,661 - Knowledge - INFO - Worker kw16 processing /app/data/T0002/210801/b7232xo/odoo-210801/addons/wiki/data/wiki_quickstart.xml
2026-02-03 09:47:58,661 - Knowledge - INFO - Fast-tracked /app/data/T0002/210801/b7232xo/odoo-210801/addons/wiki/data/wiki_quickstart.xml (ext=.xml, size=2985)
2026-02-03 09:47:58,671 - Knowledge - INFO - Fast-tracked /app/data/T0002/210801/b7232xo/odoo-210801/addons/stock/report/UPS.xml (ext=.xml, size=1148)
2026-02-03 09:47:58,671 - Knowledge - INFO - Worker kw14 processing /app/data/T0002/210801/b7232xo/odoo-210801/addons/board_association/board_association_demo.xml
2026-02-03 09:47:58,673 - Knowledge - INFO - Worker kw18 processing /app/data/T0002/210801/b7232xo/odoo-210801/addons/stock/security/stock_security.xml
2026-02-03 09:47:58,675 - Knowledge - INFO - Fast-tracked /app/data/T0002/210801/b7232xo/odoo-210801/addons/wiki/wiki_view.xml (ext=.xml, size=8532)
2026-02-03 09:47:58,678 - Knowledge - INFO - Worker kw15 processing /app/data/T0002/210801/b7232xo/odoo-210801/addons/delivery/partner_view.xml
2026-02-03 09:47:58,735 - Knowledge - INFO - Worker kw20 processing /app/data/T0002/210801/b7232xo/odoo-210801/addons/stock/wizard/wizard_split_lot_line.py
2026-02-03 09:47:58,737 - Knowledge - INFO - Worker kw13 processing /app/data/T0002/210801/b7232xo/odoo-210801/addons/event_project/__init__.py
2026-02-03 09:47:58,738 - Knowledge - INFO - Fast-tracked /app/data/T0002/210801/b7232xo/odoo-210801/addons/board/wizard/board_wizard.py (small file (3052 bytes))
2026-02-03 09:47:58,746 - Knowledge - INFO - Fast-tracked /app/data/T0002/210801/b7232xo/odoo-210801/addons/account_report/report/accounting_report.py (small file (2210 bytes))
2026-02-03 09:47:58,747 - Knowledge - INFO - Worker kw16 processing /app/data/T0002/210801/b7232xo/odoo-210801/addons/wiki/data/wiki_quality.xml
2026-02-03 09:47:58,751 - Knowledge - INFO - Worker kw19 processing /app/data/T0002/210801/b7232xo/odoo-210801/addons/stock/report/__init__.py
2026-02-03 09:47:58,755 - Knowledge - INFO - Fast-tracked /app/data/T0002/210801/b7232xo/odoo-210801/addons/board_association/board_association_demo.xml (ext=.xml, size=571)
2026-02-03 09:47:58,764 - Knowledge - INFO - Worker kw17 processing /app/data/T0002/210801/b7232xo/odoo-210801/addons/wiki/wiki.py
2026-02-03 09:47:58,771 - Knowledge - INFO - Fast-tracked /app/data/T0002/210801/b7232xo/odoo-210801/addons/stock/security/stock_security.xml (ext=.xml, size=631)
2026-02-03 09:47:58,772 - Knowledge - INFO - Worker kw20 processing /app/data/T0002/210801/b7232xo/odoo-210801/addons/stock/wizard/wizard_partial_picking.py
2026-02-03 09:47:58,773 - Knowledge - INFO - Fast-tracked /app/data/T0002/210801/b7232xo/odoo-210801/addons/event_project/__init__.py (ext=.py, size=1084)
2026-02-03 09:47:58,773 - Knowledge - INFO - Fast-tracked /app/data/T0002/210801/b7232xo/odoo-210801/addons/delivery/partner_view.xml (ext=.xml, size=760)
2026-02-03 09:47:58,774 - Knowledge - INFO - Worker kw13 processing /app/data/T0002/210801/b7232xo/odoo-210801/addons/account_analytic_analysis/__terp__.py
2026-02-03 09:47:58,783 - Knowledge - INFO - Fast-tracked /app/data/T0002/210801/b7232xo/odoo-210801/addons/wiki/data/wiki_quality.xml (ext=.xml, size=39)
2026-02-03 09:47:58,788 - Knowledge - INFO - Fast-tracked /app/data/T0002/210801/b7232xo/odoo-210801/addons/account_report/wizard/wizard_print_indicators.py (small file (2956 bytes))
2026-02-03 09:47:58,789 - Knowledge - INFO - Fast-tracked /app/data/T0002/210801/b7232xo/odoo-210801/addons/stock/report/__init__.py (ext=.py, size=1191)
2026-02-03 09:47:58,790 - Knowledge - INFO - Worker kw14 processing /app/data/T0002/210801/b7232xo/odoo-210801/addons/profile_manufacturing/__terp__.py
2026-02-03 09:47:58,792 - Knowledge - INFO - Worker kw17 processing /app/data/T0002/210801/b7232xo/odoo-210801/addons/wiki/__init__.py
2026-02-03 09:47:58,796 - Knowledge - INFO - Worker kw18 processing /app/data/T0002/210801/b7232xo/odoo-210801/addons/stock/product.py
2026-02-03 09:47:58,801 - Knowledge - INFO - Fast-tracked /app/data/T0002/210801/b7232xo/odoo-210801/addons/project_retro_planning/project_retro_planning.py (small file (2458 bytes))
2026-02-03 09:47:58,802 - Knowledge - INFO - Worker kw20 processing /app/data/T0002/210801/b7232xo/odoo-210801/addons/stock/wizard/inventory_merge.py
2026-02-03 09:47:58,826 - Knowledge - INFO - Worker kw15 processing /app/data/T0002/210801/b7232xo/odoo-210801/addons/delivery/delivery_view.xml
2026-02-03 09:47:58,832 - Knowledge - INFO - Fast-tracked /app/data/T0002/210801/b7232xo/odoo-210801/addons/account_analytic_analysis/__terp__.py (ext=.py, size=1867)
2026-02-03 09:47:58,847 - Knowledge - INFO - Worker kw16 processing /app/data/T0002/210801/b7232xo/odoo-210801/addons/wiki/data/wiki_help.xml
2026-02-03 09:47:58,850 - Knowledge - INFO - Fast-tracked /app/data/T0002/210801/b7232xo/odoo-210801/addons/base_module_quality/__terp__.py (small file (2048 bytes))
2026-02-03 09:47:58,863 - Knowledge - INFO - Worker kw19 processing /app/data/T0002/210801/b7232xo/odoo-210801/addons/stock/report/ups.py
2026-02-03 09:47:58,873 - Knowledge - INFO - Fast-tracked /app/data/T0002/210801/b7232xo/odoo-210801/addons/profile_manufacturing/__terp__.py (ext=.py, size=1534)
2026-02-03 09:47:58,875 - Knowledge - INFO - Fast-tracked /app/data/T0002/210801/b7232xo/odoo-210801/addons/wiki/__init__.py (ext=.py, size=94)
2026-02-03 09:47:58,877 - Knowledge - INFO - Worker kw18 processing /app/data/T0002/210801/b7232xo/odoo-210801/addons/stock/report/lot_overview_all.py
2026-02-03 09:47:58,923 - Knowledge - INFO - Fast-tracked /app/data/T0002/210801/b7232xo/odoo-210801/addons/delivery/delivery_view.xml (ext=.xml, size=9805)
2026-02-03 09:47:58,926 - Knowledge - INFO - Worker kw20 processing /app/data/T0002/210801/b7232xo/odoo-210801/addons/stock/wizard/wizard_invoice_onshipping.py
2026-02-03 09:47:58,932 - Knowledge - INFO - Fast-tracked /app/data/T0002/210801/b7232xo/odoo-210801/addons/wiki/data/wiki_help.xml (ext=.xml, size=39)
2026-02-03 09:47:58,935 - Knowledge - INFO - Fast-tracked /app/data/T0002/210801/b7232xo/odoo-210801/addons/event_project/wizard/project_wizard.py (small file (2595 bytes))
2026-02-03 09:47:58,942 - Knowledge - INFO - Fast-tracked /app/data/T0002/210801/b7232xo/odoo-210801/addons/stock/report/ups.py (ext=.py, size=1549)
2026-02-03 09:47:58,943 - Knowledge - INFO - Worker kw14 processing /app/data/T0002/210801/b7232xo/odoo-210801/addons/profile_manufacturing/profile_manufacturing.xml
2026-02-03 09:47:58,949 - Knowledge - INFO - Fast-tracked /app/data/T0002/210801/b7232xo/odoo-210801/addons/base_module_quality/wizard/module_quality_check.py (small file (2323 bytes))
2026-02-03 09:47:58,951 - Knowledge - INFO - Worker kw18 processing /app/data/T0002/210801/b7232xo/odoo-210801/addons/stock/report/picking.py
2026-02-03 09:47:58,951 - Knowledge - INFO - Worker kw15 processing /app/data/T0002/210801/b7232xo/odoo-210801/addons/delivery/partner.py
2026-02-03 09:47:58,952 - Knowledge - INFO - Fast-tracked /app/data/T0002/210801/b7232xo/odoo-210801/addons/wiki/wizard/show_diff.py (small file (2060 bytes))
2026-02-03 09:47:58,953 - Knowledge - INFO - Worker kw16 processing /app/data/T0002/210801/b7232xo/odoo-210801/addons/wiki/data/wiki_main.xml
2026-02-03 09:47:58,953 - Knowledge - INFO - Worker kw20 processing /app/data/T0002/210801/b7232xo/odoo-210801/addons/stock/wizard/wizard_picking_make.py
2026-02-03 09:47:58,955 - Knowledge - INFO - Fast-tracked /app/data/T0002/210801/b7232xo/odoo-210801/addons/wiki/data/wiki_main.xml (ext=.xml, size=1519)
2026-02-03 09:47:58,955 - Knowledge - INFO - Worker kw19 processing /app/data/T0002/210801/b7232xo/odoo-210801/addons/stock/stock_data.xml
2026-02-03 09:47:58,956 - Knowledge - INFO - Fast-tracked /app/data/T0002/210801/b7232xo/odoo-210801/addons/profile_manufacturing/profile_manufacturing.xml (ext=.xml, size=2675)
2026-02-03 09:47:58,968 - Knowledge - INFO - Fast-tracked /app/data/T0002/210801/b7232xo/odoo-210801/addons/stock/report/picking.py (ext=.py, size=1478)
2026-02-03 09:47:58,968 - Knowledge - INFO - Fast-tracked /app/data/T0002/210801/b7232xo/odoo-210801/addons/base_module_quality/wizard/quality_save_report.py (small file (2154 bytes))
2026-02-03 09:47:58,974 - Knowledge - INFO - Fast-tracked /app/data/T0002/210801/b7232xo/odoo-210801/addons/delivery/partner.py (ext=.py, size=1504)
2026-02-03 09:47:58,980 - Knowledge - INFO - Fast-tracked /app/data/T0002/210801/b7232xo/odoo-210801/addons/stock/stock_data.xml (ext=.xml, size=6011)
2026-02-03 09:47:58,981 - Knowledge - INFO - Fast-tracked /app/data/T0002/210801/b7232xo/odoo-210801/addons/event_project/wizard/event_task.py (small file (2048 bytes))
2026-02-03 09:47:58,982 - Knowledge - INFO - Worker kw18 processing /app/data/T0002/210801/b7232xo/odoo-210801/addons/stock/report/stock_graph.py
2026-02-03 09:47:59,030 - Knowledge - INFO - Fast-tracked /app/data/T0002/210801/b7232xo/odoo-210801/addons/wiki/wizard/open_page.py (small file (2471 bytes))
2026-02-03 09:47:59,046 - Knowledge - INFO - Worker kw19 processing /app/data/T0002/210801/b7232xo/odoo-210801/addons/stock/product_view.xml
2026-02-03 09:47:59,070 - Knowledge - INFO - Fast-tracked /app/data/T0002/210801/b7232xo/odoo-210801/addons/event_project/event.py (small file (2665 bytes))
2026-02-03 09:47:59,072 - Knowledge - INFO - Fast-tracked /app/data/T0002/210801/b7232xo/odoo-210801/addons/stock/product_view.xml (ext=.xml, size=5128)
2026-02-03 09:47:59,078 - Knowledge - INFO - Fast-tracked /app/data/T0002/210801/b7232xo/odoo-210801/addons/stock/__terp__.py (small file (2485 bytes))
2026-02-03 09:47:59,091 - Knowledge - INFO - Fast-tracked /app/data/T0002/210801/b7232xo/odoo-210801/addons/stock/report/lot_overview.py (small file (2259 bytes))
2026-02-03 09:47:59,097 - Knowledge - INFO - Fast-tracked /app/data/T0002/210801/b7232xo/odoo-210801/addons/wiki/wizard/create_menu.py (small file (2973 bytes))
2026-02-03 09:47:59,101 - Knowledge - INFO - Fast-tracked /app/data/T0002/210801/b7232xo/odoo-210801/addons/stock/report/lot_location.py (small file (2013 bytes))
2026-02-03 09:47:59,101 - Knowledge - INFO - Fast-tracked /app/data/T0002/210801/b7232xo/odoo-210801/addons/stock/wizard/wizard_location_product.py (small file (2711 bytes))
2026-02-03 09:47:59,165 - Knowledge - INFO - Fast-tracked /app/data/T0002/210801/b7232xo/odoo-210801/addons/delivery/sale.py (small file (2196 bytes))
2026-02-03 09:47:59,183 - Knowledge - INFO - Fast-tracked /app/data/T0002/210801/b7232xo/odoo-210801/addons/stock/report/lot_overview_all.py (small file (2283 bytes))
2026-02-03 09:47:59,407 - Knowledge - INFO - Fast-tracked /app/data/T0002/210801/b7232xo/odoo-210801/addons/stock/wizard/wizard_picking_make.py (small file (2885 bytes))
2026-02-03 09:47:59,419 - Knowledge - INFO - Processing batch of 10 files
2026-02-03 09:47:59,423 - Knowledge - INFO - process ingested knowledge for /app/data/T0002/210801/b7232xo/odoo-210801/addons/account_report/account_report.xml
2026-02-03 09:47:59,424 - Knowledge - INFO - process ingested knowledge for /app/data/T0002/210801/b7232xo/odoo-210801/addons/event_project/__terp__.py
2026-02-03 09:47:59,425 - Knowledge - INFO - process ingested knowledge for /app/data/T0002/210801/b7232xo/odoo-210801/addons/event_project/wizard/project_wizard.py
2026-02-03 09:47:59,425 - Knowledge - INFO - process ingested knowledge for /app/data/T0002/210801/b7232xo/odoo-210801/addons/event_project/wizard/event_task.py
2026-02-03 09:47:59,437 - Knowledge - INFO - process ingested knowledge for /app/data/T0002/210801/b7232xo/odoo-210801/addons/event_project/wizard/__init__.py
2026-02-03 09:47:59,438 - Knowledge - INFO - process ingested knowledge for /app/data/T0002/210801/b7232xo/odoo-210801/addons/event_project/event_wizard.xml
2026-02-03 09:47:59,447 - Knowledge - INFO - process ingested knowledge for /app/data/T0002/210801/b7232xo/odoo-210801/addons/event_project/event.py
2026-02-03 09:47:59,459 - Knowledge - INFO - process ingested knowledge for /app/data/T0002/210801/b7232xo/odoo-210801/addons/event_project/event_view.xml
2026-02-03 09:47:59,460 - Knowledge - INFO - process ingested knowledge for /app/data/T0002/210801/b7232xo/odoo-210801/addons/event_project/__init__.py
2026-02-03 09:47:59,460 - Knowledge - INFO - process ingested knowledge for /app/data/T0002/210801/b7232xo/odoo-210801/addons/account_analytic_analysis/__terp__.py
2026-02-03 09:48:09,857 - Knowledge - INFO - [WEBSOCKET] Sent: Type=progress_update, Size: 292, Duration: 0ms
2026-02-03 09:48:09,928 - Knowledge - INFO - [WEBSOCKET] Sent: Type=unknown, Size: ?, Duration: 71ms
2026-02-03 09:48:09,929 - Knowledge - INFO - Progress: 0.8% | Files: 10/1263 | Rate: 0.55 files/sec | Queue: 1063
2026-02-03 09:48:09,964 - Knowledge - INFO - [kw13] Queue=1063, InProgress=0, PendingWorkers=20/20, Completed=10/1263 (0.8%)
2026-02-03 09:48:10,036 - Knowledge - INFO - Batch sizing: calculated=10, max_allowed=10, queue=1063, active_workers=20/20
2026-02-03 09:48:10,077 - Knowledge - INFO - Async storing batch of 10 embeddings
2026-02-03 09:48:10,240 - Knowledge - INFO - Worker kw13 processing /app/data/T0002/210801/b7232xo/odoo-210801/addons/stock/wizard/wizard_inventory.py
2026-02-03 09:48:10,529 - Knowledge - INFO - Worker kw13 processing /app/data/T0002/210801/b7232xo/odoo-210801/addons/stock/wizard/wizard_track_line.py
2026-02-03 09:48:10,708 - Knowledge - INFO - Worker kw13 processing /app/data/T0002/210801/b7232xo/odoo-210801/addons/stock/wizard/inventory_merge_zero.py
2026-02-03 09:48:10,765 - Knowledge - INFO - Worker kw13 processing /app/data/T0002/210801/b7232xo/odoo-210801/addons/stock/wizard/stock_traceability.py
2026-02-03 09:48:10,952 - Knowledge - INFO - Worker kw13 processing /app/data/T0002/210801/b7232xo/odoo-210801/addons/stock/wizard/wizard_replacement.py
2026-02-03 09:48:11,108 - Knowledge - INFO - Worker kw13 processing /app/data/T0002/210801/b7232xo/odoo-210801/addons/stock/wizard/__init__.py
2026-02-03 09:48:11,262 - Knowledge - INFO - Fast-tracked /app/data/T0002/210801/b7232xo/odoo-210801/addons/stock/wizard/__init__.py (ext=.py, size=1399)
2026-02-03 09:48:11,365 - Knowledge - INFO - Worker kw13 processing /app/data/T0002/210801/b7232xo/odoo-210801/addons/stock/wizard/wizard_return.py
2026-02-03 09:48:11,687 - Knowledge - INFO - Worker kw13 processing /app/data/T0002/210801/b7232xo/odoo-210801/addons/stock/wizard/wizard_ups.py
2026-02-03 09:48:12,286 - Knowledge - INFO - Worker kw13 processing /app/data/T0002/210801/b7232xo/odoo-210801/addons/stock/product_data.xml
2026-02-03 09:48:12,501 - Knowledge - INFO - Fast-tracked /app/data/T0002/210801/b7232xo/odoo-210801/addons/stock/product_data.xml (ext=.xml, size=2191)
2026-02-03 09:48:12,507 - Knowledge - INFO - Worker kw13 processing /app/data/T0002/210801/b7232xo/odoo-210801/addons/stock/partner_view.xml
2026-02-03 09:48:12,540 - Knowledge - INFO - Fast-tracked /app/data/T0002/210801/b7232xo/odoo-210801/addons/stock/partner_view.xml (ext=.xml, size=814)
2026-02-03 09:48:12,572 - Knowledge - INFO - Async storage completed for 10 embeddings
2026-02-03 09:48:14,928 - Knowledge - INFO - Fast-tracked /app/data/T0002/210801/b7232xo/odoo-210801/addons/stock/wizard/stock_traceability.py (small file (3045 bytes))
2026-02-03 09:48:15,169 - Knowledge - INFO - Fast-tracked /app/data/T0002/210801/b7232xo/odoo-210801/addons/stock/wizard/wizard_replacement.py (small file (2251 bytes))
2026-02-03 09:48:15,872 - Knowledge - INFO - Fast-tracked /app/data/T0002/210801/b7232xo/odoo-210801/addons/stock/wizard/wizard_ups.py (small file (3045 bytes))
2026-02-03 09:48:17,390 - Knowledge - INFO - [LLM_CALL] Completed: make_index.py:chunk1, Duration: 18412ms, PromptTokens: 2324, CompletionTokens: 266, Cost: $0.00034
2026-02-03 09:48:17,396 - Knowledge - INFO - done ingest for /app/data/T0002/210801/b7232xo/odoo-210801/addons/wiki/wizard/make_index.py
2026-02-03 09:48:25,149 - Knowledge - INFO - [LLM_CALL] Completed: board.py:chunk1, Duration: 26292ms, PromptTokens: 3644, CompletionTokens: 487, Cost: $0.00056
2026-02-03 09:48:25,564 - Knowledge - INFO - done ingest for /app/data/T0002/210801/b7232xo/odoo-210801/addons/board/board.py
2026-02-03 09:48:26,656 - Knowledge - INFO - [LLM_CALL] Completed: open_voucher.py:chunk1, Duration: 27968ms, PromptTokens: 2858, CompletionTokens: 279, Cost: $0.00040
2026-02-03 09:48:26,730 - Knowledge - INFO - done ingest for /app/data/T0002/210801/b7232xo/odoo-210801/addons/account_voucher/wizard/open_voucher.py
2026-02-03 09:48:27,266 - Knowledge - INFO - [LLM_CALL] Completed: bymonth.py:chunk1, Duration: 29032ms, PromptTokens: 2786, CompletionTokens: 289, Cost: $0.00039
2026-02-03 09:48:27,341 - Knowledge - INFO - done ingest for /app/data/T0002/210801/b7232xo/odoo-210801/addons/hr_attendance/report/bymonth.py
2026-02-03 09:48:29,747 - Knowledge - INFO - [LLM_CALL] Completed: hr_attendance.py:chunk1, Duration: 31268ms, PromptTokens: 3944, CompletionTokens: 557, Cost: $0.00062
2026-02-03 09:48:29,847 - Knowledge - INFO - done ingest for /app/data/T0002/210801/b7232xo/odoo-210801/addons/hr_attendance/hr_attendance.py
2026-02-03 09:48:31,256 - Knowledge - INFO - Processing batch of 10 files
2026-02-03 09:48:31,262 - Knowledge - INFO - process ingested knowledge for /app/data/T0002/210801/b7232xo/odoo-210801/addons/account_voucher/voucher_wizard.xml
2026-02-03 09:48:31,262 - Knowledge - INFO - process ingested knowledge for /app/data/T0002/210801/b7232xo/odoo-210801/addons/account_voucher/__init__.py
2026-02-03 09:48:31,298 - Knowledge - INFO - process ingested knowledge for /app/data/T0002/210801/b7232xo/odoo-210801/addons/account_voucher/account_report.xml
2026-02-03 09:48:31,298 - Knowledge - INFO - process ingested knowledge for /app/data/T0002/210801/b7232xo/odoo-210801/addons/board/__terp__.py
2026-02-03 09:48:31,299 - Knowledge - INFO - process ingested knowledge for /app/data/T0002/210801/b7232xo/odoo-210801/addons/board/wizard/__init__.py
2026-02-03 09:48:31,299 - Knowledge - INFO - process ingested knowledge for /app/data/T0002/210801/b7232xo/odoo-210801/addons/board/wizard/board_wizard.py
2026-02-03 09:48:31,342 - Knowledge - INFO - process ingested knowledge for /app/data/T0002/210801/b7232xo/odoo-210801/addons/board/board_view.xml
2026-02-03 09:48:31,342 - Knowledge - INFO - process ingested knowledge for /app/data/T0002/210801/b7232xo/odoo-210801/addons/board/__init__.py
2026-02-03 09:48:31,343 - Knowledge - INFO - process ingested knowledge for /app/data/T0002/210801/b7232xo/odoo-210801/addons/board/board.py
2026-02-03 09:48:31,343 - Knowledge - INFO - process ingested knowledge for /app/data/T0002/210801/b7232xo/odoo-210801/addons/base_module_quality/speed_test/__init__.py
2026-02-03 09:48:31,783 - Knowledge - INFO - [LLM_CALL] Completed: profile_manufacturing.py:chunk1, Duration: 32706ms, PromptTokens: 3154, CompletionTokens: 277, Cost: $0.00043
2026-02-03 09:48:31,833 - Knowledge - INFO - done ingest for /app/data/T0002/210801/b7232xo/odoo-210801/addons/profile_manufacturing/profile_manufacturing.py
2026-02-03 09:48:33,258 - Knowledge - INFO - [LLM_CALL] Completed: attendance_errors.py:chunk1, Duration: 35003ms, PromptTokens: 2806, CompletionTokens: 394, Cost: $0.00044
2026-02-03 09:48:33,282 - Knowledge - INFO - done ingest for /app/data/T0002/210801/b7232xo/odoo-210801/addons/hr_attendance/report/attendance_errors.py
2026-02-03 09:48:34,663 - Knowledge - INFO - [LLM_CALL] Completed: stock_by_location.py:chunk1, Duration: 35489ms, PromptTokens: 2458, CompletionTokens: 335, Cost: $0.00038
2026-02-03 09:48:34,664 - Knowledge - INFO - done ingest for /app/data/T0002/210801/b7232xo/odoo-210801/addons/stock/report/stock_by_location.py
2026-02-03 09:48:35,602 - Knowledge - INFO - [LLM_CALL] Completed: delivery_sale_order.py:chunk1, Duration: 36356ms, PromptTokens: 2696, CompletionTokens: 407, Cost: $0.00043
2026-02-03 09:48:35,603 - Knowledge - INFO - done ingest for /app/data/T0002/210801/b7232xo/odoo-210801/addons/delivery/wizard/delivery_sale_order.py
2026-02-03 09:48:35,676 - Knowledge - INFO - Processing batch of 10 files
2026-02-03 09:48:35,861 - Knowledge - INFO - process ingested knowledge for /app/data/T0002/210801/b7232xo/odoo-210801/addons/hr_attendance/hr_attendance_demo.xml
2026-02-03 09:48:36,528 - Knowledge - INFO - process ingested knowledge for /app/data/T0002/210801/b7232xo/odoo-210801/addons/hr_attendance/__init__.py
2026-02-03 09:48:36,660 - Knowledge - INFO - process ingested knowledge for /app/data/T0002/210801/b7232xo/odoo-210801/addons/hr_attendance/hr_attendance.py
2026-02-03 09:48:36,661 - Knowledge - INFO - process ingested knowledge for /app/data/T0002/210801/b7232xo/odoo-210801/addons/hr_attendance/hr_attendance_wizard.xml
2026-02-03 09:48:36,661 - Knowledge - INFO - process ingested knowledge for /app/data/T0002/210801/b7232xo/odoo-210801/addons/report_analytic/__terp__.py
2026-02-03 09:48:36,661 - Knowledge - INFO - process ingested knowledge for /app/data/T0002/210801/b7232xo/odoo-210801/addons/report_analytic/report_analytic_view.xml
2026-02-03 09:48:36,756 - Knowledge - INFO - process ingested knowledge for /app/data/T0002/210801/b7232xo/odoo-210801/addons/report_analytic/report_analytic.py
2026-02-03 09:48:36,790 - Knowledge - INFO - process ingested knowledge for /app/data/T0002/210801/b7232xo/odoo-210801/addons/report_analytic/__init__.py
2026-02-03 09:48:36,796 - Knowledge - INFO - process ingested knowledge for /app/data/T0002/210801/b7232xo/odoo-210801/addons/report_sale/report_sale_graph.xml
2026-02-03 09:48:36,796 - Knowledge - INFO - process ingested knowledge for /app/data/T0002/210801/b7232xo/odoo-210801/addons/report_sale/__terp__.py
2026-02-03 09:48:38,270 - Knowledge - INFO - [LLM_CALL] Completed: print_indicator.py:chunk1, Duration: 39594ms, PromptTokens: 6682, CompletionTokens: 494, Cost: $0.00087
2026-02-03 09:48:38,330 - Knowledge - INFO - done ingest for /app/data/T0002/210801/b7232xo/odoo-210801/addons/account_report/report/print_indicator.py
2026-02-03 09:48:39,142 - Knowledge - INFO - [LLM_CALL] Completed: wiki.py:chunk1, Duration: 39991ms, PromptTokens: 4192, CompletionTokens: 532, Cost: $0.00063
2026-02-03 09:48:39,210 - Knowledge - INFO - done ingest for /app/data/T0002/210801/b7232xo/odoo-210801/addons/wiki/wiki.py
2026-02-03 09:48:39,797 - Knowledge - INFO - [LLM_CALL] Completed: product.py:chunk1, Duration: 40696ms, PromptTokens: 6832, CompletionTokens: 445, Cost: $0.00086
2026-02-03 09:48:39,797 - Knowledge - INFO - done ingest for /app/data/T0002/210801/b7232xo/odoo-210801/addons/stock/product.py
2026-02-03 09:48:40,938 - Knowledge - INFO - [LLM_CALL] Completed: product_stock.py:chunk1, Duration: 41671ms, PromptTokens: 2974, CompletionTokens: 510, Cost: $0.00050
2026-02-03 09:48:41,005 - Knowledge - INFO - done ingest for /app/data/T0002/210801/b7232xo/odoo-210801/addons/stock/report/product_stock.py
2026-02-03 09:48:42,204 - Knowledge - INFO - [LLM_CALL] Completed: sign_in_out.py:chunk1, Duration: 43779ms, PromptTokens: 5180, CompletionTokens: 409, Cost: $0.00068
2026-02-03 09:48:42,277 - Knowledge - INFO - done ingest for /app/data/T0002/210801/b7232xo/odoo-210801/addons/hr_attendance/wizard/sign_in_out.py
2026-02-03 09:48:43,529 - Knowledge - INFO - Processing batch of 10 files
2026-02-03 09:48:43,830 - Knowledge - INFO - process ingested knowledge for /app/data/T0002/210801/b7232xo/odoo-210801/doc/tests/check_profile_l10n_all.py
2026-02-03 09:48:44,036 - Knowledge - INFO - [LLM_CALL] Completed: wizard_print_indicators_with_pdf.py:chunk1, Duration: 45161ms, PromptTokens: 2486, CompletionTokens: 414, Cost: $0.00041
2026-02-03 09:48:44,103 - Knowledge - INFO - done ingest for /app/data/T0002/210801/b7232xo/odoo-210801/addons/account_report/wizard/wizard_print_indicators_with_pdf.py
2026-02-03 09:48:44,283 - Knowledge - INFO - [LLM_CALL] Completed: print_attendance_error.py:chunk1, Duration: 45834ms, PromptTokens: 2398, CompletionTokens: 255, Cost: $0.00034
2026-02-03 09:48:44,284 - Knowledge - INFO - done ingest for /app/data/T0002/210801/b7232xo/odoo-210801/addons/hr_attendance/wizard/print_attendance_error.py
2026-02-03 09:48:44,388 - Knowledge - INFO - [LLM_CALL] Completed: stock.py:chunk1, Duration: 45364ms, PromptTokens: 3504, CompletionTokens: 434, Cost: $0.00052
2026-02-03 09:48:44,389 - Knowledge - INFO - done ingest for /app/data/T0002/210801/b7232xo/odoo-210801/addons/delivery/stock.py
2026-02-03 09:48:45,330 - Knowledge - INFO - [LLM_CALL] Completed: stock_graph.py:chunk1, Duration: 46082ms, PromptTokens: 2970, CompletionTokens: 387, Cost: $0.00045
2026-02-03 09:48:45,330 - Knowledge - INFO - done ingest for /app/data/T0002/210801/b7232xo/odoo-210801/addons/stock/report/stock_graph.py
2026-02-03 09:48:45,407 - Knowledge - INFO - process ingested knowledge for /app/data/T0002/210801/b7232xo/odoo-210801/rpminstall_sh.txt
2026-02-03 09:48:46,344 - Knowledge - INFO - [LLM_CALL] Completed: delivery.py:chunk1, Duration: 47242ms, PromptTokens: 4068, CompletionTokens: 483, Cost: $0.00060
2026-02-03 09:48:46,438 - Knowledge - INFO - done ingest for /app/data/T0002/210801/b7232xo/odoo-210801/addons/delivery/delivery.py
2026-02-03 09:48:46,581 - Knowledge - INFO - [LLM_CALL] Completed: timesheet.py:chunk1, Duration: 48335ms, PromptTokens: 3520, CompletionTokens: 313, Cost: $0.00048
2026-02-03 09:48:46,587 - Knowledge - INFO - done ingest for /app/data/T0002/210801/b7232xo/odoo-210801/addons/hr_attendance/report/timesheet.py
2026-02-03 09:48:47,370 - Knowledge - INFO - process ingested knowledge for /app/data/T0002/210801/b7232xo/odoo-210801/addons/board_crm_configuration/board_crm_demo.xml
2026-02-03 09:48:47,461 - Knowledge - INFO - [LLM_CALL] Completed: wizard_purchase_line_invoice.py:chunk1, Duration: 48809ms, PromptTokens: 3754, CompletionTokens: 329, Cost: $0.00051
2026-02-03 09:48:47,480 - Knowledge - INFO - done ingest for /app/data/T0002/210801/b7232xo/odoo-210801/addons/purchase_manual/wizard/wizard_purchase_line_invoice.py
2026-02-03 09:48:47,575 - Knowledge - INFO - process ingested knowledge for /app/data/T0002/210801/b7232xo/odoo-210801/addons/board_crm_configuration/board_crm_view.xml
2026-02-03 09:48:50,287 - Knowledge - INFO - process ingested knowledge for /app/data/T0002/210801/b7232xo/odoo-210801/addons/board_crm_configuration/board_crm_statistical_view.xml
2026-02-03 09:48:51,028 - Knowledge - INFO - process ingested knowledge for /app/data/T0002/210801/b7232xo/odoo-210801/addons/board_crm_configuration/__terp__.py
2026-02-03 09:48:51,390 - Knowledge - INFO - [LLM_CALL] Completed: account_analytic_analysis.py:chunk1, Duration: 52356ms, PromptTokens: 18966, CompletionTokens: 1041, Cost: $0.00231
2026-02-03 09:48:51,451 - Knowledge - INFO - done ingest for /app/data/T0002/210801/b7232xo/odoo-210801/addons/account_analytic_analysis/account_analytic_analysis.py
2026-02-03 09:48:51,711 - Knowledge - INFO - [LLM_CALL] Completed: object_test.py:chunk1, Duration: 52936ms, PromptTokens: 5452, CompletionTokens: 497, Cost: $0.00074
2026-02-03 09:48:51,951 - Knowledge - INFO - done ingest for /app/data/T0002/210801/b7232xo/odoo-210801/addons/base_module_quality/object_test/object_test.py
2026-02-03 09:48:52,440 - Knowledge - INFO - process ingested knowledge for /app/data/T0002/210801/b7232xo/odoo-210801/addons/board_crm_configuration/__init__.py
2026-02-03 09:48:52,582 - Knowledge - INFO - Processing batch of 10 files
2026-02-03 09:48:52,649 - Knowledge - INFO - process ingested knowledge for /app/data/T0002/210801/b7232xo/odoo-210801/addons/profile_manufacturing/profile_manufacturing.py
2026-02-03 09:48:53,545 - Knowledge - INFO - [LLM_CALL] Completed: pylint_test.py:chunk1, Duration: 54997ms, PromptTokens: 3556, CompletionTokens: 417, Cost: $0.00052
2026-02-03 09:48:53,656 - Knowledge - INFO - done ingest for /app/data/T0002/210801/b7232xo/odoo-210801/addons/base_module_quality/pylint_test/pylint_test.py
2026-02-03 09:48:54,370 - Knowledge - INFO - [LLM_CALL] Completed: workflow_test.py:chunk1, Duration: 55700ms, PromptTokens: 4226, CompletionTokens: 556, Cost: $0.00064
2026-02-03 09:48:54,375 - Knowledge - INFO - done ingest for /app/data/T0002/210801/b7232xo/odoo-210801/addons/base_module_quality/workflow_test/workflow_test.py
2026-02-03 09:48:54,750 - Knowledge - INFO - process ingested knowledge for /app/data/T0002/210801/b7232xo/odoo-210801/addons/hr_attendance/security/hr_security.xml
2026-02-03 09:48:55,714 - Knowledge - INFO - [LLM_CALL] Completed: wizard_split_lot_line.py:chunk1, Duration: 56469ms, PromptTokens: 2414, CompletionTokens: 318, Cost: $0.00037
2026-02-03 09:48:55,736 - Knowledge - INFO - done ingest for /app/data/T0002/210801/b7232xo/odoo-210801/addons/stock/wizard/wizard_split_lot_line.py
2026-02-03 09:48:55,755 - Knowledge - INFO - process ingested knowledge for /app/data/T0002/210801/b7232xo/odoo-210801/addons/hr_attendance/report/bymonth.py
2026-02-03 09:48:56,142 - Knowledge - INFO - process ingested knowledge for /app/data/T0002/210801/b7232xo/odoo-210801/addons/hr_attendance/report/attendance_errors.py
2026-02-03 09:48:56,631 - Knowledge - INFO - [LLM_CALL] Completed: voucher.py:chunk1, Duration: 57806ms, PromptTokens: 13950, CompletionTokens: 1049, Cost: $0.00181
2026-02-03 09:48:56,643 - Knowledge - INFO - done ingest for /app/data/T0002/210801/b7232xo/odoo-210801/addons/account_voucher/voucher.py
2026-02-03 09:48:57,886 - Knowledge - INFO - Processing batch of 10 files
2026-02-03 09:48:57,887 - Knowledge - INFO - process ingested knowledge for /app/data/T0002/210801/b7232xo/odoo-210801/addons/delivery/delivery_wizard.xml
2026-02-03 09:48:57,893 - Knowledge - INFO - process ingested knowledge for /app/data/T0002/210801/b7232xo/odoo-210801/addons/profile_manufacturing/__init__.py
2026-02-03 09:48:58,457 - Knowledge - INFO - [LLM_CALL] Completed: report_stock.py:chunk1, Duration: 59467ms, PromptTokens: 2298, CompletionTokens: 289, Cost: $0.00035
2026-02-03 09:48:58,488 - Knowledge - INFO - done ingest for /app/data/T0002/210801/b7232xo/odoo-210801/addons/stock/report_stock.py
2026-02-03 09:48:58,695 - Knowledge - INFO - process ingested knowledge for /app/data/T0002/210801/b7232xo/odoo-210801/addons/delivery/stock.py
2026-02-03 09:48:58,735 - Knowledge - INFO - [WEBSOCKET] Sent: Type=progress_update, Size: 294, Duration: 0ms
2026-02-03 09:48:58,952 - Knowledge - INFO - Processing batch of 10 files
2026-02-03 09:48:58,956 - Knowledge - INFO - [WEBSOCKET] Sent: Type=unknown, Size: ?, Duration: 221ms
2026-02-03 09:48:58,962 - Knowledge - INFO - process ingested knowledge for /app/data/T0002/210801/b7232xo/odoo-210801/addons/stock/report/lot_overview.py
2026-02-03 09:48:59,095 - Knowledge - INFO - Progress: 8.5% | Files: 110/1263 | Rate: 1.65 files/sec | Queue: 1053
2026-02-03 09:48:59,135 - Knowledge - INFO - [LLM_CALL] Completed: account.py:chunk1, Duration: 60180ms, PromptTokens: 5842, CompletionTokens: 476, Cost: $0.00077
2026-02-03 09:48:59,242 - Knowledge - INFO - done ingest for /app/data/T0002/210801/b7232xo/odoo-210801/addons/account_report/account.py
2026-02-03 09:48:59,380 - Knowledge - INFO - process ingested knowledge for /app/data/T0002/210801/b7232xo/odoo-210801/addons/delivery/delivery_data.xml
2026-02-03 09:49:00,247 - Knowledge - INFO - process ingested knowledge for /app/data/T0002/210801/b7232xo/odoo-210801/addons/stock/report/lot_location.py
2026-02-03 09:49:00,301 - Knowledge - INFO - process ingested knowledge for /app/data/T0002/210801/b7232xo/odoo-210801/addons/delivery/delivery.py
2026-02-03 09:49:00,503 - Knowledge - INFO - [LLM_CALL] Completed: wizard_track_line.py:chunk1, Duration: 46760ms, PromptTokens: 3336, CompletionTokens: 354, Cost: $0.00048
2026-02-03 09:49:00,503 - Knowledge - INFO - done ingest for /app/data/T0002/210801/b7232xo/odoo-210801/addons/stock/wizard/wizard_track_line.py
2026-02-03 09:49:00,694 - Knowledge - INFO - Processing batch of 10 files
2026-02-03 09:49:00,732 - Knowledge - INFO - process ingested knowledge for /app/data/T0002/210801/b7232xo/odoo-210801/addons/account_report/account_wizard.xml
2026-02-03 09:49:00,872 - Knowledge - INFO - Processing batch of 10 files
2026-02-03 09:49:00,893 - Knowledge - INFO - process ingested knowledge for /app/data/T0002/210801/b7232xo/odoo-210801/addons/wiki/__terp__.py
2026-02-03 09:49:00,962 - Knowledge - INFO - [LLM_CALL] Completed: purchase_manual.py:chunk1, Duration: 62215ms, PromptTokens: 2380, CompletionTokens: 437, Cost: $0.00041
2026-02-03 09:49:00,962 - Knowledge - INFO - done ingest for /app/data/T0002/210801/b7232xo/odoo-210801/addons/purchase_manual/purchase_manual.py
2026-02-03 09:49:01,261 - Knowledge - INFO - [kw8] Queue=1053, InProgress=0, PendingWorkers=20/20, Completed=117/1263 (9.3%)
2026-02-03 09:49:01,261 - Knowledge - INFO - Batch sizing: calculated=10, max_allowed=10, queue=1053, active_workers=20/20
2026-02-03 09:49:01,262 - Knowledge - INFO - process ingested knowledge for /app/data/T0002/210801/b7232xo/odoo-210801/addons/stock/report/stock_by_location.py
2026-02-03 09:49:01,329 - Knowledge - INFO - process ingested knowledge for /app/data/T0002/210801/b7232xo/odoo-210801/addons/delivery/delivery_demo.xml
2026-02-03 09:49:01,453 - Knowledge - INFO - process ingested knowledge for /app/data/T0002/210801/b7232xo/odoo-210801/addons/account_report/report/print_indicator.py
2026-02-03 09:49:01,679 - Knowledge - INFO - Processing batch of 10 files
2026-02-03 09:49:01,690 - Knowledge - INFO - process ingested knowledge for /app/data/T0002/210801/b7232xo/odoo-210801/addons/board_account/__terp__.py
2026-02-03 09:49:02,159 - Knowledge - INFO - Async storing batch of 10 embeddings
2026-02-03 09:49:02,165 - Knowledge - INFO - Worker kw8 processing /app/data/T0002/210801/b7232xo/odoo-210801/addons/stock/stock_view.xml
2026-02-03 09:49:02,186 - Knowledge - INFO - process ingested knowledge for /app/data/T0002/210801/b7232xo/odoo-210801/addons/stock/report/lot_move_label.xml
2026-02-03 09:49:02,226 - Knowledge - INFO - process ingested knowledge for /app/data/T0002/210801/b7232xo/odoo-210801/addons/delivery/__init__.py
2026-02-03 09:49:02,249 - Knowledge - INFO - Fast-tracked /app/data/T0002/210801/b7232xo/odoo-210801/addons/stock/stock_view.xml (ext=.xml, size=78385)
2026-02-03 09:49:02,261 - Knowledge - INFO - process ingested knowledge for /app/data/T0002/210801/b7232xo/odoo-210801/addons/delivery/sale.py
2026-02-03 09:49:02,271 - Knowledge - INFO - process ingested knowledge for /app/data/T0002/210801/b7232xo/odoo-210801/addons/account_report/report/accounting_report.py
2026-02-03 09:49:02,341 - Knowledge - INFO - process ingested knowledge for /app/data/T0002/210801/b7232xo/odoo-210801/addons/board_account/board_account_view.xml
2026-02-03 09:49:02,428 - Knowledge - INFO - Worker kw8 processing /app/data/T0002/210801/b7232xo/odoo-210801/addons/stock/stock_workflow.xml
2026-02-03 09:49:02,676 - Knowledge - INFO - [LLM_CALL] Completed: report_receivable.py:chunk1, Duration: 63750ms, PromptTokens: 4734, CompletionTokens: 509, Cost: $0.00068
2026-02-03 09:49:03,047 - Knowledge - INFO - Fast-tracked /app/data/T0002/210801/b7232xo/odoo-210801/addons/stock/stock_workflow.xml (ext=.xml, size=5153)
2026-02-03 09:49:03,058 - Knowledge - INFO - done ingest for /app/data/T0002/210801/b7232xo/odoo-210801/addons/report_account/report_receivable.py
2026-02-03 09:49:03,073 - Knowledge - INFO - process ingested knowledge for /app/data/T0002/210801/b7232xo/odoo-210801/addons/stock/report/product_stock.py
2026-02-03 09:49:03,074 - Knowledge - INFO - Worker kw8 processing /app/data/T0002/210801/b7232xo/odoo-210801/addons/stock/stock_wizard.xml
2026-02-03 09:49:03,158 - Knowledge - INFO - process ingested knowledge for /app/data/T0002/210801/b7232xo/odoo-210801/addons/wiki/wizard/show_diff.py
2026-02-03 09:49:03,186 - Knowledge - INFO - process ingested knowledge for /app/data/T0002/210801/b7232xo/odoo-210801/addons/delivery/__terp__.py
2026-02-03 09:49:03,200 - Knowledge - INFO - process ingested knowledge for /app/data/T0002/210801/b7232xo/odoo-210801/addons/account_report/report/__init__.py
2026-02-03 09:49:03,233 - Knowledge - INFO - Processing batch of 10 files
2026-02-03 09:49:03,239 - Knowledge - INFO - process ingested knowledge for /app/data/T0002/210801/b7232xo/odoo-210801/addons/wiki/data/wiki_faq.xml
2026-02-03 09:49:03,269 - Knowledge - INFO - process ingested knowledge for /app/data/T0002/210801/b7232xo/odoo-210801/addons/stock/report/UPS.xml
2026-02-03 09:49:03,271 - Knowledge - INFO - process ingested knowledge for /app/data/T0002/210801/b7232xo/odoo-210801/addons/board_account/__init__.py
2026-02-03 09:49:03,297 - Knowledge - INFO - Fast-tracked /app/data/T0002/210801/b7232xo/odoo-210801/addons/stock/stock_wizard.xml (ext=.xml, size=1940)
2026-02-03 09:49:03,328 - Knowledge - INFO - [kw4] Queue=1043, InProgress=0, PendingWorkers=20/20, Completed=128/1263 (10.1%)
2026-02-03 09:49:03,445 - Knowledge - INFO - process ingested knowledge for /app/data/T0002/210801/b7232xo/odoo-210801/addons/wiki/wizard/make_index.py
2026-02-03 09:49:03,459 - Knowledge - INFO - process ingested knowledge for /app/data/T0002/210801/b7232xo/odoo-210801/addons/delivery/wizard/delivery_sale_order.py
2026-02-03 09:49:03,472 - Knowledge - INFO - process ingested knowledge for /app/data/T0002/210801/b7232xo/odoo-210801/addons/account_report/account_view.xml
2026-02-03 09:49:03,488 - Knowledge - INFO - process ingested knowledge for /app/data/T0002/210801/b7232xo/odoo-210801/addons/hr_attendance/report/__init__.py
2026-02-03 09:49:03,497 - Knowledge - INFO - [LLM_CALL] Completed: base_module_quality.py:chunk1, Duration: 64923ms, PromptTokens: 5846, CompletionTokens: 656, Cost: $0.00085
2026-02-03 09:49:03,586 - Knowledge - INFO - Worker kw8 processing /app/data/T0002/210801/b7232xo/odoo-210801/addons/stock/partner.py
2026-02-03 09:49:03,632 - Knowledge - INFO - Fast-tracked /app/data/T0002/210801/b7232xo/odoo-210801/addons/stock/partner.py (ext=.py, size=1983)
2026-02-03 09:49:03,664 - Knowledge - INFO - done ingest for /app/data/T0002/210801/b7232xo/odoo-210801/addons/base_module_quality/base_module_quality.py
2026-02-03 09:49:03,747 - Knowledge - INFO - Batch sizing: calculated=10, max_allowed=10, queue=1043, active_workers=20/20
2026-02-03 09:49:03,800 - Knowledge - INFO - Worker kw8 processing /app/data/T0002/210801/b7232xo/odoo-210801/addons/stock/stock.py
2026-02-03 09:49:03,979 - Knowledge - INFO - Worker kw8 processing /app/data/T0002/210801/b7232xo/odoo-210801/addons/stock/stock_sequence.xml
2026-02-03 09:49:04,048 - Knowledge - INFO - Fast-tracked /app/data/T0002/210801/b7232xo/odoo-210801/addons/stock/stock_sequence.xml (ext=.xml, size=1817)
2026-02-03 09:49:04,065 - Knowledge - INFO - Worker kw8 processing /app/data/T0002/210801/b7232xo/odoo-210801/addons/stock/__init__.py
2026-02-03 09:49:04,138 - Knowledge - INFO - Fast-tracked /app/data/T0002/210801/b7232xo/odoo-210801/addons/stock/__init__.py (ext=.py, size=1159)
2026-02-03 09:49:04,142 - Knowledge - INFO - Worker kw8 processing /app/data/T0002/210801/b7232xo/odoo-210801/addons/stock/stock_demo.xml
2026-02-03 09:49:04,179 - Knowledge - INFO - process ingested knowledge for /app/data/T0002/210801/b7232xo/odoo-210801/addons/stock/report/__init__.py
2026-02-03 09:49:04,196 - Knowledge - INFO - process ingested knowledge for /app/data/T0002/210801/b7232xo/odoo-210801/addons/board_account/board_account_demo.xml
2026-02-03 09:49:04,233 - Knowledge - INFO - process ingested knowledge for /app/data/T0002/210801/b7232xo/odoo-210801/addons/delivery/wizard/__init__.py
2026-02-03 09:49:04,276 - Knowledge - INFO - Fast-tracked /app/data/T0002/210801/b7232xo/odoo-210801/addons/stock/stock_demo.xml (ext=.xml, size=9808)
2026-02-03 09:49:04,287 - Knowledge - INFO - process ingested knowledge for /app/data/T0002/210801/b7232xo/odoo-210801/addons/hr_attendance/report/timesheet.py
2026-02-03 09:49:04,304 - Knowledge - INFO - Worker kw8 processing /app/data/T0002/210801/b7232xo/odoo-210801/addons/base_iban/base_iban_data.xml
2026-02-03 09:49:04,360 - Knowledge - INFO - Async storing batch of 10 embeddings
2026-02-03 09:49:04,424 - Knowledge - INFO - Worker kw4 processing /app/data/T0002/210801/b7232xo/odoo-210801/addons/base_iban/base_iban_view.xml
2026-02-03 09:49:04,437 - Knowledge - INFO - Fast-tracked /app/data/T0002/210801/b7232xo/odoo-210801/addons/base_iban/base_iban_data.xml (ext=.xml, size=1795)
2026-02-03 09:49:04,437 - Knowledge - INFO - Worker kw8 processing /app/data/T0002/210801/b7232xo/odoo-210801/addons/base_iban/__terp__.py
2026-02-03 09:49:04,449 - Knowledge - INFO - Fast-tracked /app/data/T0002/210801/b7232xo/odoo-210801/addons/base_iban/base_iban_view.xml (ext=.xml, size=2375)
2026-02-03 09:49:04,456 - Knowledge - INFO - Fast-tracked /app/data/T0002/210801/b7232xo/odoo-210801/addons/base_iban/__terp__.py (ext=.py, size=1453)
2026-02-03 09:49:04,457 - Knowledge - INFO - process ingested knowledge for /app/data/T0002/210801/b7232xo/odoo-210801/addons/wiki/data/wiki_quickstart.xml
2026-02-03 09:49:04,457 - Knowledge - INFO - Worker kw4 processing /app/data/T0002/210801/b7232xo/odoo-210801/addons/base_iban/base_iban.py
2026-02-03 09:49:04,527 - Knowledge - INFO - [LLM_CALL] Completed: wizard_return.py:chunk1, Duration: 49120ms, PromptTokens: 3492, CompletionTokens: 430, Cost: $0.00052
2026-02-03 09:49:04,551 - Knowledge - INFO - process ingested knowledge for /app/data/T0002/210801/b7232xo/odoo-210801/addons/wiki/wizard/wizard_view.xml
2026-02-03 09:49:04,562 - Knowledge - INFO - Worker kw4 processing /app/data/T0002/210801/b7232xo/odoo-210801/addons/base_iban/__init__.py
2026-02-03 09:49:04,563 - Knowledge - INFO - process ingested knowledge for /app/data/T0002/210801/b7232xo/odoo-210801/addons/account_report/__terp__.py
2026-02-03 09:49:04,571 - Knowledge - INFO - done ingest for /app/data/T0002/210801/b7232xo/odoo-210801/addons/stock/wizard/wizard_return.py
2026-02-03 09:49:04,591 - Knowledge - INFO - [LLM_CALL] Completed: report_sale.py:chunk1, Duration: 66316ms, PromptTokens: 4512, CompletionTokens: 347, Cost: $0.00059
2026-02-03 09:49:04,591 - Knowledge - INFO - Split /app/data/T0002/210801/b7232xo/odoo-210801/addons/stock/stock.py (76752 bytes) into 3 chunks of ~32KB
2026-02-03 09:49:04,602 - Knowledge - INFO - process ingested knowledge for /app/data/T0002/210801/b7232xo/odoo-210801/addons/stock/report/ups.py
2026-02-03 09:49:04,623 - Knowledge - INFO - Fast-tracked /app/data/T0002/210801/b7232xo/odoo-210801/addons/base_iban/__init__.py (ext=.py, size=1076)
2026-02-03 09:49:04,663 - Knowledge - INFO - done ingest for /app/data/T0002/210801/b7232xo/odoo-210801/addons/report_sale/report_sale.py
2026-02-03 09:49:04,689 - Knowledge - INFO - Processing batch of 10 files
2026-02-03 09:49:04,841 - Knowledge - INFO - Worker kw4 processing /app/data/T0002/210801/b7232xo/odoo-210801/addons/account_followup/followup_data.xml
2026-02-03 09:49:04,917 - Knowledge - INFO - process ingested knowledge for /app/data/T0002/210801/b7232xo/odoo-210801/addons/account_analytic_analysis/account_analytic_analysis_view.xml
2026-02-03 09:49:05,042 - Knowledge - INFO - Async storage completed for 10 embeddings
2026-02-03 09:49:05,063 - Knowledge - INFO - Fast-tracked /app/data/T0002/210801/b7232xo/odoo-210801/addons/account_followup/followup_data.xml (ext=.xml, size=418)
2026-02-03 09:49:05,333 - Knowledge - INFO - Worker kw4 processing /app/data/T0002/210801/b7232xo/odoo-210801/addons/account_followup/report/report_followup_print.py
2026-02-03 09:49:05,364 - Knowledge - INFO - process ingested knowledge for /app/data/T0002/210801/b7232xo/odoo-210801/addons/stock/report_stock_view.xml
2026-02-03 09:49:05,365 - Knowledge - INFO - Worker kw4 processing /app/data/T0002/210801/b7232xo/odoo-210801/addons/account_followup/report/__init__.py
2026-02-03 09:49:05,423 - Knowledge - INFO - process ingested knowledge for /app/data/T0002/210801/b7232xo/odoo-210801/addons/delivery/partner_view.xml
2026-02-03 09:49:05,425 - Knowledge - INFO - process ingested knowledge for /app/data/T0002/210801/b7232xo/odoo-210801/addons/account_report/wizard/wizard_print_indicators.py
2026-02-03 09:49:05,446 - Knowledge - INFO - process ingested knowledge for /app/data/T0002/210801/b7232xo/odoo-210801/addons/account_analytic_analysis/account_analytic_analysis.py
2026-02-03 09:49:05,462 - Knowledge - INFO - Fast-tracked /app/data/T0002/210801/b7232xo/odoo-210801/addons/account_followup/report/__init__.py (ext=.py, size=1088)
2026-02-03 09:49:05,471 - Knowledge - INFO - [LLM_CALL] Completed: inventory_merge_zero.py:chunk1, Duration: 50989ms, PromptTokens: 2318, CompletionTokens: 265, Cost: $0.00034
2026-02-03 09:49:05,481 - Knowledge - INFO - process ingested knowledge for /app/data/T0002/210801/b7232xo/odoo-210801/addons/wiki/data/wiki_quality.xml
2026-02-03 09:49:05,499 - Knowledge - INFO - process ingested knowledge for /app/data/T0002/210801/b7232xo/odoo-210801/addons/stock/security/stock_security.xml
2026-02-03 09:49:05,509 - Knowledge - INFO - process ingested knowledge for /app/data/T0002/210801/b7232xo/odoo-210801/addons/wiki/wizard/open_page.py
2026-02-03 09:49:05,509 - Knowledge - INFO - process ingested knowledge for /app/data/T0002/210801/b7232xo/odoo-210801/addons/hr_attendance/hr_attendance_report.xml
2026-02-03 09:49:05,578 - Knowledge - INFO - Worker kw4 processing /app/data/T0002/210801/b7232xo/odoo-210801/addons/account_followup/followup_report_view.xml
2026-02-03 09:49:05,586 - Knowledge - INFO - done ingest for /app/data/T0002/210801/b7232xo/odoo-210801/addons/stock/wizard/inventory_merge_zero.py
2026-02-03 09:49:05,744 - Knowledge - INFO - Fast-tracked /app/data/T0002/210801/b7232xo/odoo-210801/addons/account_followup/followup_report_view.xml (ext=.xml, size=2218)
2026-02-03 09:49:05,762 - Knowledge - INFO - Worker kw4 processing /app/data/T0002/210801/b7232xo/odoo-210801/addons/account_followup/followup_report.py
2026-02-03 09:49:05,829 - Knowledge - INFO - Worker kw4 processing /app/data/T0002/210801/b7232xo/odoo-210801/addons/account_followup/__terp__.py
2026-02-03 09:49:05,923 - Knowledge - INFO - Worker kw4 processing /app/data/T0002/210801/b7232xo/odoo-210801/addons/account_followup/wizard/wizard_view.xml
2026-02-03 09:49:05,952 - Knowledge - INFO - Fast-tracked /app/data/T0002/210801/b7232xo/odoo-210801/addons/account_followup/wizard/wizard_view.xml (ext=.xml, size=528)
2026-02-03 09:49:06,052 - Knowledge - INFO - process ingested knowledge for /app/data/T0002/210801/b7232xo/odoo-210801/addons/stock/stock_data.xml
2026-02-03 09:49:06,155 - Knowledge - INFO - process ingested knowledge for /app/data/T0002/210801/b7232xo/odoo-210801/addons/account_report/wizard/__init__.py
2026-02-03 09:49:06,260 - Knowledge - INFO - process ingested knowledge for /app/data/T0002/210801/b7232xo/odoo-210801/addons/wiki/data/wiki_help.xml
2026-02-03 09:49:06,279 - Knowledge - INFO - process ingested knowledge for /app/data/T0002/210801/b7232xo/odoo-210801/addons/stock/product.py
2026-02-03 09:49:06,353 - Knowledge - INFO - process ingested knowledge for /app/data/T0002/210801/b7232xo/odoo-210801/addons/wiki/wizard/__init__.py
2026-02-03 09:49:06,379 - Knowledge - INFO - process ingested knowledge for /app/data/T0002/210801/b7232xo/odoo-210801/addons/hr_attendance/__terp__.py
2026-02-03 09:49:06,393 - Knowledge - INFO - process ingested knowledge for /app/data/T0002/210801/b7232xo/odoo-210801/addons/stock/product_view.xml
2026-02-03 09:49:06,423 - Knowledge - INFO - process ingested knowledge for /app/data/T0002/210801/b7232xo/odoo-210801/addons/account_report/wizard/wizard_print_indicators_with_pdf.py
2026-02-03 09:49:06,489 - Knowledge - INFO - [LLM_CALL] Completed: wizard_invoice_onshipping.py:chunk1, Duration: 67106ms, PromptTokens: 3166, CompletionTokens: 405, Cost: $0.00048
2026-02-03 09:49:06,541 - Knowledge - INFO - Fast-tracked /app/data/T0002/210801/b7232xo/odoo-210801/addons/account_followup/__terp__.py (small file (2391 bytes))
2026-02-03 09:49:06,709 - Knowledge - INFO - done ingest for /app/data/T0002/210801/b7232xo/odoo-210801/addons/stock/wizard/wizard_invoice_onshipping.py
2026-02-03 09:49:06,736 - Knowledge - INFO - Async storage completed for 10 embeddings
2026-02-03 09:49:07,053 - Knowledge - INFO - [LLM_CALL] Completed: inventory_merge.py:chunk1, Duration: 67711ms, PromptTokens: 2190, CompletionTokens: 272, Cost: $0.00033
2026-02-03 09:49:07,067 - Knowledge - INFO - done ingest for /app/data/T0002/210801/b7232xo/odoo-210801/addons/stock/wizard/inventory_merge.py
2026-02-03 09:49:07,105 - Knowledge - INFO - process ingested knowledge for /app/data/T0002/210801/b7232xo/odoo-210801/addons/delivery/delivery_view.xml
2026-02-03 09:49:07,114 - Knowledge - INFO - process ingested knowledge for /app/data/T0002/210801/b7232xo/odoo-210801/addons/account_analytic_analysis/__init__.py
2026-02-03 09:49:07,141 - Knowledge - INFO - process ingested knowledge for /app/data/T0002/210801/b7232xo/odoo-210801/addons/wiki/data/wiki_main.xml
2026-02-03 09:49:07,150 - Knowledge - INFO - process ingested knowledge for /app/data/T0002/210801/b7232xo/odoo-210801/addons/stock/report/lot_overview_all.py
2026-02-03 09:49:07,254 - Knowledge - INFO - process ingested knowledge for /app/data/T0002/210801/b7232xo/odoo-210801/addons/account_report/__init__.py
2026-02-03 09:49:07,389 - Knowledge - INFO - process ingested knowledge for /app/data/T0002/210801/b7232xo/odoo-210801/addons/wiki/wizard/create_menu.py
2026-02-03 09:49:07,652 - Knowledge - INFO - Processing batch of 10 files
2026-02-03 09:49:07,652 - Knowledge - INFO - process ingested knowledge for /app/data/T0002/210801/b7232xo/odoo-210801/addons/base_module_quality/workflow_test/workflow_test.py
2026-02-03 09:49:07,973 - Knowledge - INFO - [LLM_CALL] Completed: analytic_user_function.py:chunk1, Duration: 69676ms, PromptTokens: 3804, CompletionTokens: 476, Cost: $0.00057
2026-02-03 09:49:08,025 - Knowledge - INFO - done ingest for /app/data/T0002/210801/b7232xo/odoo-210801/addons/analytic_user_function/analytic_user_function.py
2026-02-03 09:49:08,043 - Knowledge - INFO - process ingested knowledge for /app/data/T0002/210801/b7232xo/odoo-210801/addons/delivery/partner.py
2026-02-03 09:49:08,123 - Knowledge - INFO - process ingested knowledge for /app/data/T0002/210801/b7232xo/odoo-210801/addons/stock/report/picking.py
2026-02-03 09:49:08,163 - Knowledge - INFO - process ingested knowledge for /app/data/T0002/210801/b7232xo/odoo-210801/addons/hr_attendance/wizard/print_bymonth.py
2026-02-03 09:49:08,840 - Knowledge - INFO - [LLM_CALL] Completed: wizard_partial_picking.py:chunk1, Duration: 69547ms, PromptTokens: 5632, CompletionTokens: 546, Cost: $0.00078
2026-02-03 09:49:08,841 - Knowledge - INFO - done ingest for /app/data/T0002/210801/b7232xo/odoo-210801/addons/stock/wizard/wizard_partial_picking.py
2026-02-03 09:49:08,850 - Knowledge - INFO - process ingested knowledge for /app/data/T0002/210801/b7232xo/odoo-210801/addons/account_analytic_analysis/account_analytic_analysis_menu.xml
2026-02-03 09:49:09,099 - Knowledge - INFO - [LLM_CALL] Completed: pre-tiny.py:chunk1, Duration: 70948ms, PromptTokens: 4934, CompletionTokens: 264, Cost: $0.00060
2026-02-03 09:49:09,110 - Knowledge - INFO - done ingest for /app/data/T0002/210801/b7232xo/odoo-210801/doc/migrate/4.0.0-4.2.0/tiny/pre-tiny.py
2026-02-03 09:49:09,910 - Knowledge - INFO - process ingested knowledge for /app/data/T0002/210801/b7232xo/odoo-210801/addons/stock/report/stock_graph.py
2026-02-03 09:49:09,935 - Knowledge - INFO - process ingested knowledge for /app/data/T0002/210801/b7232xo/odoo-210801/addons/hr_attendance/wizard/print_byweek.py
2026-02-03 09:49:10,260 - Knowledge - INFO - done ingest for /app/data/T0002/210801/b7232xo/odoo-210801/addons/account_voucher/account.py
2026-02-03 09:49:10,467 - Knowledge - INFO - [LLM_CALL] Completed: wizard_inventory.py:chunk1, Duration: 57468ms, PromptTokens: 2690, CompletionTokens: 346, Cost: $0.00041
2026-02-03 09:49:10,494 - Knowledge - INFO - done ingest for /app/data/T0002/210801/b7232xo/odoo-210801/addons/stock/wizard/wizard_inventory.py
2026-02-03 09:49:10,977 - Knowledge - INFO - process ingested knowledge for /app/data/T0002/210801/b7232xo/odoo-210801/addons/wiki/wiki_view.xml
2026-02-03 09:49:10,990 - Knowledge - INFO - process ingested knowledge for /app/data/T0002/210801/b7232xo/odoo-210801/addons/board_association/__terp__.py
2026-02-03 09:49:10,998 - Knowledge - INFO - Processing batch of 10 files
2026-02-03 09:49:11,051 - Knowledge - INFO - [LLM_CALL] Completed: pre.py:chunk1, Duration: 72886ms, PromptTokens: 3492, CompletionTokens: 255, Cost: $0.00045
2026-02-03 09:49:11,066 - Knowledge - INFO - process ingested knowledge for /app/data/T0002/210801/b7232xo/odoo-210801/addons/account_voucher/report/report_voucher_amount.py
2026-02-03 09:49:11,069 - Knowledge - INFO - done ingest for /app/data/T0002/210801/b7232xo/odoo-210801/doc/migrate/3.4.0-4.0.0/pre.py
2026-02-03 09:49:11,480 - Knowledge - INFO - process ingested knowledge for /app/data/T0002/210801/b7232xo/odoo-210801/addons/base_module_quality/workflow_test/__init__.py
2026-02-03 09:49:12,252 - Knowledge - INFO - done ingest for /app/data/T0002/210801/b7232xo/odoo-210801/doc/migrate/3.3.0-3.4.0/pre.py
2026-02-03 09:49:12,405 - Knowledge - INFO - [LLM_CALL] Completed: structure_test.py:chunk1, Duration: 73770ms, PromptTokens: 4464, CompletionTokens: 430, Cost: $0.00062
2026-02-03 09:49:12,405 - Knowledge - INFO - done ingest for /app/data/T0002/210801/b7232xo/odoo-210801/addons/base_module_quality/structure_test/structure_test.py
2026-02-03 09:49:13,189 - Knowledge - INFO - done ingest for /app/data/T0002/210801/b7232xo/odoo-210801/doc/migrate/4.2.0-4.4.0/pre.py
2026-02-03 09:49:13,342 - Knowledge - INFO - process ingested knowledge for /app/data/T0002/210801/b7232xo/odoo-210801/addons/wiki/wiki.py
2026-02-03 09:49:13,500 - Knowledge - INFO - [LLM_CALL] Completed: rml_parse.py:chunk1, Duration: 75127ms, PromptTokens: 3290, CompletionTokens: 687, Cost: $0.00060
2026-02-03 09:49:13,536 - Knowledge - INFO - done ingest for /app/data/T0002/210801/b7232xo/odoo-210801/addons/account_voucher/report/rml_parse.py
2026-02-03 09:49:13,745 - Knowledge - INFO - [LLM_CALL] Completed: method_test.py:chunk1, Duration: 75085ms, PromptTokens: 2276, CompletionTokens: 351, Cost: $0.00037
2026-02-03 09:49:13,747 - Knowledge - INFO - done ingest for /app/data/T0002/210801/b7232xo/odoo-210801/addons/base_module_quality/method_test/method_test.py
2026-02-03 09:49:13,872 - Knowledge - INFO - process ingested knowledge for /app/data/T0002/210801/b7232xo/odoo-210801/addons/base_module_quality/object_test/object_test.py
2026-02-03 09:49:13,896 - Knowledge - INFO - process ingested knowledge for /app/data/T0002/210801/b7232xo/odoo-210801/addons/hr_attendance/wizard/sign_in_out.py
2026-02-03 09:49:14,795 - Knowledge - INFO - [LLM_CALL] Completed: speed_test.py:chunk1, Duration: 76237ms, PromptTokens: 3840, CompletionTokens: 461, Cost: $0.00057
2026-02-03 09:49:14,829 - Knowledge - INFO - done ingest for /app/data/T0002/210801/b7232xo/odoo-210801/addons/base_module_quality/speed_test/speed_test.py
2026-02-03 09:49:15,498 - Knowledge - INFO - [LLM_CALL] Completed: terp_test.py:chunk1, Duration: 76655ms, PromptTokens: 4090, CompletionTokens: 458, Cost: $0.00059
2026-02-03 09:49:15,498 - Knowledge - INFO - done ingest for /app/data/T0002/210801/b7232xo/odoo-210801/addons/base_module_quality/terp_test/terp_test.py
2026-02-03 09:49:15,569 - Knowledge - INFO - process ingested knowledge for /app/data/T0002/210801/b7232xo/odoo-210801/addons/account_voucher/report/__init__.py
2026-02-03 09:49:15,593 - Knowledge - INFO - process ingested knowledge for /app/data/T0002/210801/b7232xo/odoo-210801/addons/board_association/board_association_view.xml
2026-02-03 09:49:15,771 - Knowledge - INFO - [LLM_CALL] Completed: post.py:chunk1, Duration: 77924ms, PromptTokens: 3144, CompletionTokens: 463, Cost: $0.00050
2026-02-03 09:49:15,793 - Knowledge - INFO - done ingest for /app/data/T0002/210801/b7232xo/odoo-210801/doc/migrate/3.4.0-4.0.0/post.py
2026-02-03 09:49:17,230 - Knowledge - INFO - process ingested knowledge for /app/data/T0002/210801/b7232xo/odoo-210801/addons/base_module_quality/object_test/__init__.py
2026-02-03 09:49:17,385 - Knowledge - INFO - done ingest for /app/data/T0002/210801/b7232xo/odoo-210801/doc/migrate/3.3.0-3.4.0/post.py
2026-02-03 09:49:17,605 - Knowledge - INFO - [LLM_CALL] Completed: pep8_test.py:chunk1, Duration: 78857ms, PromptTokens: 6404, CompletionTokens: 576, Cost: $0.00087
2026-02-03 09:49:17,606 - Knowledge - INFO - done ingest for /app/data/T0002/210801/b7232xo/odoo-210801/addons/base_module_quality/pep8_test/pep8_test.py
2026-02-03 09:49:18,398 - Knowledge - INFO - done ingest for /app/data/T0002/210801/b7232xo/odoo-210801/doc/migrate/3.4.0-4.0.0/pre-tiny.py
2026-02-03 09:49:18,947 - Knowledge - INFO - process ingested knowledge for /app/data/T0002/210801/b7232xo/odoo-210801/addons/wiki/__init__.py
2026-02-03 09:49:18,956 - Knowledge - INFO - process ingested knowledge for /app/data/T0002/210801/b7232xo/odoo-210801/addons/account_voucher/account_view.xml
2026-02-03 09:49:19,324 - Knowledge - INFO - [WEBSOCKET] Sent: Type=progress_update, Size: 295, Duration: 0ms
2026-02-03 09:49:19,355 - Knowledge - INFO - [WEBSOCKET] Sent: Type=unknown, Size: ?, Duration: 31ms
2026-02-03 09:49:19,362 - Knowledge - INFO - process ingested knowledge for /app/data/T0002/210801/b7232xo/odoo-210801/addons/base_module_quality/__terp__.py
2026-02-03 09:49:19,368 - Knowledge - INFO - Progress: 12.9% | Files: 163/1263 | Rate: 1.93 files/sec | Queue: 1033
2026-02-03 09:49:20,441 - Knowledge - INFO - process ingested knowledge for /app/data/T0002/210801/b7232xo/odoo-210801/addons/board_association/__init__.py
2026-02-03 09:49:20,477 - Knowledge - INFO - process ingested knowledge for /app/data/T0002/210801/b7232xo/odoo-210801/addons/account_voucher/__terp__.py
2026-02-03 09:49:20,541 - Knowledge - INFO - process ingested knowledge for /app/data/T0002/210801/b7232xo/odoo-210801/addons/base_module_quality/wizard/module_quality_check.py
2026-02-03 09:49:20,563 - Knowledge - INFO - [kw1] Queue=1033, InProgress=0, PendingWorkers=20/20, Completed=168/1263 (13.3%)
2026-02-03 09:49:20,564 - Knowledge - INFO - Batch sizing: calculated=10, max_allowed=10, queue=1033, active_workers=20/20
2026-02-03 09:49:20,604 - Knowledge - INFO - Processing batch of 10 files
2026-02-03 09:49:20,605 - Knowledge - INFO - process ingested knowledge for /app/data/T0002/210801/b7232xo/odoo-210801/addons/purchase_manual/purchase_manual_wizard.xml
2026-02-03 09:49:21,189 - Knowledge - INFO - process ingested knowledge for /app/data/T0002/210801/b7232xo/odoo-210801/addons/board_association/board_association_demo.xml
2026-02-03 09:49:21,661 - Knowledge - INFO - process ingested knowledge for /app/data/T0002/210801/b7232xo/odoo-210801/addons/hr_attendance/wizard/print_attendance_error.py
2026-02-03 09:49:21,671 - Knowledge - INFO - process ingested knowledge for /app/data/T0002/210801/b7232xo/odoo-210801/addons/account_voucher/wizard/open_voucher.py
2026-02-03 09:49:22,131 - Knowledge - INFO - Async storing batch of 10 embeddings
2026-02-03 09:49:22,208 - Knowledge - INFO - Worker kw1 processing /app/data/T0002/210801/b7232xo/odoo-210801/addons/account_followup/wizard/wizard_followup_print.py
2026-02-03 09:49:22,255 - Knowledge - INFO - Worker kw1 processing /app/data/T0002/210801/b7232xo/odoo-210801/addons/account_followup/wizard/__init__.py
2026-02-03 09:49:22,283 - Knowledge - INFO - Fast-tracked /app/data/T0002/210801/b7232xo/odoo-210801/addons/account_followup/wizard/__init__.py (ext=.py, size=1088)
2026-02-03 09:49:22,286 - Knowledge - INFO - Worker kw1 processing /app/data/T0002/210801/b7232xo/odoo-210801/addons/account_followup/followup_view.xml
2026-02-03 09:49:22,299 - Knowledge - INFO - Fast-tracked /app/data/T0002/210801/b7232xo/odoo-210801/addons/account_followup/followup_view.xml (ext=.xml, size=7865)
2026-02-03 09:49:22,329 - Knowledge - INFO - Worker kw1 processing /app/data/T0002/210801/b7232xo/odoo-210801/addons/account_followup/followup_demo.xml
2026-02-03 09:49:22,409 - Knowledge - INFO - Fast-tracked /app/data/T0002/210801/b7232xo/odoo-210801/addons/account_followup/followup_demo.xml (ext=.xml, size=3189)
2026-02-03 09:49:22,439 - Knowledge - INFO - Worker kw1 processing /app/data/T0002/210801/b7232xo/odoo-210801/addons/account_followup/__init__.py
2026-02-03 09:49:22,487 - Knowledge - INFO - Fast-tracked /app/data/T0002/210801/b7232xo/odoo-210801/addons/account_followup/__init__.py (ext=.py, size=1126)
2026-02-03 09:49:22,492 - Knowledge - INFO - Worker kw1 processing /app/data/T0002/210801/b7232xo/odoo-210801/addons/account_followup/followup.py
2026-02-03 09:49:22,566 - Knowledge - INFO - Worker kw1 processing /app/data/T0002/210801/b7232xo/odoo-210801/addons/stock_location/__terp__.py
2026-02-03 09:49:22,628 - Knowledge - INFO - Fast-tracked /app/data/T0002/210801/b7232xo/odoo-210801/addons/stock_location/__terp__.py (ext=.py, size=1877)
2026-02-03 09:49:22,660 - Knowledge - INFO - Worker kw1 processing /app/data/T0002/210801/b7232xo/odoo-210801/addons/stock_location/stock_view.xml
2026-02-03 09:49:22,663 - Knowledge - INFO - [LLM_CALL] Completed: base_iban.py:chunk1, Duration: 16611ms, PromptTokens: 3210, CompletionTokens: 478, Cost: $0.00051
2026-02-03 09:49:22,670 - Knowledge - INFO - done ingest for /app/data/T0002/210801/b7232xo/odoo-210801/addons/base_iban/base_iban.py
2026-02-03 09:49:22,691 - Knowledge - INFO - process ingested knowledge for /app/data/T0002/210801/b7232xo/odoo-210801/addons/purchase_manual/purchase_manual.py
2026-02-03 09:49:22,762 - Knowledge - INFO - Fast-tracked /app/data/T0002/210801/b7232xo/odoo-210801/addons/stock_location/stock_view.xml (ext=.xml, size=2345)
2026-02-03 09:49:22,774 - Knowledge - INFO - Worker kw1 processing /app/data/T0002/210801/b7232xo/odoo-210801/addons/stock_location/stock.py
2026-02-03 09:49:22,786 - Knowledge - INFO - [LLM_CALL] Completed: post-tiny.py:chunk1, Duration: 85029ms, PromptTokens: 2566, CompletionTokens: 493, Cost: $0.00045
2026-02-03 09:49:22,823 - Knowledge - INFO - done ingest for /app/data/T0002/210801/b7232xo/odoo-210801/doc/migrate/3.4.0-4.0.0/post-tiny.py
2026-02-03 09:49:22,828 - Knowledge - INFO - Worker kw1 processing /app/data/T0002/210801/b7232xo/odoo-210801/addons/stock_location/__init__.py
2026-02-03 09:49:22,862 - Knowledge - INFO - Fast-tracked /app/data/T0002/210801/b7232xo/odoo-210801/addons/stock_location/__init__.py (ext=.py, size=1071)
2026-02-03 09:49:23,145 - Knowledge - INFO - Fast-tracked /app/data/T0002/210801/b7232xo/odoo-210801/addons/account_followup/followup.py (small file (2907 bytes))
2026-02-03 09:49:23,501 - Knowledge - INFO - Async storage completed for 10 embeddings
2026-02-03 09:49:23,540 - Knowledge - INFO - [LLM_CALL] Completed: followup_report.py:chunk1, Duration: 17175ms, PromptTokens: 2212, CompletionTokens: 292, Cost: $0.00034
2026-02-03 09:49:23,557 - Knowledge - INFO - done ingest for /app/data/T0002/210801/b7232xo/odoo-210801/addons/account_followup/followup_report.py
2026-02-03 09:49:23,745 - Knowledge - INFO - process ingested knowledge for /app/data/T0002/210801/b7232xo/odoo-210801/addons/profile_manufacturing/__terp__.py
2026-02-03 09:49:23,759 - Knowledge - INFO - process ingested knowledge for /app/data/T0002/210801/b7232xo/odoo-210801/addons/hr_attendance/wizard/__init__.py
2026-02-03 09:49:23,795 - Knowledge - INFO - process ingested knowledge for /app/data/T0002/210801/b7232xo/odoo-210801/addons/base_module_quality/wizard/quality_save_report.py
2026-02-03 09:49:24,118 - Knowledge - INFO - done ingest for /app/data/T0002/210801/b7232xo/odoo-210801/doc/migrate/4.0.0-4.2.0/pre.py
2026-02-03 09:49:24,573 - Knowledge - INFO - process ingested knowledge for /app/data/T0002/210801/b7232xo/odoo-210801/addons/project_retro_planning/__terp__.py
2026-02-03 09:49:24,705 - Knowledge - INFO - [LLM_CALL] Completed: stock.py:chunk1, Duration: 1310ms, PromptTokens: 15488, CompletionTokens: 1146, Cost: $0.00201
2026-02-03 09:49:24,707 - Knowledge - INFO - Processing batch of 10 files
2026-02-03 09:49:24,724 - Knowledge - INFO - process ingested knowledge for /app/data/T0002/210801/b7232xo/odoo-210801/addons/base_module_quality/base_module_quality_wizard.xml
2026-02-03 09:49:25,471 - Knowledge - INFO - process ingested knowledge for /app/data/T0002/210801/b7232xo/odoo-210801/addons/profile_manufacturing/profile_manufacturing.xml
2026-02-03 09:49:25,472 - Knowledge - INFO - process ingested knowledge for /app/data/T0002/210801/b7232xo/odoo-210801/addons/account_voucher/wizard/__init__.py
2026-02-03 09:49:25,482 - Knowledge - INFO - [LLM_CALL] Completed: report_followup_print.py:chunk1, Duration: 19326ms, PromptTokens: 2814, CompletionTokens: 482, Cost: $0.00047
2026-02-03 09:49:25,490 - Knowledge - INFO - done ingest for /app/data/T0002/210801/b7232xo/odoo-210801/addons/account_followup/report/report_followup_print.py
2026-02-03 09:49:26,543 - Knowledge - INFO - process ingested knowledge for /app/data/T0002/210801/b7232xo/odoo-210801/addons/project_retro_planning/__init__.py
2026-02-03 09:49:26,878 - Knowledge - INFO - process ingested knowledge for /app/data/T0002/210801/b7232xo/odoo-210801/addons/base_module_quality/pylint_test/pylint_test_config.txt
2026-02-03 09:49:27,342 - Knowledge - INFO - process ingested knowledge for /app/data/T0002/210801/b7232xo/odoo-210801/addons/base_module_quality/wizard/__init__.py
2026-02-03 09:49:27,645 - Knowledge - INFO - process ingested knowledge for /app/data/T0002/210801/b7232xo/odoo-210801/addons/project_retro_planning/project_retro_planning.py
2026-02-03 09:49:28,028 - Knowledge - INFO - process ingested knowledge for /app/data/T0002/210801/b7232xo/odoo-210801/addons/hr_attendance/hr_attendance_view.xml
2026-02-03 09:49:28,036 - Knowledge - INFO - process ingested knowledge for /app/data/T0002/210801/b7232xo/odoo-210801/addons/base_module_quality/pylint_test/pylint_test.py
2026-02-03 09:49:28,037 - Knowledge - INFO - process ingested knowledge for /app/data/T0002/210801/b7232xo/odoo-210801/addons/account_voucher/voucher_view.xml
2026-02-03 09:49:28,542 - Knowledge - WARNING - Timeout processing /app/data/T0002/210801/b7232xo/odoo-210801/setup.py after 90s - using fallback metadata
2026-02-03 09:49:29,008 - Knowledge - INFO - done ingest for /app/data/T0002/210801/b7232xo/odoo-210801/addons/stock_location/stock.py
2026-02-03 09:49:29,198 - Knowledge - INFO - process ingested knowledge for /app/data/T0002/210801/b7232xo/odoo-210801/addons/report_account/report_receivable.py
2026-02-03 09:49:29,696 - Knowledge - INFO - [LLM_CALL] Completed: wizard_followup_print.py:chunk1, Duration: 6686ms, PromptTokens: 7642, CompletionTokens: 408, Cost: $0.00093
2026-02-03 09:49:29,726 - Knowledge - INFO - done ingest for /app/data/T0002/210801/b7232xo/odoo-210801/addons/account_followup/wizard/wizard_followup_print.py
2026-02-03 09:49:29,866 - Knowledge - INFO - process ingested knowledge for /app/data/T0002/210801/b7232xo/odoo-210801/addons/base_module_quality/base_module_quality_view.xml
2026-02-03 09:49:29,866 - Knowledge - INFO - process ingested knowledge for /app/data/T0002/210801/b7232xo/odoo-210801/addons/base_module_quality/pylint_test/__init__.py
2026-02-03 09:49:30,108 - Knowledge - INFO - process ingested knowledge for /app/data/T0002/210801/b7232xo/odoo-210801/addons/report_account/report_receivable_view.xml
2026-02-03 09:49:30,134 - Knowledge - INFO - Processing batch of 10 files
2026-02-03 09:49:30,135 - Knowledge - INFO - process ingested knowledge for /app/data/T0002/210801/b7232xo/odoo-210801/addons/stock/report_stock.py
2026-02-03 09:49:30,535 - Knowledge - INFO - process ingested knowledge for /app/data/T0002/210801/b7232xo/odoo-210801/addons/account_voucher/voucher_workflow.xml
2026-02-03 09:49:30,668 - Knowledge - INFO - process ingested knowledge for /app/data/T0002/210801/b7232xo/odoo-210801/addons/base_module_quality/base_module_quality.py
2026-02-03 09:49:30,903 - Knowledge - INFO - process ingested knowledge for /app/data/T0002/210801/b7232xo/odoo-210801/addons/report_account/__terp__.py
2026-02-03 09:49:31,088 - Knowledge - INFO - Processing batch of 10 files
2026-02-03 09:49:31,090 - Knowledge - INFO - process ingested knowledge for /app/data/T0002/210801/b7232xo/odoo-210801/addons/stock/wizard/wizard_inventory.py
2026-02-03 09:49:31,314 - Knowledge - INFO - process ingested knowledge for /app/data/T0002/210801/b7232xo/odoo-210801/addons/base_module_quality/__init__.py
2026-02-03 09:49:31,315 - Knowledge - INFO - process ingested knowledge for /app/data/T0002/210801/b7232xo/odoo-210801/addons/account_voucher/voucher.py
2026-02-03 09:49:31,316 - Knowledge - INFO - process ingested knowledge for /app/data/T0002/210801/b7232xo/odoo-210801/addons/purchase_manual/__terp__.py
2026-02-03 09:49:31,398 - Knowledge - INFO - process ingested knowledge for /app/data/T0002/210801/b7232xo/odoo-210801/addons/report_account/__init__.py
2026-02-03 09:49:31,399 - Knowledge - INFO - process ingested knowledge for /app/data/T0002/210801/b7232xo/odoo-210801/addons/stock/stock_incoterms.xml
2026-02-03 09:49:31,519 - Knowledge - INFO - process ingested knowledge for /app/data/T0002/210801/b7232xo/odoo-210801/addons/stock/wizard/wizard_track_line.py
2026-02-03 09:49:31,817 - Knowledge - INFO - process ingested knowledge for /app/data/T0002/210801/b7232xo/odoo-210801/addons/account_voucher/voucher_sequence.xml
2026-02-03 09:49:31,818 - Knowledge - INFO - [WEBSOCKET] Sent: Type=progress_update, Size: 295, Duration: 0ms
2026-02-03 09:49:31,838 - Knowledge - INFO - [WEBSOCKET] Sent: Type=unknown, Size: ?, Duration: 20ms
2026-02-03 09:49:31,840 - Knowledge - INFO - Progress: 16.2% | Files: 204/1263 | Rate: 2.06 files/sec | Queue: 1023
2026-02-03 09:49:31,948 - Knowledge - INFO - process ingested knowledge for /app/data/T0002/210801/b7232xo/odoo-210801/addons/account_report/account.py
2026-02-03 09:49:31,955 - Knowledge - INFO - process ingested knowledge for /app/data/T0002/210801/b7232xo/odoo-210801/addons/stock/wizard/inventory_merge_zero.py
2026-02-03 09:49:31,976 - Knowledge - INFO - Processing batch of 10 files
2026-02-03 09:49:31,977 - Knowledge - INFO - process ingested knowledge for /app/data/T0002/210801/b7232xo/odoo-210801/addons/report_sale/report_sale_view.xml
2026-02-03 09:49:32,214 - Knowledge - INFO - process ingested knowledge for /app/data/T0002/210801/b7232xo/odoo-210801/addons/purchase_manual/wizard/wizard_purchase_line_invoice.py
2026-02-03 09:49:32,352 - Knowledge - INFO - process ingested knowledge for /app/data/T0002/210801/b7232xo/odoo-210801/addons/stock/stock_report.xml
2026-02-03 09:49:32,538 - Knowledge - INFO - process ingested knowledge for /app/data/T0002/210801/b7232xo/odoo-210801/addons/stock/wizard/stock_traceability.py
2026-02-03 09:49:32,540 - Knowledge - INFO - [kw18] Queue=1023, InProgress=0, PendingWorkers=20/20, Completed=213/1263 (16.9%)
2026-02-03 09:49:32,540 - Knowledge - INFO - Batch sizing: calculated=10, max_allowed=10, queue=1023, active_workers=20/20
2026-02-03 09:49:32,613 - Knowledge - INFO - [kw19] Queue=1023, InProgress=0, PendingWorkers=20/20, Completed=213/1263 (16.9%)
2026-02-03 09:49:32,614 - Knowledge - INFO - [kw12] Queue=1023, InProgress=0, PendingWorkers=20/20, Completed=213/1263 (16.9%)
2026-02-03 09:49:32,614 - Knowledge - INFO - Batch sizing: calculated=10, max_allowed=10, queue=1023, active_workers=20/20
2026-02-03 09:49:32,615 - Knowledge - INFO - process ingested knowledge for /app/data/T0002/210801/b7232xo/odoo-210801/addons/purchase_manual/wizard/__init__.py
2026-02-03 09:49:32,615 - Knowledge - INFO - Batch sizing: calculated=10, max_allowed=10, queue=1023, active_workers=20/20
2026-02-03 09:49:32,702 - Knowledge - INFO - process ingested knowledge for /app/data/T0002/210801/b7232xo/odoo-210801/addons/stock/__terp__.py
2026-02-03 09:49:32,706 - Knowledge - INFO - [kw15] Queue=1023, InProgress=0, PendingWorkers=20/20, Completed=215/1263 (17.0%)
2026-02-03 09:49:32,706 - Knowledge - INFO - Batch sizing: calculated=10, max_allowed=10, queue=1023, active_workers=20/20
2026-02-03 09:49:32,707 - Knowledge - INFO - process ingested knowledge for /app/data/T0002/210801/b7232xo/odoo-210801/addons/stock/wizard/wizard_replacement.py
2026-02-03 09:49:32,833 - Knowledge - INFO - Async storing batch of 10 embeddings
2026-02-03 09:49:32,834 - Knowledge - INFO - Worker kw18 processing /app/data/T0002/210801/b7232xo/odoo-210801/addons/account_tax_include/__terp__.py
2026-02-03 09:49:32,834 - Knowledge - INFO - [kw16] Queue=1013, InProgress=0, PendingWorkers=20/20, Completed=215/1263 (17.0%)
2026-02-03 09:49:32,836 - Knowledge - INFO - process ingested knowledge for /app/data/T0002/210801/b7232xo/odoo-210801/addons/purchase_manual/purchase_manual_view.xml
2026-02-03 09:49:32,837 - Knowledge - INFO - Batch sizing: calculated=10, max_allowed=10, queue=1013, active_workers=20/20
2026-02-03 09:49:32,837 - Knowledge - INFO - Async storing batch of 10 embeddings
2026-02-03 09:49:32,838 - Knowledge - INFO - Fast-tracked /app/data/T0002/210801/b7232xo/odoo-210801/addons/account_tax_include/__terp__.py (ext=.py, size=1616)
2026-02-03 09:49:32,839 - Knowledge - INFO - Worker kw12 processing /app/data/T0002/210801/b7232xo/odoo-210801/addons/purchase_analytic_plans/purchase_analytic_plans.py
2026-02-03 09:49:32,839 - Knowledge - INFO - Worker kw18 processing /app/data/T0002/210801/b7232xo/odoo-210801/addons/account_tax_include/invoice_tax_incl.py
2026-02-03 09:49:32,841 - Knowledge - INFO - Worker kw18 processing /app/data/T0002/210801/b7232xo/odoo-210801/addons/account_tax_include/invoice_tax_incl.xml
2026-02-03 09:49:32,842 - Knowledge - INFO - Fast-tracked /app/data/T0002/210801/b7232xo/odoo-210801/addons/purchase_analytic_plans/purchase_analytic_plans.py (ext=.py, size=1744)
2026-02-03 09:49:32,842 - Knowledge - INFO - Worker kw12 processing /app/data/T0002/210801/b7232xo/odoo-210801/addons/purchase_analytic_plans/__init__.py
2026-02-03 09:49:32,843 - Knowledge - INFO - Fast-tracked /app/data/T0002/210801/b7232xo/odoo-210801/addons/account_tax_include/invoice_tax_incl.xml (ext=.xml, size=3907)
2026-02-03 09:49:32,844 - Knowledge - INFO - Worker kw18 processing /app/data/T0002/210801/b7232xo/odoo-210801/addons/account_tax_include/__init__.py
2026-02-03 09:49:32,844 - Knowledge - INFO - Fast-tracked /app/data/T0002/210801/b7232xo/odoo-210801/addons/purchase_analytic_plans/__init__.py (ext=.py, size=1223)
2026-02-03 09:49:32,844 - Knowledge - INFO - Worker kw12 processing /app/data/T0002/210801/b7232xo/odoo-210801/addons/membership/membership_data.xml
2026-02-03 09:49:32,845 - Knowledge - INFO - Fast-tracked /app/data/T0002/210801/b7232xo/odoo-210801/addons/account_tax_include/__init__.py (ext=.py, size=1083)
2026-02-03 09:49:32,846 - Knowledge - INFO - Worker kw18 processing /app/data/T0002/210801/b7232xo/odoo-210801/addons/board_sale/__terp__.py
2026-02-03 09:49:32,847 - Knowledge - INFO - Fast-tracked /app/data/T0002/210801/b7232xo/odoo-210801/addons/membership/membership_data.xml (ext=.xml, size=838)
2026-02-03 09:49:32,847 - Knowledge - INFO - Worker kw12 processing /app/data/T0002/210801/b7232xo/odoo-210801/addons/membership/__terp__.py
2026-02-03 09:49:32,848 - Knowledge - INFO - Fast-tracked /app/data/T0002/210801/b7232xo/odoo-210801/addons/board_sale/__terp__.py (ext=.py, size=1654)
2026-02-03 09:49:32,848 - Knowledge - INFO - Worker kw18 processing /app/data/T0002/210801/b7232xo/odoo-210801/addons/board_sale/board_sale_view.xml
2026-02-03 09:49:32,849 - Knowledge - INFO - Fast-tracked /app/data/T0002/210801/b7232xo/odoo-210801/addons/membership/__terp__.py (ext=.py, size=1989)
2026-02-03 09:49:32,849 - Knowledge - INFO - Worker kw12 processing /app/data/T0002/210801/b7232xo/odoo-210801/addons/membership/wizard/__init__.py
2026-02-03 09:49:32,850 - Knowledge - INFO - Fast-tracked /app/data/T0002/210801/b7232xo/odoo-210801/addons/board_sale/board_sale_view.xml (ext=.xml, size=2163)
2026-02-03 09:49:32,850 - Knowledge - INFO - Worker kw18 processing /app/data/T0002/210801/b7232xo/odoo-210801/addons/board_sale/__init__.py
2026-02-03 09:49:32,854 - Knowledge - INFO - Fast-tracked /app/data/T0002/210801/b7232xo/odoo-210801/addons/membership/wizard/__init__.py (ext=.py, size=1084)
2026-02-03 09:49:32,854 - Knowledge - INFO - Fast-tracked /app/data/T0002/210801/b7232xo/odoo-210801/addons/board_sale/__init__.py (ext=.py, size=1059)
2026-02-03 09:49:32,855 - Knowledge - INFO - Processing batch of 10 files
2026-02-03 09:49:32,855 - Knowledge - INFO - Worker kw12 processing /app/data/T0002/210801/b7232xo/odoo-210801/addons/membership/wizard/invoice_membership.py
2026-02-03 09:49:32,856 - Knowledge - INFO - Worker kw18 processing /app/data/T0002/210801/b7232xo/odoo-210801/addons/board_sale/board_sale_demo.xml
2026-02-03 09:49:32,857 - Knowledge - INFO - process ingested knowledge for /app/data/T0002/210801/b7232xo/odoo-210801/addons/base_module_quality/speed_test/speed_test.py
2026-02-03 09:49:32,858 - Knowledge - INFO - Worker kw12 processing /app/data/T0002/210801/b7232xo/odoo-210801/addons/membership/membership_view.xml
2026-02-03 09:49:32,859 - Knowledge - INFO - Fast-tracked /app/data/T0002/210801/b7232xo/odoo-210801/addons/board_sale/board_sale_demo.xml (ext=.xml, size=528)
2026-02-03 09:49:32,860 - Knowledge - INFO - Worker kw18 processing /app/data/T0002/210801/b7232xo/odoo-210801/addons/purchase_analytic_plans/__terp__.py
2026-02-03 09:49:32,861 - Knowledge - INFO - Fast-tracked /app/data/T0002/210801/b7232xo/odoo-210801/addons/membership/membership_view.xml (ext=.xml, size=26267)
2026-02-03 09:49:32,861 - Knowledge - INFO - Worker kw12 processing /app/data/T0002/210801/b7232xo/odoo-210801/addons/membership/demo_data.xml
2026-02-03 09:49:32,864 - Knowledge - INFO - Fast-tracked /app/data/T0002/210801/b7232xo/odoo-210801/addons/purchase_analytic_plans/__terp__.py (ext=.py, size=1595)
2026-02-03 09:49:32,864 - Knowledge - INFO - Fast-tracked /app/data/T0002/210801/b7232xo/odoo-210801/addons/membership/demo_data.xml (ext=.xml, size=7619)
2026-02-03 09:49:32,865 - Knowledge - INFO - Worker kw18 processing /app/data/T0002/210801/b7232xo/odoo-210801/addons/purchase_analytic_plans/purchase_analytic_plans_view.xml
2026-02-03 09:49:32,865 - Knowledge - INFO - Worker kw12 processing /app/data/T0002/210801/b7232xo/odoo-210801/addons/membership/membership.py
2026-02-03 09:49:32,867 - Knowledge - INFO - Fast-tracked /app/data/T0002/210801/b7232xo/odoo-210801/addons/purchase_analytic_plans/purchase_analytic_plans_view.xml (ext=.xml, size=539)
2026-02-03 09:49:32,868 - Knowledge - INFO - Worker kw12 processing /app/data/T0002/210801/b7232xo/odoo-210801/addons/membership/membership_wizard.xml
2026-02-03 09:49:32,871 - Knowledge - INFO - Fast-tracked /app/data/T0002/210801/b7232xo/odoo-210801/addons/membership/membership_wizard.xml (ext=.xml, size=62)
2026-02-03 09:49:32,878 - Knowledge - INFO - Async storage completed for 10 embeddings
2026-02-03 09:49:32,898 - Knowledge - INFO - Async storage completed for 10 embeddings
2026-02-03 09:49:32,988 - Knowledge - INFO - process ingested knowledge for /app/data/T0002/210801/b7232xo/odoo-210801/addons/stock/wizard/wizard_location_product.py
2026-02-03 09:49:32,988 - Knowledge - INFO - process ingested knowledge for /app/data/T0002/210801/b7232xo/odoo-210801/addons/report_sale/report_sale.py
2026-02-03 09:49:32,989 - Knowledge - INFO - process ingested knowledge for /app/data/T0002/210801/b7232xo/odoo-210801/addons/stock/wizard/__init__.py
2026-02-03 09:49:33,166 - Knowledge - INFO - Async storing batch of 10 embeddings
2026-02-03 09:49:33,168 - Knowledge - INFO - Worker kw19 processing /app/data/T0002/210801/b7232xo/odoo-210801/addons/membership/__init__.py
2026-02-03 09:49:33,182 - Knowledge - INFO - Fast-tracked /app/data/T0002/210801/b7232xo/odoo-210801/addons/membership/__init__.py (ext=.py, size=1089)
2026-02-03 09:49:33,182 - Knowledge - INFO - Worker kw19 processing /app/data/T0002/210801/b7232xo/odoo-210801/addons/membership/membership_demo.xml
2026-02-03 09:49:33,187 - Knowledge - INFO - Fast-tracked /app/data/T0002/210801/b7232xo/odoo-210801/addons/membership/membership_demo.xml (ext=.xml, size=8091)
2026-02-03 09:49:33,188 - Knowledge - INFO - Worker kw19 processing /app/data/T0002/210801/b7232xo/odoo-210801/addons/membership/process/membership_process.xml
2026-02-03 09:49:33,191 - Knowledge - INFO - Fast-tracked /app/data/T0002/210801/b7232xo/odoo-210801/addons/membership/process/membership_process.xml (ext=.xml, size=7276)
2026-02-03 09:49:33,192 - Knowledge - INFO - Worker kw19 processing /app/data/T0002/210801/b7232xo/odoo-210801/addons/event/security/event_security.xml
2026-02-03 09:49:33,202 - Knowledge - INFO - Fast-tracked /app/data/T0002/210801/b7232xo/odoo-210801/addons/event/security/event_security.xml (ext=.xml, size=342)
2026-02-03 09:49:33,203 - Knowledge - INFO - Worker kw19 processing /app/data/T0002/210801/b7232xo/odoo-210801/addons/event/event_data.xml
2026-02-03 09:49:33,205 - Knowledge - INFO - Fast-tracked /app/data/T0002/210801/b7232xo/odoo-210801/addons/event/event_data.xml (ext=.xml, size=214)
2026-02-03 09:49:33,206 - Knowledge - INFO - Worker kw19 processing /app/data/T0002/210801/b7232xo/odoo-210801/addons/event/__terp__.py
2026-02-03 09:49:33,227 - Knowledge - INFO - Worker kw19 processing /app/data/T0002/210801/b7232xo/odoo-210801/addons/event/wizard/event_registrations_partner.py
2026-02-03 09:49:33,230 - Knowledge - INFO - Worker kw19 processing /app/data/T0002/210801/b7232xo/odoo-210801/addons/event/wizard/make_invoice.py
2026-02-03 09:49:33,232 - Knowledge - INFO - Worker kw19 processing /app/data/T0002/210801/b7232xo/odoo-210801/addons/event/wizard/event_registration.py
2026-02-03 09:49:33,234 - Knowledge - INFO - Fast-tracked /app/data/T0002/210801/b7232xo/odoo-210801/addons/event/wizard/event_registration.py (ext=.py, size=1901)
2026-02-03 09:49:33,235 - Knowledge - INFO - Worker kw19 processing /app/data/T0002/210801/b7232xo/odoo-210801/addons/event/wizard/__init__.py
2026-02-03 09:49:33,236 - Knowledge - INFO - Fast-tracked /app/data/T0002/210801/b7232xo/odoo-210801/addons/event/wizard/__init__.py (ext=.py, size=1167)
2026-02-03 09:49:33,239 - Knowledge - INFO - Fast-tracked /app/data/T0002/210801/b7232xo/odoo-210801/addons/event/__terp__.py (small file (2097 bytes))
2026-02-03 09:49:33,241 - Knowledge - INFO - Fast-tracked /app/data/T0002/210801/b7232xo/odoo-210801/addons/event/wizard/event_registrations_partner.py (small file (2605 bytes))
2026-02-03 09:49:33,246 - Knowledge - INFO - Async storage completed for 10 embeddings
2026-02-03 09:49:33,402 - Knowledge - INFO - process ingested knowledge for /app/data/T0002/210801/b7232xo/odoo-210801/addons/purchase_manual/__init__.py
2026-02-03 09:49:33,405 - Knowledge - INFO - Async storing batch of 10 embeddings
2026-02-03 09:49:33,407 - Knowledge - INFO - Worker kw16 processing /app/data/T0002/210801/b7232xo/odoo-210801/addons/event/wizard/confirm_registration.py
2026-02-03 09:49:33,431 - Knowledge - INFO - Worker kw16 processing /app/data/T0002/210801/b7232xo/odoo-210801/addons/event/event_wizard.xml
2026-02-03 09:49:33,444 - Knowledge - INFO - Fast-tracked /app/data/T0002/210801/b7232xo/odoo-210801/addons/event/event_wizard.xml (ext=.xml, size=834)
2026-02-03 09:49:33,444 - Knowledge - INFO - Worker kw16 processing /app/data/T0002/210801/b7232xo/odoo-210801/addons/event/event_sequence.xml
2026-02-03 09:49:33,448 - Knowledge - INFO - Fast-tracked /app/data/T0002/210801/b7232xo/odoo-210801/addons/event/event_sequence.xml (ext=.xml, size=467)
2026-02-03 09:49:33,448 - Knowledge - INFO - Worker kw16 processing /app/data/T0002/210801/b7232xo/odoo-210801/addons/event/event.py
2026-02-03 09:49:33,458 - Knowledge - INFO - Worker kw16 processing /app/data/T0002/210801/b7232xo/odoo-210801/addons/event/event_demo.xml
2026-02-03 09:49:33,463 - Knowledge - INFO - Fast-tracked /app/data/T0002/210801/b7232xo/odoo-210801/addons/event/event_demo.xml (ext=.xml, size=4479)
2026-02-03 09:49:33,463 - Knowledge - INFO - Worker kw16 processing /app/data/T0002/210801/b7232xo/odoo-210801/addons/event/event_view.xml
2026-02-03 09:49:33,465 - Knowledge - INFO - Fast-tracked /app/data/T0002/210801/b7232xo/odoo-210801/addons/event/event_view.xml (ext=.xml, size=15037)
2026-02-03 09:49:33,466 - Knowledge - INFO - Worker kw16 processing /app/data/T0002/210801/b7232xo/odoo-210801/addons/event/__init__.py
2026-02-03 09:49:33,468 - Knowledge - INFO - Fast-tracked /app/data/T0002/210801/b7232xo/odoo-210801/addons/event/__init__.py (ext=.py, size=1084)
2026-02-03 09:49:33,468 - Knowledge - INFO - Worker kw16 processing /app/data/T0002/210801/b7232xo/odoo-210801/addons/mrp_operations/mrp_operations_report.xml
2026-02-03 09:49:33,471 - Knowledge - INFO - Fast-tracked /app/data/T0002/210801/b7232xo/odoo-210801/addons/mrp_operations/mrp_operations_report.xml (ext=.xml, size=461)
2026-02-03 09:49:33,471 - Knowledge - INFO - Worker kw16 processing /app/data/T0002/210801/b7232xo/odoo-210801/addons/mrp_operations/report/mrp_wc_barcode.py
2026-02-03 09:49:33,475 - Knowledge - INFO - Fast-tracked /app/data/T0002/210801/b7232xo/odoo-210801/addons/mrp_operations/report/mrp_wc_barcode.py (ext=.py, size=1510)
2026-02-03 09:49:33,476 - Knowledge - INFO - Worker kw16 processing /app/data/T0002/210801/b7232xo/odoo-210801/addons/mrp_operations/report/__init__.py
2026-02-03 09:49:33,483 - Knowledge - INFO - Fast-tracked /app/data/T0002/210801/b7232xo/odoo-210801/addons/mrp_operations/report/__init__.py (ext=.py, size=1104)
2026-02-03 09:49:33,486 - Knowledge - INFO - Fast-tracked /app/data/T0002/210801/b7232xo/odoo-210801/addons/event/wizard/confirm_registration.py (small file (2921 bytes))
2026-02-03 09:49:33,493 - Knowledge - INFO - Async storage completed for 10 embeddings
2026-02-03 09:49:33,581 - Knowledge - INFO - Async storing batch of 10 embeddings
2026-02-03 09:49:33,581 - Knowledge - INFO - Worker kw15 processing /app/data/T0002/210801/b7232xo/odoo-210801/addons/mrp_operations/report/mrp_code_barcode.py
2026-02-03 09:49:33,585 - Knowledge - INFO - Processing batch of 10 files
2026-02-03 09:49:33,589 - Knowledge - INFO - process ingested knowledge for /app/data/T0002/210801/b7232xo/odoo-210801/addons/stock/wizard/wizard_split_lot_line.py
2026-02-03 09:49:33,589 - Knowledge - INFO - Fast-tracked /app/data/T0002/210801/b7232xo/odoo-210801/addons/mrp_operations/report/mrp_code_barcode.py (ext=.py, size=1520)
2026-02-03 09:49:33,589 - Knowledge - INFO - process ingested knowledge for /app/data/T0002/210801/b7232xo/odoo-210801/addons/base_iban/base_iban_view.xml
2026-02-03 09:49:33,628 - Knowledge - INFO - process ingested knowledge for /app/data/T0002/210801/b7232xo/odoo-210801/addons/report_sale/__init__.py
2026-02-03 09:49:33,658 - Knowledge - INFO - Worker kw15 processing /app/data/T0002/210801/b7232xo/odoo-210801/addons/mrp_operations/__terp__.py
2026-02-03 09:49:33,701 - Knowledge - INFO - Worker kw15 processing /app/data/T0002/210801/b7232xo/odoo-210801/addons/mrp_operations/mrp_operations.py
2026-02-03 09:49:33,748 - Knowledge - INFO - Worker kw15 processing /app/data/T0002/210801/b7232xo/odoo-210801/addons/mrp_operations/mrp_operations_workflow.xml
2026-02-03 09:49:33,759 - Knowledge - INFO - Fast-tracked /app/data/T0002/210801/b7232xo/odoo-210801/addons/mrp_operations/mrp_operations_workflow.xml (ext=.xml, size=4460)
2026-02-03 09:49:33,759 - Knowledge - INFO - Worker kw15 processing /app/data/T0002/210801/b7232xo/odoo-210801/addons/mrp_operations/mrp_operations_view.xml
2026-02-03 09:49:33,773 - Knowledge - INFO - Fast-tracked /app/data/T0002/210801/b7232xo/odoo-210801/addons/mrp_operations/mrp_operations_view.xml (ext=.xml, size=13711)
2026-02-03 09:49:33,775 - Knowledge - INFO - Worker kw15 processing /app/data/T0002/210801/b7232xo/odoo-210801/addons/mrp_operations/__init__.py
2026-02-03 09:49:33,791 - Knowledge - INFO - Fast-tracked /app/data/T0002/210801/b7232xo/odoo-210801/addons/mrp_operations/__init__.py (ext=.py, size=1094)
2026-02-03 09:49:33,792 - Knowledge - INFO - Worker kw15 processing /app/data/T0002/210801/b7232xo/odoo-210801/addons/mrp_operations/mrp_operation_data.xml
2026-02-03 09:49:33,893 - Knowledge - INFO - Fast-tracked /app/data/T0002/210801/b7232xo/odoo-210801/addons/mrp_operations/mrp_operation_data.xml (ext=.xml, size=1002)
2026-02-03 09:49:33,923 - Knowledge - INFO - Worker kw15 processing /app/data/T0002/210801/b7232xo/odoo-210801/addons/mrp_operations/process/mrp_operation_process.xml
2026-02-03 09:49:33,957 - Knowledge - INFO - Fast-tracked /app/data/T0002/210801/b7232xo/odoo-210801/addons/mrp_operations/process/mrp_operation_process.xml (ext=.xml, size=6111)
2026-02-03 09:49:33,963 - Knowledge - INFO - Worker kw15 processing /app/data/T0002/210801/b7232xo/odoo-210801/addons/profile_crm/__terp__.py
2026-02-03 09:49:33,978 - Knowledge - INFO - Fast-tracked /app/data/T0002/210801/b7232xo/odoo-210801/addons/profile_crm/__terp__.py (ext=.py, size=1386)
2026-02-03 09:49:33,988 - Knowledge - INFO - Worker kw15 processing /app/data/T0002/210801/b7232xo/odoo-210801/addons/profile_crm/__init__.py
2026-02-03 09:49:34,061 - Knowledge - INFO - Fast-tracked /app/data/T0002/210801/b7232xo/odoo-210801/addons/profile_crm/__init__.py (ext=.py, size=1058)
2026-02-03 09:49:34,173 - Knowledge - INFO - Fast-tracked /app/data/T0002/210801/b7232xo/odoo-210801/addons/mrp_operations/__terp__.py (small file (2749 bytes))
2026-02-03 09:49:34,442 - Knowledge - INFO - Async storage completed for 10 embeddings
2026-02-03 09:49:34,829 - Knowledge - INFO - process ingested knowledge for /app/data/T0002/210801/b7232xo/odoo-210801/addons/base_module_quality/structure_test/__init__.py
2026-02-03 09:49:34,896 - Knowledge - INFO - process ingested knowledge for /app/data/T0002/210801/b7232xo/odoo-210801/addons/stock/wizard/wizard_return.py
2026-02-03 09:49:35,584 - Knowledge - INFO - process ingested knowledge for /app/data/T0002/210801/b7232xo/odoo-210801/addons/analytic_user_function/__terp__.py
2026-02-03 09:49:36,012 - Knowledge - INFO - [kw17] Queue=973, InProgress=0, PendingWorkers=20/20, Completed=222/1263 (17.6%)
2026-02-03 09:49:36,037 - Knowledge - INFO - Batch sizing: calculated=8, max_allowed=10, queue=973, active_workers=20/20
2026-02-03 09:49:36,497 - Knowledge - INFO - process ingested knowledge for /app/data/T0002/210801/b7232xo/odoo-210801/addons/stock/wizard/wizard_partial_picking.py
2026-02-03 09:49:36,515 - Knowledge - INFO - process ingested knowledge for /app/data/T0002/210801/b7232xo/odoo-210801/addons/base_iban/base_iban.py
2026-02-03 09:49:36,517 - Knowledge - INFO - process ingested knowledge for /app/data/T0002/210801/b7232xo/odoo-210801/addons/stock/wizard/wizard_ups.py
2026-02-03 09:49:36,857 - Knowledge - INFO - process ingested knowledge for /app/data/T0002/210801/b7232xo/odoo-210801/addons/analytic_user_function/analytic_user_function_view.xml
2026-02-03 09:49:37,368 - Knowledge - INFO - Async storing batch of 10 embeddings
2026-02-03 09:49:37,374 - Knowledge - INFO - Worker kw17 processing /app/data/T0002/210801/b7232xo/odoo-210801/addons/crm/scripts/openerp-mailgate/openerp-mailgate.py
2026-02-03 09:49:37,440 - Knowledge - INFO - Worker kw17 processing /app/data/T0002/210801/b7232xo/odoo-210801/addons/crm/security/crm_security.xml
2026-02-03 09:49:37,524 - Knowledge - INFO - Fast-tracked /app/data/T0002/210801/b7232xo/odoo-210801/addons/crm/security/crm_security.xml (ext=.xml, size=631)
2026-02-03 09:49:37,524 - Knowledge - INFO - Worker kw17 processing /app/data/T0002/210801/b7232xo/odoo-210801/addons/crm/crm_report.xml
2026-02-03 09:49:37,561 - Knowledge - INFO - Fast-tracked /app/data/T0002/210801/b7232xo/odoo-210801/addons/crm/crm_report.xml (ext=.xml, size=272)
2026-02-03 09:49:37,607 - Knowledge - INFO - Worker kw17 processing /app/data/T0002/210801/b7232xo/odoo-210801/addons/crm/report/report_businessopp.py
2026-02-03 09:49:37,691 - Knowledge - INFO - Worker kw17 processing /app/data/T0002/210801/b7232xo/odoo-210801/addons/crm/report/__init__.py
2026-02-03 09:49:37,762 - Knowledge - INFO - Fast-tracked /app/data/T0002/210801/b7232xo/odoo-210801/addons/crm/report/__init__.py (ext=.py, size=1085)
2026-02-03 09:49:37,763 - Knowledge - INFO - Worker kw17 processing /app/data/T0002/210801/b7232xo/odoo-210801/addons/crm/crm_data.xml
2026-02-03 09:49:37,776 - Knowledge - INFO - Fast-tracked /app/data/T0002/210801/b7232xo/odoo-210801/addons/crm/crm_data.xml (ext=.xml, size=2629)
2026-02-03 09:49:37,776 - Knowledge - INFO - Worker kw17 processing /app/data/T0002/210801/b7232xo/odoo-210801/addons/crm/crm_segmentation.py
2026-02-03 09:49:37,843 - Knowledge - INFO - Worker kw17 processing /app/data/T0002/210801/b7232xo/odoo-210801/addons/crm/__terp__.py
2026-02-03 09:49:37,993 - Knowledge - INFO - process ingested knowledge for /app/data/T0002/210801/b7232xo/odoo-210801/addons/base_module_quality/structure_test/structure_test.py
2026-02-03 09:49:38,722 - Knowledge - INFO - process ingested knowledge for /app/data/T0002/210801/b7232xo/odoo-210801/addons/base_iban/__init__.py
2026-02-03 09:49:38,962 - Knowledge - INFO - Fast-tracked /app/data/T0002/210801/b7232xo/odoo-210801/addons/crm/__terp__.py (small file (2603 bytes))
2026-02-03 09:49:38,964 - Knowledge - INFO - Async storage completed for 10 embeddings
2026-02-03 09:49:40,017 - Knowledge - INFO - process ingested knowledge for /app/data/T0002/210801/b7232xo/odoo-210801/addons/analytic_user_function/__init__.py
2026-02-03 09:49:40,361 - Knowledge - INFO - Processing batch of 10 files
2026-02-03 09:49:40,563 - Knowledge - INFO - process ingested knowledge for /app/data/T0002/210801/b7232xo/odoo-210801/addons/account_followup/wizard/wizard_followup_print.py
2026-02-03 09:49:40,623 - Knowledge - INFO - process ingested knowledge for /app/data/T0002/210801/b7232xo/odoo-210801/addons/stock/wizard/inventory_merge.py
2026-02-03 09:49:41,162 - Knowledge - INFO - process ingested knowledge for /app/data/T0002/210801/b7232xo/odoo-210801/addons/base_module_quality/method_test/__init__.py
2026-02-03 09:49:41,231 - Knowledge - INFO - process ingested knowledge for /app/data/T0002/210801/b7232xo/odoo-210801/addons/stock/product_data.xml
2026-02-03 09:49:42,728 - Knowledge - INFO - process ingested knowledge for /app/data/T0002/210801/b7232xo/odoo-210801/addons/analytic_user_function/analytic_user_function.py
2026-02-03 09:49:44,293 - Knowledge - INFO - [LLM_CALL] Completed: stock.py:chunk2, Duration: 19587ms, PromptTokens: 17112, CompletionTokens: 1149, Cost: $0.00217
2026-02-03 09:49:44,511 - Knowledge - INFO - [LLM_CALL] Completed: make_invoice.py:chunk1, Duration: 11268ms, PromptTokens: 3896, CompletionTokens: 487, Cost: $0.00058
2026-02-03 09:49:44,512 - Knowledge - INFO - done ingest for /app/data/T0002/210801/b7232xo/odoo-210801/addons/event/wizard/make_invoice.py
2026-02-03 09:49:44,574 - Knowledge - INFO - [LLM_CALL] Completed: invoice_tax_incl.py:chunk1, Duration: 11700ms, PromptTokens: 6234, CompletionTokens: 552, Cost: $0.00084
2026-02-03 09:49:44,651 - Knowledge - INFO - done ingest for /app/data/T0002/210801/b7232xo/odoo-210801/addons/account_tax_include/invoice_tax_incl.py
2026-02-03 09:49:44,684 - Knowledge - INFO - process ingested knowledge for /app/data/T0002/210801/b7232xo/odoo-210801/addons/account_followup/wizard/__init__.py
2026-02-03 09:49:44,693 - Knowledge - INFO - process ingested knowledge for /app/data/T0002/210801/b7232xo/odoo-210801/addons/stock/wizard/wizard_invoice_onshipping.py
2026-02-03 09:49:44,716 - Knowledge - INFO - process ingested knowledge for /app/data/T0002/210801/b7232xo/odoo-210801/addons/base_module_quality/method_test/method_test.py
2026-02-03 09:49:44,728 - Knowledge - INFO - process ingested knowledge for /app/data/T0002/210801/b7232xo/odoo-210801/addons/stock/partner_view.xml
2026-02-03 09:49:45,024 - Knowledge - INFO - process ingested knowledge for /app/data/T0002/210801/b7232xo/odoo-210801/addons/account_voucher/account.py
2026-02-03 09:49:45,228 - Knowledge - INFO - process ingested knowledge for /app/data/T0002/210801/b7232xo/odoo-210801/addons/account_followup/followup_view.xml
2026-02-03 09:49:45,728 - Knowledge - INFO - process ingested knowledge for /app/data/T0002/210801/b7232xo/odoo-210801/addons/stock/wizard/wizard_picking_make.py
2026-02-03 09:49:45,738 - Knowledge - INFO - process ingested knowledge for /app/data/T0002/210801/b7232xo/odoo-210801/addons/base_module_quality/pep8_test/pep8_test.py
2026-02-03 09:49:46,627 - Knowledge - INFO - process ingested knowledge for /app/data/T0002/210801/b7232xo/odoo-210801/addons/account_followup/followup_data.xml
2026-02-03 09:49:47,023 - Knowledge - INFO - process ingested knowledge for /app/data/T0002/210801/b7232xo/odoo-210801/addons/account_followup/followup_demo.xml
2026-02-03 09:49:47,928 - Knowledge - INFO - process ingested knowledge for /app/data/T0002/210801/b7232xo/odoo-210801/addons/base_module_quality/pep8_test/__init__.py
2026-02-03 09:49:48,665 - Knowledge - INFO - process ingested knowledge for /app/data/T0002/210801/b7232xo/odoo-210801/addons/account_voucher/report/rml_parse.py
2026-02-03 09:49:49,210 - Knowledge - INFO - process ingested knowledge for /app/data/T0002/210801/b7232xo/odoo-210801/addons/account_followup/report/report_followup_print.py
2026-02-03 09:49:49,250 - Knowledge - INFO - process ingested knowledge for /app/data/T0002/210801/b7232xo/odoo-210801/addons/account_followup/__init__.py
2026-02-03 09:49:50,035 - Knowledge - INFO - process ingested knowledge for /app/data/T0002/210801/b7232xo/odoo-210801/addons/base_module_quality/README.txt
2026-02-03 09:49:51,992 - Knowledge - INFO - process ingested knowledge for /app/data/T0002/210801/b7232xo/odoo-210801/addons/account_followup/report/__init__.py
2026-02-03 09:49:52,190 - Knowledge - INFO - [LLM_CALL] Completed: report_businessopp.py:chunk1, Duration: 13727ms, PromptTokens: 3740, CompletionTokens: 463, Cost: $0.00056
2026-02-03 09:49:52,195 - Knowledge - INFO - done ingest for /app/data/T0002/210801/b7232xo/odoo-210801/addons/crm/report/report_businessopp.py
2026-02-03 09:49:52,329 - Knowledge - INFO - [LLM_CALL] Completed: invoice_membership.py:chunk1, Duration: 19454ms, PromptTokens: 3162, CompletionTokens: 403, Cost: $0.00048
2026-02-03 09:49:52,330 - Knowledge - INFO - done ingest for /app/data/T0002/210801/b7232xo/odoo-210801/addons/membership/wizard/invoice_membership.py
2026-02-03 09:49:53,355 - Knowledge - INFO - process ingested knowledge for /app/data/T0002/210801/b7232xo/odoo-210801/addons/account_followup/followup.py
2026-02-03 09:49:53,361 - Knowledge - INFO - [WEBSOCKET] Sent: Type=progress_update, Size: 292, Duration: 0ms
2026-02-03 09:49:53,388 - Knowledge - INFO - process ingested knowledge for /app/data/T0002/210801/b7232xo/odoo-210801/addons/base_module_quality/terp_test/terp_test.py
2026-02-03 09:49:53,468 - Knowledge - INFO - [WEBSOCKET] Sent: Type=unknown, Size: ?, Duration: 107ms
2026-02-03 09:49:53,469 - Knowledge - INFO - Progress: 18.6% | Files: 235/1263 | Rate: 1.99 files/sec | Queue: 965
2026-02-03 09:49:55,239 - Knowledge - INFO - process ingested knowledge for /app/data/T0002/210801/b7232xo/odoo-210801/addons/account_followup/followup_report_view.xml
2026-02-03 09:49:55,746 - Knowledge - INFO - process ingested knowledge for /app/data/T0002/210801/b7232xo/odoo-210801/addons/account_voucher/report/report_voucher.py
2026-02-03 09:49:55,748 - Knowledge - INFO - process ingested knowledge for /app/data/T0002/210801/b7232xo/odoo-210801/addons/stock_location/__terp__.py
2026-02-03 09:49:55,762 - Knowledge - INFO - process ingested knowledge for /app/data/T0002/210801/b7232xo/odoo-210801/addons/base_module_quality/terp_test/__init__.py
2026-02-03 09:49:56,432 - Knowledge - INFO - [LLM_CALL] Completed: event.py:chunk1, Duration: 22944ms, PromptTokens: 11438, CompletionTokens: 1313, Cost: $0.00167
2026-02-03 09:49:56,432 - Knowledge - INFO - done ingest for /app/data/T0002/210801/b7232xo/odoo-210801/addons/event/event.py
2026-02-03 09:49:56,712 - Knowledge - INFO - [LLM_CALL] Completed: membership.py:chunk1, Duration: 23818ms, PromptTokens: 14030, CompletionTokens: 1030, Cost: $0.00181
2026-02-03 09:49:56,713 - Knowledge - INFO - done ingest for /app/data/T0002/210801/b7232xo/odoo-210801/addons/membership/membership.py
2026-02-03 09:49:56,779 - Knowledge - INFO - process ingested knowledge for /app/data/T0002/210801/b7232xo/odoo-210801/addons/account_followup/followup_report.py
2026-02-03 09:49:57,597 - Knowledge - INFO - [kw14] Queue=965, InProgress=0, PendingWorkers=20/20, Completed=239/1263 (18.9%)
2026-02-03 09:49:57,603 - Knowledge - INFO - Batch sizing: calculated=8, max_allowed=10, queue=965, active_workers=20/20
2026-02-03 09:49:57,663 - Knowledge - INFO - process ingested knowledge for /app/data/T0002/210801/b7232xo/odoo-210801/addons/stock_location/stock_view.xml
2026-02-03 09:49:58,028 - Knowledge - INFO - [kw3] Queue=965, InProgress=0, PendingWorkers=20/20, Completed=240/1263 (19.0%)
2026-02-03 09:49:58,056 - Knowledge - INFO - Batch sizing: calculated=8, max_allowed=10, queue=965, active_workers=20/20
2026-02-03 09:49:58,197 - Knowledge - INFO - [LLM_CALL] Completed: crm_segmentation.py:chunk1, Duration: 19466ms, PromptTokens: 4800, CompletionTokens: 371, Cost: $0.00063
2026-02-03 09:49:58,203 - Knowledge - INFO - done ingest for /app/data/T0002/210801/b7232xo/odoo-210801/addons/crm/crm_segmentation.py
2026-02-03 09:49:58,489 - Knowledge - INFO - process ingested knowledge for /app/data/T0002/210801/b7232xo/odoo-210801/addons/account_followup/__terp__.py
2026-02-03 09:49:59,989 - Knowledge - INFO - [LLM_CALL] Completed: mrp_operations.py:chunk1, Duration: 25614ms, PromptTokens: 12088, CompletionTokens: 1378, Cost: $0.00176
2026-02-03 09:50:00,033 - Knowledge - INFO - done ingest for /app/data/T0002/210801/b7232xo/odoo-210801/addons/mrp_operations/mrp_operations.py
2026-02-03 09:50:00,039 - Knowledge - INFO - process ingested knowledge for /app/data/T0002/210801/b7232xo/odoo-210801/addons/stock_location/stock.py
2026-02-03 09:50:00,066 - Knowledge - INFO - Async storing batch of 10 embeddings
2026-02-03 09:50:00,068 - Knowledge - INFO - Worker kw14 processing /app/data/T0002/210801/b7232xo/odoo-210801/addons/crm/wizard/crm_wizard.py
2026-02-03 09:50:00,104 - Knowledge - INFO - Worker kw14 processing /app/data/T0002/210801/b7232xo/odoo-210801/addons/crm/wizard/__init__.py
2026-02-03 09:50:00,152 - Knowledge - INFO - Fast-tracked /app/data/T0002/210801/b7232xo/odoo-210801/addons/crm/wizard/__init__.py (ext=.py, size=1077)
2026-02-03 09:50:00,157 - Knowledge - INFO - Worker kw14 processing /app/data/T0002/210801/b7232xo/odoo-210801/addons/crm/crm_wizard.xml
2026-02-03 09:50:00,255 - Knowledge - INFO - Fast-tracked /app/data/T0002/210801/b7232xo/odoo-210801/addons/crm/crm_wizard.xml (ext=.xml, size=374)
2026-02-03 09:50:00,255 - Knowledge - INFO - Worker kw14 processing /app/data/T0002/210801/b7232xo/odoo-210801/addons/crm/crm.py
2026-02-03 09:50:00,281 - Knowledge - INFO - Worker kw14 processing /app/data/T0002/210801/b7232xo/odoo-210801/addons/crm/crm_demo.xml
2026-02-03 09:50:00,289 - Knowledge - INFO - Fast-tracked /app/data/T0002/210801/b7232xo/odoo-210801/addons/crm/crm_demo.xml (ext=.xml, size=98)
2026-02-03 09:50:00,289 - Knowledge - INFO - Worker kw14 processing /app/data/T0002/210801/b7232xo/odoo-210801/addons/crm/crm_view.xml
2026-02-03 09:50:00,295 - Knowledge - INFO - Fast-tracked /app/data/T0002/210801/b7232xo/odoo-210801/addons/crm/crm_view.xml (ext=.xml, size=31164)
2026-02-03 09:50:00,323 - Knowledge - INFO - Worker kw14 processing /app/data/T0002/210801/b7232xo/odoo-210801/addons/crm/crm_operators.py
2026-02-03 09:50:00,337 - Knowledge - INFO - Worker kw14 processing /app/data/T0002/210801/b7232xo/odoo-210801/addons/crm/__init__.py
2026-02-03 09:50:00,367 - Knowledge - INFO - Fast-tracked /app/data/T0002/210801/b7232xo/odoo-210801/addons/crm/__init__.py (ext=.py, size=1123)
2026-02-03 09:50:00,654 - Knowledge - INFO - Fast-tracked /app/data/T0002/210801/b7232xo/odoo-210801/addons/crm/crm_operators.py (small file (2216 bytes))
2026-02-03 09:50:00,660 - Knowledge - INFO - Async storage completed for 10 embeddings
2026-02-03 09:50:00,882 - Knowledge - INFO - Processing batch of 10 files
2026-02-03 09:50:00,882 - Knowledge - INFO - process ingested knowledge for /app/data/T0002/210801/b7232xo/odoo-210801/setup.py
2026-02-03 09:50:01,474 - Knowledge - INFO - process ingested knowledge for /app/data/T0002/210801/b7232xo/odoo-210801/addons/stock_location/__init__.py
2026-02-03 09:50:01,488 - Knowledge - INFO - Async storing batch of 10 embeddings
2026-02-03 09:50:01,497 - Knowledge - INFO - [LLM_CALL] Completed: stock.py:chunk3, Duration: 17176ms, PromptTokens: 8110, CompletionTokens: 1139, Cost: $0.00127
2026-02-03 09:50:01,499 - Knowledge - INFO - Worker kw3 processing /app/data/T0002/210801/b7232xo/odoo-210801/addons/l10n_fr/l10n_fr_pcg_view.xml
2026-02-03 09:50:01,525 - Knowledge - INFO - done ingest for /app/data/T0002/210801/b7232xo/odoo-210801/addons/stock/stock.py
2026-02-03 09:50:01,584 - Knowledge - INFO - Fast-tracked /app/data/T0002/210801/b7232xo/odoo-210801/addons/l10n_fr/l10n_fr_pcg_view.xml (ext=.xml, size=392)
2026-02-03 09:50:01,603 - Knowledge - INFO - Worker kw3 processing /app/data/T0002/210801/b7232xo/odoo-210801/addons/l10n_fr/tax.xml
2026-02-03 09:50:01,634 - Knowledge - INFO - Fast-tracked /app/data/T0002/210801/b7232xo/odoo-210801/addons/l10n_fr/tax.xml (ext=.xml, size=29782)
2026-02-03 09:50:01,634 - Knowledge - INFO - Worker kw3 processing /app/data/T0002/210801/b7232xo/odoo-210801/addons/l10n_fr/report/cdr.py
2026-02-03 09:50:01,732 - Knowledge - INFO - Fast-tracked /app/data/T0002/210801/b7232xo/odoo-210801/addons/l10n_fr/report/cdr.py (ext=.py, size=1719)
2026-02-03 09:50:01,765 - Knowledge - INFO - Worker kw3 processing /app/data/T0002/210801/b7232xo/odoo-210801/addons/l10n_fr/report/base_report.py
2026-02-03 09:50:01,799 - Knowledge - INFO - Worker kw3 processing /app/data/T0002/210801/b7232xo/odoo-210801/addons/l10n_fr/report/bilan.py
2026-02-03 09:50:01,839 - Knowledge - INFO - Fast-tracked /app/data/T0002/210801/b7232xo/odoo-210801/addons/l10n_fr/report/bilan.py (ext=.py, size=1729)
2026-02-03 09:50:01,839 - Knowledge - INFO - Worker kw3 processing /app/data/T0002/210801/b7232xo/odoo-210801/addons/l10n_fr/report/__init__.py
2026-02-03 09:50:01,845 - Knowledge - INFO - process ingested knowledge for /app/data/T0002/210801/b7232xo/odoo-210801/addons/account_followup/wizard/wizard_view.xml
2026-02-03 09:50:01,912 - Knowledge - INFO - Fast-tracked /app/data/T0002/210801/b7232xo/odoo-210801/addons/l10n_fr/report/__init__.py (ext=.py, size=1445)
2026-02-03 09:50:01,935 - Knowledge - INFO - Worker kw3 processing /app/data/T0002/210801/b7232xo/odoo-210801/addons/l10n_fr/l10n_fr_pcg_wizard.xml
2026-02-03 09:50:01,959 - Knowledge - INFO - Fast-tracked /app/data/T0002/210801/b7232xo/odoo-210801/addons/l10n_fr/l10n_fr_pcg_wizard.xml (ext=.xml, size=1189)
2026-02-03 09:50:01,966 - Knowledge - INFO - Worker kw3 processing /app/data/T0002/210801/b7232xo/odoo-210801/addons/l10n_fr/fiscal_templates_fr.xml
2026-02-03 09:50:01,991 - Knowledge - INFO - Fast-tracked /app/data/T0002/210801/b7232xo/odoo-210801/addons/l10n_fr/fiscal_templates_fr.xml (ext=.xml, size=8715)
2026-02-03 09:50:02,224 - Knowledge - INFO - Async storage completed for 10 embeddings
2026-02-03 09:50:02,522 - Knowledge - INFO - [kw9] Queue=949, InProgress=0, PendingWorkers=20/20, Completed=252/1263 (20.0%)
2026-02-03 09:50:02,534 - Knowledge - INFO - Batch sizing: calculated=8, max_allowed=10, queue=949, active_workers=20/20
2026-02-03 09:50:03,173 - Knowledge - INFO - process ingested knowledge for /app/data/T0002/210801/b7232xo/odoo-210801/doc/migrate/3.4.0-4.0.0/pre.py
2026-02-03 09:50:03,174 - Knowledge - INFO - process ingested knowledge for /app/data/T0002/210801/b7232xo/odoo-210801/doc/migrate/3.4.0-4.0.0/post-tiny.py
2026-02-03 09:50:03,580 - Knowledge - INFO - [kw11] Queue=949, InProgress=0, PendingWorkers=20/20, Completed=258/1263 (20.4%)
2026-02-03 09:50:03,602 - Knowledge - INFO - Batch sizing: calculated=8, max_allowed=10, queue=949, active_workers=20/20
2026-02-03 09:50:05,182 - Knowledge - INFO - Async storing batch of 10 embeddings
2026-02-03 09:50:05,183 - Knowledge - INFO - Worker kw9 processing /app/data/T0002/210801/b7232xo/odoo-210801/addons/l10n_fr/__terp__.py
2026-02-03 09:50:05,209 - Knowledge - INFO - Async storing batch of 10 embeddings
2026-02-03 09:50:05,291 - Knowledge - INFO - Worker kw11 processing /app/data/T0002/210801/b7232xo/odoo-210801/addons/l10n_fr/l10n_fr_pcg_report.xml
2026-02-03 09:50:05,343 - Knowledge - INFO - Worker kw9 processing /app/data/T0002/210801/b7232xo/odoo-210801/addons/l10n_fr/l10n_fr_pcg_taxes.xml
2026-02-03 09:50:05,365 - Knowledge - INFO - Fast-tracked /app/data/T0002/210801/b7232xo/odoo-210801/addons/l10n_fr/l10n_fr_pcg_report.xml (ext=.xml, size=449)
2026-02-03 09:50:05,390 - Knowledge - INFO - Fast-tracked /app/data/T0002/210801/b7232xo/odoo-210801/addons/l10n_fr/l10n_fr_pcg_taxes.xml (ext=.xml, size=47334)
2026-02-03 09:50:05,406 - Knowledge - INFO - Worker kw11 processing /app/data/T0002/210801/b7232xo/odoo-210801/addons/l10n_fr/report.xml
2026-02-03 09:50:05,417 - Knowledge - INFO - Worker kw9 processing /app/data/T0002/210801/b7232xo/odoo-210801/addons/l10n_fr/wizard/cdr.py
2026-02-03 09:50:05,464 - Knowledge - INFO - Fast-tracked /app/data/T0002/210801/b7232xo/odoo-210801/addons/l10n_fr/report.xml (ext=.xml, size=44132)
2026-02-03 09:50:05,465 - Knowledge - INFO - Worker kw11 processing /app/data/T0002/210801/b7232xo/odoo-210801/addons/l10n_fr/__init__.py
2026-02-03 09:50:05,465 - Knowledge - INFO - Worker kw9 processing /app/data/T0002/210801/b7232xo/odoo-210801/addons/l10n_fr/wizard/bilan.py
2026-02-03 09:50:05,484 - Knowledge - INFO - Worker kw9 processing /app/data/T0002/210801/b7232xo/odoo-210801/addons/l10n_fr/wizard/__init__.py
2026-02-03 09:50:05,488 - Knowledge - INFO - Fast-tracked /app/data/T0002/210801/b7232xo/odoo-210801/addons/l10n_fr/__init__.py (ext=.py, size=1445)
2026-02-03 09:50:05,570 - Knowledge - INFO - Fast-tracked /app/data/T0002/210801/b7232xo/odoo-210801/addons/l10n_fr/wizard/__init__.py (ext=.py, size=1426)
2026-02-03 09:50:05,580 - Knowledge - INFO - Worker kw11 processing /app/data/T0002/210801/b7232xo/odoo-210801/addons/account_balance/account_wizard.xml
2026-02-03 09:50:05,600 - Knowledge - INFO - Worker kw9 processing /app/data/T0002/210801/b7232xo/odoo-210801/addons/l10n_fr/l10n_fr_pcg_account_report.xml
2026-02-03 09:50:05,727 - Knowledge - INFO - Fast-tracked /app/data/T0002/210801/b7232xo/odoo-210801/addons/account_balance/account_wizard.xml (ext=.xml, size=327)
2026-02-03 09:50:05,728 - Knowledge - INFO - Worker kw11 processing /app/data/T0002/210801/b7232xo/odoo-210801/addons/account_balance/report/rml_parse.py
2026-02-03 09:50:05,734 - Knowledge - INFO - Fast-tracked /app/data/T0002/210801/b7232xo/odoo-210801/addons/l10n_fr/l10n_fr_pcg_account_report.xml (ext=.xml, size=47910)
2026-02-03 09:50:05,737 - Knowledge - INFO - Worker kw9 processing /app/data/T0002/210801/b7232xo/odoo-210801/addons/l10n_fr/l10n_fr.py
2026-02-03 09:50:05,748 - Knowledge - INFO - Worker kw11 processing /app/data/T0002/210801/b7232xo/odoo-210801/addons/account_balance/report/account_balance.py
2026-02-03 09:50:05,773 - Knowledge - INFO - Worker kw11 processing /app/data/T0002/210801/b7232xo/odoo-210801/addons/account_balance/report/account_balance_landscape.py
2026-02-03 09:50:05,803 - Knowledge - INFO - Worker kw11 processing /app/data/T0002/210801/b7232xo/odoo-210801/addons/account_balance/report/__init__.py
2026-02-03 09:50:05,874 - Knowledge - INFO - Worker kw9 processing /app/data/T0002/210801/b7232xo/odoo-210801/addons/l10n_fr/pcg.xml
2026-02-03 09:50:05,885 - Knowledge - INFO - Fast-tracked /app/data/T0002/210801/b7232xo/odoo-210801/addons/account_balance/report/__init__.py (ext=.py, size=1113)
2026-02-03 09:50:05,913 - Knowledge - INFO - Fast-tracked /app/data/T0002/210801/b7232xo/odoo-210801/addons/l10n_fr/pcg.xml (ext=.xml, size=342086)
2026-02-03 09:50:05,940 - Knowledge - INFO - Fast-tracked /app/data/T0002/210801/b7232xo/odoo-210801/addons/l10n_fr/__terp__.py (small file (2285 bytes))
2026-02-03 09:50:05,986 - Knowledge - INFO - Fast-tracked /app/data/T0002/210801/b7232xo/odoo-210801/addons/l10n_fr/wizard/cdr.py (small file (2344 bytes))
2026-02-03 09:50:06,007 - Knowledge - INFO - Fast-tracked /app/data/T0002/210801/b7232xo/odoo-210801/addons/l10n_fr/wizard/bilan.py (small file (2345 bytes))
2026-02-03 09:50:06,041 - Knowledge - INFO - Fast-tracked /app/data/T0002/210801/b7232xo/odoo-210801/addons/l10n_fr/l10n_fr.py (small file (2047 bytes))
2026-02-03 09:50:06,098 - Knowledge - INFO - Async storage completed for 10 embeddings
2026-02-03 09:50:06,251 - Knowledge - INFO - [kw6] Queue=933, InProgress=0, PendingWorkers=20/20, Completed=265/1263 (21.0%)
2026-02-03 09:50:06,251 - Knowledge - INFO - Batch sizing: calculated=8, max_allowed=10, queue=933, active_workers=20/20
2026-02-03 09:50:06,367 - Knowledge - INFO - Async storage completed for 10 embeddings
2026-02-03 09:50:07,002 - Knowledge - INFO - Processing batch of 10 files
2026-02-03 09:50:07,030 - Knowledge - INFO - process ingested knowledge for /app/data/T0002/210801/b7232xo/odoo-210801/addons/membership/__init__.py
2026-02-03 09:50:07,870 - Knowledge - INFO - [LLM_CALL] Completed: openerp-mailgate.py:chunk1, Duration: 29666ms, PromptTokens: 7064, CompletionTokens: 891, Cost: $0.00106
2026-02-03 09:50:07,871 - Knowledge - INFO - done ingest for /app/data/T0002/210801/b7232xo/odoo-210801/addons/crm/scripts/openerp-mailgate/openerp-mailgate.py
2026-02-03 09:50:08,183 - Knowledge - INFO - Processing batch of 10 files
2026-02-03 09:50:08,256 - Knowledge - INFO - process ingested knowledge for /app/data/T0002/210801/b7232xo/odoo-210801/addons/account_tax_include/__terp__.py
2026-02-03 09:50:08,344 - Knowledge - INFO - [LLM_CALL] Completed: crm_wizard.py:chunk1, Duration: 7900ms, PromptTokens: 4526, CompletionTokens: 286, Cost: $0.00057
2026-02-03 09:50:08,400 - Knowledge - INFO - done ingest for /app/data/T0002/210801/b7232xo/odoo-210801/addons/crm/wizard/crm_wizard.py
2026-02-03 09:50:08,820 - Knowledge - INFO - Async storing batch of 10 embeddings
2026-02-03 09:50:08,824 - Knowledge - INFO - Worker kw6 processing /app/data/T0002/210801/b7232xo/odoo-210801/addons/account_balance/__terp__.py
2026-02-03 09:50:08,827 - Knowledge - INFO - Worker kw6 processing /app/data/T0002/210801/b7232xo/odoo-210801/addons/account_balance/wizard/wizard_account_balance_report.py
2026-02-03 09:50:08,847 - Knowledge - INFO - [WEBSOCKET] Sent: Type=progress_update, Size: 294, Duration: 0ms
2026-02-03 09:50:08,847 - Knowledge - INFO - [WEBSOCKET] Sent: Type=unknown, Size: ?, Duration: 1ms
2026-02-03 09:50:08,848 - Knowledge - INFO - Progress: 21.7% | Files: 274/1263 | Rate: 2.03 files/sec | Queue: 925
2026-02-03 09:50:08,855 - Knowledge - INFO - Worker kw6 processing /app/data/T0002/210801/b7232xo/odoo-210801/addons/account_balance/wizard/__init__.py
2026-02-03 09:50:08,889 - Knowledge - INFO - Fast-tracked /app/data/T0002/210801/b7232xo/odoo-210801/addons/account_balance/wizard/__init__.py (ext=.py, size=1094)
2026-02-03 09:50:08,905 - Knowledge - INFO - Worker kw6 processing /app/data/T0002/210801/b7232xo/odoo-210801/addons/account_balance/account_move_line.py
2026-02-03 09:50:08,923 - Knowledge - INFO - Worker kw6 processing /app/data/T0002/210801/b7232xo/odoo-210801/addons/account_balance/__init__.py
2026-02-03 09:50:08,968 - Knowledge - INFO - Fast-tracked /app/data/T0002/210801/b7232xo/odoo-210801/addons/account_balance/__init__.py (ext=.py, size=1125)
2026-02-03 09:50:08,970 - Knowledge - INFO - Worker kw6 processing /app/data/T0002/210801/b7232xo/odoo-210801/addons/account_balance/account_report.xml
2026-02-03 09:50:09,013 - Knowledge - INFO - Fast-tracked /app/data/T0002/210801/b7232xo/odoo-210801/addons/account_balance/account_report.xml (ext=.xml, size=527)
2026-02-03 09:50:09,028 - Knowledge - INFO - Worker kw6 processing /app/data/T0002/210801/b7232xo/odoo-210801/addons/point_of_sale/security/point_of_sale_security.xml
2026-02-03 09:50:09,104 - Knowledge - INFO - Fast-tracked /app/data/T0002/210801/b7232xo/odoo-210801/addons/point_of_sale/security/point_of_sale_security.xml (ext=.xml, size=508)
2026-02-03 09:50:09,124 - Knowledge - INFO - Worker kw6 processing /app/data/T0002/210801/b7232xo/odoo-210801/addons/point_of_sale/sale_wizard.xml
2026-02-03 09:50:09,175 - Knowledge - INFO - Fast-tracked /app/data/T0002/210801/b7232xo/odoo-210801/addons/point_of_sale/sale_wizard.xml (ext=.xml, size=154)
2026-02-03 09:50:09,288 - Knowledge - INFO - process ingested knowledge for /app/data/T0002/210801/b7232xo/odoo-210801/addons/membership/membership_demo.xml
2026-02-03 09:50:09,351 - Knowledge - INFO - Fast-tracked /app/data/T0002/210801/b7232xo/odoo-210801/addons/account_balance/__terp__.py (small file (2052 bytes))
2026-02-03 09:50:09,655 - Knowledge - INFO - Async storage completed for 10 embeddings
2026-02-03 09:50:10,201 - Knowledge - INFO - process ingested knowledge for /app/data/T0002/210801/b7232xo/odoo-210801/doc/migrate/3.4.0-4.0.0/post.py
2026-02-03 09:50:10,221 - Knowledge - INFO - process ingested knowledge for /app/data/T0002/210801/b7232xo/odoo-210801/addons/account_tax_include/invoice_tax_incl.py
2026-02-03 09:50:10,464 - Knowledge - INFO - [kw10] Queue=925, InProgress=0, PendingWorkers=20/20, Completed=277/1263 (21.9%)
2026-02-03 09:50:10,492 - Knowledge - INFO - Batch sizing: calculated=8, max_allowed=10, queue=925, active_workers=20/20
2026-02-03 09:50:10,842 - Knowledge - INFO - [LLM_CALL] Completed: base_report.py:chunk1, Duration: 8754ms, PromptTokens: 3166, CompletionTokens: 524, Cost: $0.00053
2026-02-03 09:50:10,862 - Knowledge - INFO - process ingested knowledge for /app/data/T0002/210801/b7232xo/odoo-210801/addons/membership/process/membership_process.xml
2026-02-03 09:50:10,886 - Knowledge - INFO - done ingest for /app/data/T0002/210801/b7232xo/odoo-210801/addons/l10n_fr/report/base_report.py
2026-02-03 09:50:11,962 - Knowledge - INFO - process ingested knowledge for /app/data/T0002/210801/b7232xo/odoo-210801/addons/account_tax_include/invoice_tax_incl.xml
2026-02-03 09:50:12,389 - Knowledge - INFO - Async storing batch of 10 embeddings
2026-02-03 09:50:12,424 - Knowledge - INFO - Worker kw10 processing /app/data/T0002/210801/b7232xo/odoo-210801/addons/point_of_sale/pos_report.xml
2026-02-03 09:50:12,426 - Knowledge - INFO - process ingested knowledge for /app/data/T0002/210801/b7232xo/odoo-210801/addons/event/security/event_security.xml
2026-02-03 09:50:12,533 - Knowledge - INFO - Fast-tracked /app/data/T0002/210801/b7232xo/odoo-210801/addons/point_of_sale/pos_report.xml (ext=.xml, size=1118)
2026-02-03 09:50:12,533 - Knowledge - INFO - Worker kw10 processing /app/data/T0002/210801/b7232xo/odoo-210801/addons/point_of_sale/report/pos_receipt.py
2026-02-03 09:50:12,587 - Knowledge - INFO - Worker kw10 processing /app/data/T0002/210801/b7232xo/odoo-210801/addons/point_of_sale/report/pos_details.py
2026-02-03 09:50:12,653 - Knowledge - INFO - Worker kw10 processing /app/data/T0002/210801/b7232xo/odoo-210801/addons/point_of_sale/report/pos_invoice.py
2026-02-03 09:50:12,691 - Knowledge - INFO - Worker kw10 processing /app/data/T0002/210801/b7232xo/odoo-210801/addons/point_of_sale/report/pos_lines.py
2026-02-03 09:50:12,704 - Knowledge - INFO - Worker kw10 processing /app/data/T0002/210801/b7232xo/odoo-210801/addons/point_of_sale/report/pos_details_summary.py
2026-02-03 09:50:12,769 - Knowledge - INFO - Worker kw10 processing /app/data/T0002/210801/b7232xo/odoo-210801/addons/point_of_sale/report/__init__.py
2026-02-03 09:50:12,844 - Knowledge - INFO - Fast-tracked /app/data/T0002/210801/b7232xo/odoo-210801/addons/point_of_sale/report/__init__.py (ext=.py, size=1160)
2026-02-03 09:50:12,845 - Knowledge - INFO - Worker kw10 processing /app/data/T0002/210801/b7232xo/odoo-210801/addons/point_of_sale/pos_data.xml
2026-02-03 09:50:12,883 - Knowledge - INFO - Fast-tracked /app/data/T0002/210801/b7232xo/odoo-210801/addons/point_of_sale/pos_data.xml (ext=.xml, size=953)
2026-02-03 09:50:12,931 - Knowledge - INFO - process ingested knowledge for /app/data/T0002/210801/b7232xo/odoo-210801/addons/account_tax_include/__init__.py
2026-02-03 09:50:12,945 - Knowledge - INFO - Fast-tracked /app/data/T0002/210801/b7232xo/odoo-210801/addons/point_of_sale/report/pos_receipt.py (small file (2585 bytes))
2026-02-03 09:50:13,023 - Knowledge - INFO - Processing batch of 10 files
2026-02-03 09:50:13,039 - Knowledge - INFO - process ingested knowledge for /app/data/T0002/210801/b7232xo/odoo-210801/addons/event/wizard/confirm_registration.py
2026-02-03 09:50:13,226 - Knowledge - INFO - Fast-tracked /app/data/T0002/210801/b7232xo/odoo-210801/addons/point_of_sale/report/pos_invoice.py (small file (2226 bytes))
2026-02-03 09:50:13,255 - Knowledge - INFO - Fast-tracked /app/data/T0002/210801/b7232xo/odoo-210801/addons/point_of_sale/report/pos_lines.py (small file (2249 bytes))
2026-02-03 09:50:13,354 - Knowledge - INFO - Async storage completed for 10 embeddings
2026-02-03 09:50:14,297 - Knowledge - INFO - process ingested knowledge for /app/data/T0002/210801/b7232xo/odoo-210801/doc/migrate/3.4.0-4.0.0/pre-tiny.py
2026-02-03 09:50:14,322 - Knowledge - INFO - process ingested knowledge for /app/data/T0002/210801/b7232xo/odoo-210801/addons/event/event_data.xml
2026-02-03 09:50:14,780 - Knowledge - INFO - Processing batch of 10 files
2026-02-03 09:50:14,786 - Knowledge - INFO - process ingested knowledge for /app/data/T0002/210801/b7232xo/odoo-210801/addons/purchase_analytic_plans/purchase_analytic_plans.py
2026-02-03 09:50:14,800 - Knowledge - INFO - process ingested knowledge for /app/data/T0002/210801/b7232xo/odoo-210801/addons/board_sale/__terp__.py
2026-02-03 09:50:14,824 - Knowledge - INFO - process ingested knowledge for /app/data/T0002/210801/b7232xo/odoo-210801/addons/event/event_wizard.xml
2026-02-03 09:50:15,778 - Knowledge - INFO - [LLM_CALL] Completed: account_move_line.py:chunk1, Duration: 6248ms, PromptTokens: 2540, CompletionTokens: 363, Cost: $0.00040
2026-02-03 09:50:15,837 - Knowledge - INFO - done ingest for /app/data/T0002/210801/b7232xo/odoo-210801/addons/account_balance/account_move_line.py
2026-02-03 09:50:15,973 - Knowledge - INFO - process ingested knowledge for /app/data/T0002/210801/b7232xo/odoo-210801/doc/migrate/3.3.0-3.4.0/pre.py
2026-02-03 09:50:16,256 - Knowledge - INFO - [LLM_CALL] Completed: crm.py:chunk1, Duration: 15724ms, PromptTokens: 19726, CompletionTokens: 809, Cost: $0.00230
2026-02-03 09:50:16,323 - Knowledge - INFO - done ingest for /app/data/T0002/210801/b7232xo/odoo-210801/addons/crm/crm.py
2026-02-03 09:50:16,434 - Knowledge - INFO - Processing batch of 10 files
2026-02-03 09:50:16,438 - Knowledge - INFO - process ingested knowledge for /app/data/T0002/210801/b7232xo/odoo-210801/addons/mrp_operations/report/mrp_code_barcode.py
2026-02-03 09:50:16,580 - Knowledge - INFO - process ingested knowledge for /app/data/T0002/210801/b7232xo/odoo-210801/addons/purchase_analytic_plans/__init__.py
2026-02-03 09:50:17,636 - Knowledge - INFO - process ingested knowledge for /app/data/T0002/210801/b7232xo/odoo-210801/addons/event/event_sequence.xml
2026-02-03 09:50:17,860 - Knowledge - INFO - [LLM_CALL] Completed: wizard_account_balance_report.py:chunk1, Duration: 8442ms, PromptTokens: 4504, CompletionTokens: 333, Cost: $0.00058
2026-02-03 09:50:17,861 - Knowledge - INFO - done ingest for /app/data/T0002/210801/b7232xo/odoo-210801/addons/account_balance/wizard/wizard_account_balance_report.py
2026-02-03 09:50:18,046 - Knowledge - INFO - process ingested knowledge for /app/data/T0002/210801/b7232xo/odoo-210801/addons/event/__terp__.py
2026-02-03 09:50:18,504 - Knowledge - INFO - process ingested knowledge for /app/data/T0002/210801/b7232xo/odoo-210801/addons/mrp_operations/__terp__.py
2026-02-03 09:50:18,651 - Knowledge - INFO - [LLM_CALL] Completed: rml_parse.py:chunk1, Duration: 12660ms, PromptTokens: 3338, CompletionTokens: 680, Cost: $0.00061
2026-02-03 09:50:18,655 - Knowledge - INFO - done ingest for /app/data/T0002/210801/b7232xo/odoo-210801/addons/account_balance/report/rml_parse.py
2026-02-03 09:50:18,941 - Knowledge - INFO - process ingested knowledge for /app/data/T0002/210801/b7232xo/odoo-210801/addons/membership/membership_data.xml
2026-02-03 09:50:19,346 - Knowledge - INFO - process ingested knowledge for /app/data/T0002/210801/b7232xo/odoo-210801/addons/event/event.py
2026-02-03 09:50:19,666 - Knowledge - INFO - [LLM_CALL] Completed: account_balance.py:chunk1, Duration: 13568ms, PromptTokens: 11690, CompletionTokens: 542, Cost: $0.00139
2026-02-03 09:50:19,666 - Knowledge - INFO - done ingest for /app/data/T0002/210801/b7232xo/odoo-210801/addons/account_balance/report/account_balance.py
2026-02-03 09:50:19,674 - Knowledge - INFO - process ingested knowledge for /app/data/T0002/210801/b7232xo/odoo-210801/doc/migrate/3.3.0-3.4.0/post.py
2026-02-03 09:50:19,686 - Knowledge - INFO - process ingested knowledge for /app/data/T0002/210801/b7232xo/odoo-210801/addons/event/wizard/event_registrations_partner.py
2026-02-03 09:50:19,688 - Knowledge - INFO - process ingested knowledge for /app/data/T0002/210801/b7232xo/odoo-210801/addons/board_sale/board_sale_view.xml
2026-02-03 09:50:20,284 - Knowledge - INFO - process ingested knowledge for /app/data/T0002/210801/b7232xo/odoo-210801/addons/membership/__terp__.py
2026-02-03 09:50:20,318 - Knowledge - INFO - [WEBSOCKET] Sent: Type=progress_update, Size: 293, Duration: 0ms
2026-02-03 09:50:20,339 - Knowledge - INFO - process ingested knowledge for /app/data/T0002/210801/b7232xo/odoo-210801/addons/event/event_demo.xml
2026-02-03 09:50:20,374 - Knowledge - INFO - [WEBSOCKET] Sent: Type=unknown, Size: ?, Duration: 56ms
2026-02-03 09:50:20,389 - Knowledge - INFO - Progress: 24.2% | Files: 308/1263 | Rate: 2.09 files/sec | Queue: 917
2026-02-03 09:50:20,732 - Knowledge - INFO - process ingested knowledge for /app/data/T0002/210801/b7232xo/odoo-210801/addons/mrp_operations/mrp_operations.py
2026-02-03 09:50:20,756 - Knowledge - INFO - process ingested knowledge for /app/data/T0002/210801/b7232xo/odoo-210801/addons/board_sale/__init__.py
2026-02-03 09:50:22,003 - Knowledge - INFO - process ingested knowledge for /app/data/T0002/210801/b7232xo/odoo-210801/addons/event/event_view.xml
2026-02-03 09:50:22,023 - Knowledge - INFO - [kw13] Queue=917, InProgress=0, PendingWorkers=20/20, Completed=313/1263 (24.8%)
2026-02-03 09:50:22,024 - Knowledge - INFO - process ingested knowledge for /app/data/T0002/210801/b7232xo/odoo-210801/addons/event/wizard/make_invoice.py
2026-02-03 09:50:22,024 - Knowledge - INFO - Batch sizing: calculated=8, max_allowed=10, queue=917, active_workers=20/20
2026-02-03 09:50:22,165 - Knowledge - INFO - [LLM_CALL] Completed: account_balance_landscape.py:chunk1, Duration: 15988ms, PromptTokens: 11722, CompletionTokens: 526, Cost: $0.00138
2026-02-03 09:50:22,178 - Knowledge - INFO - done ingest for /app/data/T0002/210801/b7232xo/odoo-210801/addons/account_balance/report/account_balance_landscape.py
2026-02-03 09:50:22,191 - Knowledge - INFO - [LLM_CALL] Completed: pos_details.py:chunk1, Duration: 9186ms, PromptTokens: 3232, CompletionTokens: 553, Cost: $0.00054
2026-02-03 09:50:22,205 - Knowledge - INFO - done ingest for /app/data/T0002/210801/b7232xo/odoo-210801/addons/point_of_sale/report/pos_details.py
2026-02-03 09:50:22,558 - Knowledge - INFO - Processing batch of 8 files
2026-02-03 09:50:22,558 - Knowledge - INFO - [kw20] Queue=917, InProgress=0, PendingWorkers=20/20, Completed=316/1263 (25.0%)
2026-02-03 09:50:22,559 - Knowledge - INFO - process ingested knowledge for /app/data/T0002/210801/b7232xo/odoo-210801/addons/l10n_fr/l10n_fr_pcg_view.xml
2026-02-03 09:50:22,564 - Knowledge - INFO - process ingested knowledge for /app/data/T0002/210801/b7232xo/odoo-210801/addons/membership/wizard/__init__.py
2026-02-03 09:50:22,565 - Knowledge - INFO - Processing batch of 8 files
2026-02-03 09:50:22,565 - Knowledge - INFO - process ingested knowledge for /app/data/T0002/210801/b7232xo/odoo-210801/doc/migrate/4.2.0-4.4.0/pre.py
2026-02-03 09:50:22,566 - Knowledge - INFO - Batch sizing: calculated=8, max_allowed=10, queue=917, active_workers=20/20
2026-02-03 09:50:22,647 - Knowledge - INFO - process ingested knowledge for /app/data/T0002/210801/b7232xo/odoo-210801/addons/l10n_fr/__terp__.py
2026-02-03 09:50:22,840 - Knowledge - INFO - [LLM_CALL] Completed: pos_details_summary.py:chunk1, Duration: 9563ms, PromptTokens: 3236, CompletionTokens: 545, Cost: $0.00054
2026-02-03 09:50:22,840 - Knowledge - INFO - done ingest for /app/data/T0002/210801/b7232xo/odoo-210801/addons/point_of_sale/report/pos_details_summary.py
2026-02-03 09:50:22,853 - Knowledge - INFO - process ingested knowledge for /app/data/T0002/210801/b7232xo/odoo-210801/addons/event/__init__.py
2026-02-03 09:50:22,862 - Knowledge - INFO - process ingested knowledge for /app/data/T0002/210801/b7232xo/odoo-210801/addons/mrp_operations/mrp_operations_workflow.xml
2026-02-03 09:50:22,865 - Knowledge - INFO - process ingested knowledge for /app/data/T0002/210801/b7232xo/odoo-210801/addons/event/wizard/event_registration.py
2026-02-03 09:50:22,884 - Knowledge - INFO - Processing batch of 8 files
2026-02-03 09:50:22,884 - Knowledge - INFO - process ingested knowledge for /app/data/T0002/210801/b7232xo/odoo-210801/addons/crm/scripts/openerp-mailgate/openerp-mailgate.py
2026-02-03 09:50:23,044 - Knowledge - INFO - process ingested knowledge for /app/data/T0002/210801/b7232xo/odoo-210801/addons/l10n_fr/tax.xml
2026-02-03 09:50:23,045 - Knowledge - INFO - process ingested knowledge for /app/data/T0002/210801/b7232xo/odoo-210801/addons/membership/wizard/invoice_membership.py
2026-02-03 09:50:23,046 - Knowledge - INFO - process ingested knowledge for /app/data/T0002/210801/b7232xo/odoo-210801/addons/l10n_fr/l10n_fr_pcg_taxes.xml
2026-02-03 09:50:23,047 - Knowledge - INFO - process ingested knowledge for /app/data/T0002/210801/b7232xo/odoo-210801/doc/migrate/4.0.0-4.2.0/tiny/pre-tiny.py
2026-02-03 09:50:23,048 - Knowledge - INFO - Async storing batch of 10 embeddings
2026-02-03 09:50:23,049 - Knowledge - INFO - process ingested knowledge for /app/data/T0002/210801/b7232xo/odoo-210801/addons/mrp_operations/mrp_operations_report.xml
2026-02-03 09:50:23,049 - Knowledge - INFO - process ingested knowledge for /app/data/T0002/210801/b7232xo/odoo-210801/addons/mrp_operations/mrp_operations_view.xml
2026-02-03 09:50:23,050 - Knowledge - INFO - process ingested knowledge for /app/data/T0002/210801/b7232xo/odoo-210801/addons/crm/security/crm_security.xml
2026-02-03 09:50:23,052 - Knowledge - INFO - Worker kw13 processing /app/data/T0002/210801/b7232xo/odoo-210801/addons/point_of_sale/__terp__.py
2026-02-03 09:50:23,058 - Knowledge - INFO - Fast-tracked /app/data/T0002/210801/b7232xo/odoo-210801/addons/point_of_sale/__terp__.py (ext=.py, size=1997)
2026-02-03 09:50:23,058 - Knowledge - INFO - Worker kw13 processing /app/data/T0002/210801/b7232xo/odoo-210801/addons/point_of_sale/wizard/wizard_add_product.py
2026-02-03 09:50:23,062 - Knowledge - INFO - Worker kw13 processing /app/data/T0002/210801/b7232xo/odoo-210801/addons/point_of_sale/wizard/wizard_discount.py
2026-02-03 09:50:23,064 - Knowledge - INFO - Worker kw13 processing /app/data/T0002/210801/b7232xo/odoo-210801/addons/point_of_sale/wizard/wizard_scan_product.py
2026-02-03 09:50:23,066 - Knowledge - INFO - Worker kw13 processing /app/data/T0002/210801/b7232xo/odoo-210801/addons/point_of_sale/wizard/wizard_default_journal.py
2026-02-03 09:50:23,068 - Knowledge - INFO - Worker kw13 processing /app/data/T0002/210801/b7232xo/odoo-210801/addons/point_of_sale/wizard/wizard_pos_payment.py
2026-02-03 09:50:23,070 - Knowledge - INFO - Worker kw13 processing /app/data/T0002/210801/b7232xo/odoo-210801/addons/point_of_sale/wizard/wizard_refund_order.py
2026-02-03 09:50:23,074 - Knowledge - INFO - Worker kw13 processing /app/data/T0002/210801/b7232xo/odoo-210801/addons/point_of_sale/wizard/wizard_confirm.py
2026-02-03 09:50:23,075 - Knowledge - INFO - Processing batch of 10 files
2026-02-03 09:50:23,076 - Knowledge - INFO - process ingested knowledge for /app/data/T0002/210801/b7232xo/odoo-210801/addons/stock/stock_view.xml
2026-02-03 09:50:23,077 - Knowledge - INFO - Fast-tracked /app/data/T0002/210801/b7232xo/odoo-210801/addons/point_of_sale/wizard/wizard_confirm.py (ext=.py, size=1532)
2026-02-03 09:50:23,080 - Knowledge - INFO - Fast-tracked /app/data/T0002/210801/b7232xo/odoo-210801/addons/point_of_sale/wizard/wizard_add_product.py (small file (2455 bytes))
2026-02-03 09:50:23,083 - Knowledge - INFO - Fast-tracked /app/data/T0002/210801/b7232xo/odoo-210801/addons/point_of_sale/wizard/wizard_discount.py (small file (2462 bytes))
2026-02-03 09:50:23,085 - Knowledge - INFO - Fast-tracked /app/data/T0002/210801/b7232xo/odoo-210801/addons/point_of_sale/wizard/wizard_scan_product.py (small file (2403 bytes))
2026-02-03 09:50:23,126 - Knowledge - INFO - Fast-tracked /app/data/T0002/210801/b7232xo/odoo-210801/addons/point_of_sale/wizard/wizard_refund_order.py (small file (2868 bytes))
2026-02-03 09:50:23,128 - Knowledge - INFO - Async storage completed for 10 embeddings
2026-02-03 09:50:23,187 - Knowledge - INFO - Async storing batch of 10 embeddings
2026-02-03 09:50:23,188 - Knowledge - INFO - process ingested knowledge for /app/data/T0002/210801/b7232xo/odoo-210801/addons/l10n_fr/report/cdr.py
2026-02-03 09:50:23,188 - Knowledge - INFO - process ingested knowledge for /app/data/T0002/210801/b7232xo/odoo-210801/addons/board_sale/board_sale_demo.xml
2026-02-03 09:50:23,191 - Knowledge - INFO - Worker kw20 processing /app/data/T0002/210801/b7232xo/odoo-210801/addons/point_of_sale/wizard/wizard_get_sale.py
2026-02-03 09:50:23,192 - Knowledge - INFO - process ingested knowledge for /app/data/T0002/210801/b7232xo/odoo-210801/addons/event/wizard/__init__.py
2026-02-03 09:50:23,197 - Knowledge - INFO - Worker kw20 processing /app/data/T0002/210801/b7232xo/odoo-210801/addons/point_of_sale/wizard/__init__.py
2026-02-03 09:50:23,199 - Knowledge - INFO - Fast-tracked /app/data/T0002/210801/b7232xo/odoo-210801/addons/point_of_sale/wizard/__init__.py (ext=.py, size=1230)
2026-02-03 09:50:23,199 - Knowledge - INFO - Worker kw20 processing /app/data/T0002/210801/b7232xo/odoo-210801/addons/point_of_sale/pos_wizard.xml
2026-02-03 09:50:23,201 - Knowledge - INFO - Fast-tracked /app/data/T0002/210801/b7232xo/odoo-210801/addons/point_of_sale/pos_wizard.xml (ext=.xml, size=1080)
2026-02-03 09:50:23,201 - Knowledge - INFO - Worker kw20 processing /app/data/T0002/210801/b7232xo/odoo-210801/addons/point_of_sale/pos_sequence.xml
2026-02-03 09:50:23,203 - Knowledge - INFO - Fast-tracked /app/data/T0002/210801/b7232xo/odoo-210801/addons/point_of_sale/pos_sequence.xml (ext=.xml, size=1230)
2026-02-03 09:50:23,204 - Knowledge - INFO - Worker kw20 processing /app/data/T0002/210801/b7232xo/odoo-210801/addons/point_of_sale/pos.py
2026-02-03 09:50:23,208 - Knowledge - INFO - Worker kw20 processing /app/data/T0002/210801/b7232xo/odoo-210801/addons/point_of_sale/pos_workflow.xml
2026-02-03 09:50:23,211 - Knowledge - INFO - Fast-tracked /app/data/T0002/210801/b7232xo/odoo-210801/addons/point_of_sale/pos_workflow.xml (ext=.xml, size=2595)
2026-02-03 09:50:23,211 - Knowledge - INFO - Worker kw20 processing /app/data/T0002/210801/b7232xo/odoo-210801/addons/point_of_sale/stock.py
2026-02-03 09:50:23,214 - Knowledge - INFO - Fast-tracked /app/data/T0002/210801/b7232xo/odoo-210801/addons/point_of_sale/stock.py (ext=.py, size=1281)
2026-02-03 09:50:23,214 - Knowledge - INFO - Worker kw20 processing /app/data/T0002/210801/b7232xo/odoo-210801/addons/point_of_sale/pos_view.xml
2026-02-03 09:50:23,217 - Knowledge - INFO - Fast-tracked /app/data/T0002/210801/b7232xo/odoo-210801/addons/point_of_sale/pos_view.xml (ext=.xml, size=17358)
2026-02-03 09:50:23,235 - Knowledge - INFO - Async storage completed for 10 embeddings
2026-02-03 09:50:23,313 - Knowledge - INFO - process ingested knowledge for /app/data/T0002/210801/b7232xo/odoo-210801/doc/migrate/4.0.0-4.2.0/pre.py
2026-02-03 09:50:23,434 - Knowledge - INFO - process ingested knowledge for /app/data/T0002/210801/b7232xo/odoo-210801/addons/mrp_operations/__init__.py
2026-02-03 09:50:23,434 - Knowledge - INFO - process ingested knowledge for /app/data/T0002/210801/b7232xo/odoo-210801/addons/crm/crm_report.xml
2026-02-03 09:50:23,438 - Knowledge - INFO - process ingested knowledge for /app/data/T0002/210801/b7232xo/odoo-210801/addons/stock/stock_workflow.xml
2026-02-03 09:50:23,440 - Knowledge - INFO - process ingested knowledge for /app/data/T0002/210801/b7232xo/odoo-210801/addons/l10n_fr/wizard/cdr.py
2026-02-03 09:50:23,576 - Knowledge - INFO - process ingested knowledge for /app/data/T0002/210801/b7232xo/odoo-210801/addons/mrp_operations/report/mrp_wc_barcode.py
2026-02-03 09:50:23,578 - Knowledge - INFO - process ingested knowledge for /app/data/T0002/210801/b7232xo/odoo-210801/addons/membership/membership_view.xml
2026-02-03 09:50:23,579 - Knowledge - INFO - [kw5] Queue=901, InProgress=0, PendingWorkers=20/20, Completed=329/1263 (26.0%)
2026-02-03 09:50:23,580 - Knowledge - INFO - Batch sizing: calculated=8, max_allowed=10, queue=901, active_workers=20/20
2026-02-03 09:50:23,587 - Knowledge - INFO - process ingested knowledge for /app/data/T0002/210801/b7232xo/odoo-210801/addons/mrp_operations/mrp_operation_data.xml
2026-02-03 09:50:23,589 - Knowledge - INFO - process ingested knowledge for /app/data/T0002/210801/b7232xo/odoo-210801/addons/purchase_analytic_plans/__terp__.py
2026-02-03 09:50:23,592 - Knowledge - INFO - process ingested knowledge for /app/data/T0002/210801/b7232xo/odoo-210801/addons/l10n_fr/wizard/bilan.py
2026-02-03 09:50:24,058 - Knowledge - INFO - process ingested knowledge for /app/data/T0002/210801/b7232xo/odoo-210801/addons/mrp_operations/report/__init__.py
2026-02-03 09:50:24,062 - Knowledge - INFO - process ingested knowledge for /app/data/T0002/210801/b7232xo/odoo-210801/addons/l10n_fr/report/base_report.py
2026-02-03 09:50:24,068 - Knowledge - INFO - process ingested knowledge for /app/data/T0002/210801/b7232xo/odoo-210801/addons/membership/demo_data.xml
2026-02-03 09:50:24,071 - Knowledge - INFO - process ingested knowledge for /app/data/T0002/210801/b7232xo/odoo-210801/addons/crm/report/report_businessopp.py
2026-02-03 09:50:24,436 - Knowledge - INFO - process ingested knowledge for /app/data/T0002/210801/b7232xo/odoo-210801/addons/purchase_analytic_plans/purchase_analytic_plans_view.xml
2026-02-03 09:50:24,462 - Knowledge - INFO - [WEBSOCKET] Sent: Type=progress_update, Size: 293, Duration: 0ms
2026-02-03 09:50:24,463 - Knowledge - INFO - [WEBSOCKET] Sent: Type=unknown, Size: ?, Duration: 1ms
2026-02-03 09:50:24,483 - Knowledge - INFO - Progress: 26.4% | Files: 334/1263 | Rate: 2.20 files/sec | Queue: 901
2026-02-03 09:50:24,775 - Knowledge - INFO - process ingested knowledge for /app/data/T0002/210801/b7232xo/odoo-210801/addons/mrp_operations/process/mrp_operation_process.xml
2026-02-03 09:50:24,782 - Knowledge - INFO - process ingested knowledge for /app/data/T0002/210801/b7232xo/odoo-210801/addons/l10n_fr/report/bilan.py
2026-02-03 09:50:24,805 - Knowledge - INFO - process ingested knowledge for /app/data/T0002/210801/b7232xo/odoo-210801/addons/membership/membership.py
2026-02-03 09:50:24,822 - Knowledge - INFO - process ingested knowledge for /app/data/T0002/210801/b7232xo/odoo-210801/addons/l10n_fr/wizard/__init__.py
2026-02-03 09:50:24,838 - Knowledge - INFO - Async storing batch of 10 embeddings
2026-02-03 09:50:24,845 - Knowledge - INFO - [kw7] Queue=893, InProgress=0, PendingWorkers=20/20, Completed=335/1263 (26.5%)
2026-02-03 09:50:24,897 - Knowledge - INFO - Worker kw5 processing /app/data/T0002/210801/b7232xo/odoo-210801/addons/point_of_sale/__init__.py
2026-02-03 09:50:24,928 - Knowledge - INFO - Batch sizing: calculated=8, max_allowed=10, queue=893, active_workers=20/20
2026-02-03 09:50:24,966 - Knowledge - INFO - Fast-tracked /app/data/T0002/210801/b7232xo/odoo-210801/addons/point_of_sale/__init__.py (ext=.py, size=1110)
2026-02-03 09:50:24,966 - Knowledge - INFO - Worker kw5 processing /app/data/T0002/210801/b7232xo/odoo-210801/addons/report_project/__terp__.py
2026-02-03 09:50:24,974 - Knowledge - INFO - Fast-tracked /app/data/T0002/210801/b7232xo/odoo-210801/addons/report_project/__terp__.py (ext=.py, size=1645)
2026-02-03 09:50:24,989 - Knowledge - INFO - Worker kw5 processing /app/data/T0002/210801/b7232xo/odoo-210801/addons/report_project/report_project.py
2026-02-03 09:50:25,043 - Knowledge - INFO - Worker kw5 processing /app/data/T0002/210801/b7232xo/odoo-210801/addons/report_project/report_project_view.xml
2026-02-03 09:50:25,063 - Knowledge - INFO - Fast-tracked /app/data/T0002/210801/b7232xo/odoo-210801/addons/report_project/report_project_view.xml (ext=.xml, size=5639)
2026-02-03 09:50:25,071 - Knowledge - INFO - Worker kw5 processing /app/data/T0002/210801/b7232xo/odoo-210801/addons/report_project/__init__.py
2026-02-03 09:50:25,089 - Knowledge - INFO - Fast-tracked /app/data/T0002/210801/b7232xo/odoo-210801/addons/report_project/__init__.py (ext=.py, size=1081)
2026-02-03 09:50:25,095 - Knowledge - INFO - Worker kw5 processing /app/data/T0002/210801/b7232xo/odoo-210801/addons/scrum/scrum_report.xml
2026-02-03 09:50:25,108 - Knowledge - INFO - Fast-tracked /app/data/T0002/210801/b7232xo/odoo-210801/addons/scrum/scrum_report.xml (ext=.xml, size=321)
2026-02-03 09:50:25,123 - Knowledge - INFO - Worker kw5 processing /app/data/T0002/210801/b7232xo/odoo-210801/addons/scrum/report/task_burndown.py
2026-02-03 09:50:25,152 - Knowledge - INFO - Worker kw5 processing /app/data/T0002/210801/b7232xo/odoo-210801/addons/scrum/report/sprint_burndown.py
2026-02-03 09:50:25,268 - Knowledge - INFO - process ingested knowledge for /app/data/T0002/210801/b7232xo/odoo-210801/addons/stock/stock_wizard.xml
2026-02-03 09:50:25,281 - Knowledge - INFO - process ingested knowledge for /app/data/T0002/210801/b7232xo/odoo-210801/addons/crm/report/__init__.py
2026-02-03 09:50:25,289 - Knowledge - INFO - [kw4] Queue=893, InProgress=0, PendingWorkers=20/20, Completed=336/1263 (26.6%)
2026-02-03 09:50:25,329 - Knowledge - INFO - Batch sizing: calculated=8, max_allowed=10, queue=893, active_workers=20/20
2026-02-03 09:50:25,371 - Knowledge - INFO - Processing batch of 8 files
2026-02-03 09:50:25,423 - Knowledge - INFO - process ingested knowledge for /app/data/T0002/210801/b7232xo/odoo-210801/addons/l10n_fr/l10n_fr_pcg_report.xml
2026-02-03 09:50:25,581 - Knowledge - INFO - process ingested knowledge for /app/data/T0002/210801/b7232xo/odoo-210801/addons/membership/membership_wizard.xml
2026-02-03 09:50:25,588 - Knowledge - INFO - process ingested knowledge for /app/data/T0002/210801/b7232xo/odoo-210801/addons/l10n_fr/l10n_fr_pcg_account_report.xml
2026-02-03 09:50:25,624 - Knowledge - INFO - Async storing batch of 10 embeddings
2026-02-03 09:50:25,628 - Knowledge - INFO - Async storage completed for 10 embeddings
2026-02-03 09:50:25,630 - Knowledge - INFO - Worker kw7 processing /app/data/T0002/210801/b7232xo/odoo-210801/addons/scrum/report/_burndown.py
2026-02-03 09:50:25,652 - Knowledge - INFO - Worker kw7 processing /app/data/T0002/210801/b7232xo/odoo-210801/addons/scrum/report/__init__.py
2026-02-03 09:50:25,662 - Knowledge - INFO - Fast-tracked /app/data/T0002/210801/b7232xo/odoo-210801/addons/scrum/report/__init__.py (ext=.py, size=1103)
2026-02-03 09:50:25,670 - Knowledge - INFO - Worker kw7 processing /app/data/T0002/210801/b7232xo/odoo-210801/addons/scrum/__terp__.py
2026-02-03 09:50:25,693 - Knowledge - INFO - Worker kw7 processing /app/data/T0002/210801/b7232xo/odoo-210801/addons/scrum/scrum.py
2026-02-03 09:50:25,754 - Knowledge - INFO - Worker kw7 processing /app/data/T0002/210801/b7232xo/odoo-210801/addons/scrum/wizard/backlog_to_task.py
2026-02-03 09:50:25,775 - Knowledge - INFO - Worker kw7 processing /app/data/T0002/210801/b7232xo/odoo-210801/addons/scrum/wizard/__init__.py
2026-02-03 09:50:25,819 - Knowledge - INFO - Fast-tracked /app/data/T0002/210801/b7232xo/odoo-210801/addons/scrum/wizard/__init__.py (ext=.py, size=1082)
2026-02-03 09:50:25,836 - Knowledge - INFO - Worker kw7 processing /app/data/T0002/210801/b7232xo/odoo-210801/addons/scrum/scrum_wizard.xml
2026-02-03 09:50:25,841 - Knowledge - INFO - Fast-tracked /app/data/T0002/210801/b7232xo/odoo-210801/addons/scrum/scrum_wizard.xml (ext=.xml, size=226)
2026-02-03 09:50:25,841 - Knowledge - INFO - Worker kw7 processing /app/data/T0002/210801/b7232xo/odoo-210801/addons/scrum/scrum_demo.xml
2026-02-03 09:50:25,884 - Knowledge - INFO - Fast-tracked /app/data/T0002/210801/b7232xo/odoo-210801/addons/scrum/scrum_demo.xml (ext=.xml, size=11927)
2026-02-03 09:50:25,923 - Knowledge - INFO - Fast-tracked /app/data/T0002/210801/b7232xo/odoo-210801/addons/scrum/report/_burndown.py (small file (2716 bytes))
2026-02-03 09:50:26,025 - Knowledge - INFO - process ingested knowledge for /app/data/T0002/210801/b7232xo/odoo-210801/addons/profile_crm/__terp__.py
2026-02-03 09:50:26,035 - Knowledge - INFO - process ingested knowledge for /app/data/T0002/210801/b7232xo/odoo-210801/addons/stock/partner.py
2026-02-03 09:50:26,067 - Knowledge - INFO - [kw1] Queue=885, InProgress=0, PendingWorkers=20/20, Completed=337/1263 (26.7%)
2026-02-03 09:50:26,080 - Knowledge - INFO - process ingested knowledge for /app/data/T0002/210801/b7232xo/odoo-210801/addons/crm/crm_data.xml
2026-02-03 09:50:26,101 - Knowledge - INFO - Batch sizing: calculated=8, max_allowed=10, queue=885, active_workers=20/20
2026-02-03 09:50:26,123 - Knowledge - INFO - Fast-tracked /app/data/T0002/210801/b7232xo/odoo-210801/addons/scrum/__terp__.py (small file (2345 bytes))
2026-02-03 09:50:26,464 - Knowledge - INFO - Fast-tracked /app/data/T0002/210801/b7232xo/odoo-210801/addons/scrum/wizard/backlog_to_task.py (small file (2738 bytes))
2026-02-03 09:50:26,472 - Knowledge - INFO - Async storage completed for 10 embeddings
2026-02-03 09:50:26,613 - Knowledge - INFO - process ingested knowledge for /app/data/T0002/210801/b7232xo/odoo-210801/addons/l10n_fr/report.xml
2026-02-03 09:50:26,662 - Knowledge - INFO - process ingested knowledge for /app/data/T0002/210801/b7232xo/odoo-210801/addons/l10n_fr/l10n_fr.py
2026-02-03 09:50:26,972 - Knowledge - INFO - process ingested knowledge for /app/data/T0002/210801/b7232xo/odoo-210801/addons/l10n_fr/report/__init__.py
2026-02-03 09:50:26,978 - Knowledge - INFO - process ingested knowledge for /app/data/T0002/210801/b7232xo/odoo-210801/addons/profile_crm/__init__.py
2026-02-03 09:50:26,978 - Knowledge - INFO - process ingested knowledge for /app/data/T0002/210801/b7232xo/odoo-210801/addons/stock/stock.py
2026-02-03 09:50:26,985 - Knowledge - INFO - Async storing batch of 10 embeddings
2026-02-03 09:50:27,034 - Knowledge - INFO - Worker kw1 processing /app/data/T0002/210801/b7232xo/odoo-210801/addons/scrum/scrum_view.xml
2026-02-03 09:50:27,079 - Knowledge - INFO - Fast-tracked /app/data/T0002/210801/b7232xo/odoo-210801/addons/scrum/scrum_view.xml (ext=.xml, size=22425)
2026-02-03 09:50:27,092 - Knowledge - INFO - Worker kw1 processing /app/data/T0002/210801/b7232xo/odoo-210801/addons/scrum/__init__.py
2026-02-03 09:50:27,115 - Knowledge - INFO - Fast-tracked /app/data/T0002/210801/b7232xo/odoo-210801/addons/scrum/__init__.py (ext=.py, size=1100)
2026-02-03 09:50:27,123 - Knowledge - INFO - Worker kw1 processing /app/data/T0002/210801/b7232xo/odoo-210801/addons/scrum/process/scrum_process.xml
2026-02-03 09:50:27,142 - Knowledge - INFO - Fast-tracked /app/data/T0002/210801/b7232xo/odoo-210801/addons/scrum/process/scrum_process.xml (ext=.xml, size=1589)
2026-02-03 09:50:27,149 - Knowledge - INFO - Worker kw1 processing /app/data/T0002/210801/b7232xo/odoo-210801/addons/hr/hr_department_demo.xml
2026-02-03 09:50:27,175 - Knowledge - INFO - Fast-tracked /app/data/T0002/210801/b7232xo/odoo-210801/addons/hr/hr_department_demo.xml (ext=.xml, size=2596)
2026-02-03 09:50:27,184 - Knowledge - INFO - Worker kw1 processing /app/data/T0002/210801/b7232xo/odoo-210801/addons/hr/security/hr_security.xml
2026-02-03 09:50:27,229 - Knowledge - INFO - Fast-tracked /app/data/T0002/210801/b7232xo/odoo-210801/addons/hr/security/hr_security.xml (ext=.xml, size=340)
2026-02-03 09:50:27,229 - Knowledge - INFO - Worker kw1 processing /app/data/T0002/210801/b7232xo/odoo-210801/addons/hr/hr_department.py
2026-02-03 09:50:27,253 - Knowledge - INFO - Worker kw1 processing /app/data/T0002/210801/b7232xo/odoo-210801/addons/hr/hr_department_view.xml
2026-02-03 09:50:27,332 - Knowledge - INFO - Fast-tracked /app/data/T0002/210801/b7232xo/odoo-210801/addons/hr/hr_department_view.xml (ext=.xml, size=3019)
2026-02-03 09:50:27,332 - Knowledge - INFO - Worker kw1 processing /app/data/T0002/210801/b7232xo/odoo-210801/addons/hr/__terp__.py
2026-02-03 09:50:27,340 - Knowledge - INFO - process ingested knowledge for /app/data/T0002/210801/b7232xo/odoo-210801/addons/l10n_fr/__init__.py
2026-02-03 09:50:27,395 - Knowledge - INFO - Fast-tracked /app/data/T0002/210801/b7232xo/odoo-210801/addons/hr/__terp__.py (ext=.py, size=1950)
2026-02-03 09:50:27,396 - Knowledge - INFO - process ingested knowledge for /app/data/T0002/210801/b7232xo/odoo-210801/addons/l10n_fr/pcg.xml
2026-02-03 09:50:27,772 - Knowledge - INFO - Async storage completed for 10 embeddings
2026-02-03 09:50:28,052 - Knowledge - INFO - Async storing batch of 10 embeddings
2026-02-03 09:50:28,062 - Knowledge - INFO - Worker kw4 processing /app/data/T0002/210801/b7232xo/odoo-210801/addons/hr/hr.py
2026-02-03 09:50:28,106 - Knowledge - INFO - Worker kw4 processing /app/data/T0002/210801/b7232xo/odoo-210801/addons/hr/hr_demo.xml
2026-02-03 09:50:28,107 - Knowledge - INFO - process ingested knowledge for /app/data/T0002/210801/b7232xo/odoo-210801/addons/l10n_fr/l10n_fr_pcg_wizard.xml
2026-02-03 09:50:28,157 - Knowledge - INFO - Fast-tracked /app/data/T0002/210801/b7232xo/odoo-210801/addons/hr/hr_demo.xml (ext=.xml, size=3691)
2026-02-03 09:50:28,176 - Knowledge - INFO - Worker kw4 processing /app/data/T0002/210801/b7232xo/odoo-210801/addons/hr/hr_view.xml
2026-02-03 09:50:28,185 - Knowledge - INFO - Fast-tracked /app/data/T0002/210801/b7232xo/odoo-210801/addons/hr/hr_view.xml (ext=.xml, size=12458)
2026-02-03 09:50:28,185 - Knowledge - INFO - Worker kw4 processing /app/data/T0002/210801/b7232xo/odoo-210801/addons/hr/__init__.py
2026-02-03 09:50:28,228 - Knowledge - INFO - Fast-tracked /app/data/T0002/210801/b7232xo/odoo-210801/addons/hr/__init__.py (ext=.py, size=1119)
2026-02-03 09:50:28,228 - Knowledge - INFO - Worker kw4 processing /app/data/T0002/210801/b7232xo/odoo-210801/addons/hr/process/hr_process.xml
2026-02-03 09:50:28,243 - Knowledge - INFO - Fast-tracked /app/data/T0002/210801/b7232xo/odoo-210801/addons/hr/process/hr_process.xml (ext=.xml, size=3185)
2026-02-03 09:50:28,271 - Knowledge - INFO - Worker kw4 processing /app/data/T0002/210801/b7232xo/odoo-210801/addons/google_map/__terp__.py
2026-02-03 09:50:28,301 - Knowledge - INFO - Fast-tracked /app/data/T0002/210801/b7232xo/odoo-210801/addons/google_map/__terp__.py (ext=.py, size=1568)
2026-02-03 09:50:28,307 - Knowledge - INFO - Worker kw4 processing /app/data/T0002/210801/b7232xo/odoo-210801/addons/google_map/wizard/google_map_launch.py
2026-02-03 09:50:28,316 - Knowledge - INFO - Worker kw4 processing /app/data/T0002/210801/b7232xo/odoo-210801/addons/google_map/wizard/__init__.py
2026-02-03 09:50:28,401 - Knowledge - INFO - Fast-tracked /app/data/T0002/210801/b7232xo/odoo-210801/addons/google_map/wizard/__init__.py (ext=.py, size=1083)
2026-02-03 09:50:28,724 - Knowledge - INFO - process ingested knowledge for /app/data/T0002/210801/b7232xo/odoo-210801/addons/stock/stock_sequence.xml
2026-02-03 09:50:28,756 - Knowledge - INFO - process ingested knowledge for /app/data/T0002/210801/b7232xo/odoo-210801/addons/account_balance/account_wizard.xml
2026-02-03 09:50:28,771 - Knowledge - INFO - Fast-tracked /app/data/T0002/210801/b7232xo/odoo-210801/addons/google_map/wizard/google_map_launch.py (small file (2138 bytes))
2026-02-03 09:50:28,868 - Knowledge - INFO - [LLM_CALL] Completed: wizard_default_journal.py:chunk1, Duration: 5780ms, PromptTokens: 3110, CompletionTokens: 297, Cost: $0.00043
2026-02-03 09:50:28,889 - Knowledge - INFO - Async storage completed for 10 embeddings
2026-02-03 09:50:28,937 - Knowledge - INFO - done ingest for /app/data/T0002/210801/b7232xo/odoo-210801/addons/point_of_sale/wizard/wizard_default_journal.py
2026-02-03 09:50:29,179 - Knowledge - INFO - process ingested knowledge for /app/data/T0002/210801/b7232xo/odoo-210801/addons/crm/crm_segmentation.py
2026-02-03 09:50:29,195 - Knowledge - INFO - process ingested knowledge for /app/data/T0002/210801/b7232xo/odoo-210801/addons/l10n_fr/fiscal_templates_fr.xml
2026-02-03 09:50:29,636 - Knowledge - INFO - [LLM_CALL] Completed: wizard_get_sale.py:chunk1, Duration: 6415ms, PromptTokens: 2312, CompletionTokens: 306, Cost: $0.00035
2026-02-03 09:50:29,636 - Knowledge - INFO - done ingest for /app/data/T0002/210801/b7232xo/odoo-210801/addons/point_of_sale/wizard/wizard_get_sale.py
2026-02-03 09:50:30,201 - Knowledge - INFO - Processing batch of 8 files
2026-02-03 09:50:30,213 - Knowledge - INFO - process ingested knowledge for /app/data/T0002/210801/b7232xo/odoo-210801/addons/account_balance/__terp__.py
2026-02-03 09:50:30,239 - Knowledge - INFO - process ingested knowledge for /app/data/T0002/210801/b7232xo/odoo-210801/addons/stock/__init__.py
2026-02-03 09:50:30,251 - Knowledge - INFO - Processing batch of 8 files
2026-02-03 09:50:30,270 - Knowledge - INFO - process ingested knowledge for /app/data/T0002/210801/b7232xo/odoo-210801/addons/point_of_sale/pos_report.xml
2026-02-03 09:50:30,528 - Knowledge - INFO - Processing batch of 8 files
2026-02-03 09:50:30,533 - Knowledge - INFO - process ingested knowledge for /app/data/T0002/210801/b7232xo/odoo-210801/addons/crm/wizard/crm_wizard.py
2026-02-03 09:50:30,660 - Knowledge - INFO - [LLM_CALL] Completed: wizard_pos_payment.py:chunk1, Duration: 7564ms, PromptTokens: 4306, CompletionTokens: 490, Cost: $0.00063
2026-02-03 09:50:30,677 - Knowledge - INFO - done ingest for /app/data/T0002/210801/b7232xo/odoo-210801/addons/point_of_sale/wizard/wizard_pos_payment.py
2026-02-03 09:50:30,923 - Knowledge - INFO - process ingested knowledge for /app/data/T0002/210801/b7232xo/odoo-210801/addons/crm/__terp__.py
2026-02-03 09:50:33,994 - Knowledge - INFO - process ingested knowledge for /app/data/T0002/210801/b7232xo/odoo-210801/addons/account_balance/wizard/wizard_account_balance_report.py
2026-02-03 09:50:34,014 - Knowledge - INFO - process ingested knowledge for /app/data/T0002/210801/b7232xo/odoo-210801/addons/stock/stock_demo.xml
2026-02-03 09:50:34,040 - Knowledge - INFO - process ingested knowledge for /app/data/T0002/210801/b7232xo/odoo-210801/addons/point_of_sale/report/pos_receipt.py
2026-02-03 09:50:34,056 - Knowledge - INFO - process ingested knowledge for /app/data/T0002/210801/b7232xo/odoo-210801/addons/crm/wizard/__init__.py
2026-02-03 09:50:36,281 - Knowledge - INFO - process ingested knowledge for /app/data/T0002/210801/b7232xo/odoo-210801/addons/account_balance/report/rml_parse.py
2026-02-03 09:50:36,323 - Knowledge - INFO - process ingested knowledge for /app/data/T0002/210801/b7232xo/odoo-210801/addons/account_balance/wizard/__init__.py
2026-02-03 09:50:36,465 - Knowledge - INFO - process ingested knowledge for /app/data/T0002/210801/b7232xo/odoo-210801/addons/point_of_sale/report/pos_details.py
2026-02-03 09:50:36,508 - Knowledge - INFO - [LLM_CALL] Completed: hr.py:chunk1, Duration: 7963ms, PromptTokens: 4612, CompletionTokens: 479, Cost: $0.00065
2026-02-03 09:50:36,551 - Knowledge - INFO - done ingest for /app/data/T0002/210801/b7232xo/odoo-210801/addons/hr/hr.py
2026-02-03 09:50:36,984 - Knowledge - INFO - process ingested knowledge for /app/data/T0002/210801/b7232xo/odoo-210801/addons/crm/crm_wizard.xml
2026-02-03 09:50:37,138 - Knowledge - INFO - [LLM_CALL] Completed: scrum.py:chunk1, Duration: 10876ms, PromptTokens: 5630, CompletionTokens: 664, Cost: $0.00083
2026-02-03 09:50:37,139 - Knowledge - INFO - done ingest for /app/data/T0002/210801/b7232xo/odoo-210801/addons/scrum/scrum.py
2026-02-03 09:50:37,256 - Knowledge - INFO - [LLM_CALL] Completed: hr_department.py:chunk1, Duration: 9633ms, PromptTokens: 3198, CompletionTokens: 527, Cost: $0.00053
2026-02-03 09:50:37,256 - Knowledge - INFO - done ingest for /app/data/T0002/210801/b7232xo/odoo-210801/addons/hr/hr_department.py
2026-02-03 09:50:37,609 - Knowledge - INFO - [LLM_CALL] Completed: report_project.py:chunk1, Duration: 12321ms, PromptTokens: 2784, CompletionTokens: 250, Cost: $0.00038
2026-02-03 09:50:37,655 - Knowledge - INFO - done ingest for /app/data/T0002/210801/b7232xo/odoo-210801/addons/report_project/report_project.py
2026-02-03 09:50:38,453 - Knowledge - INFO - process ingested knowledge for /app/data/T0002/210801/b7232xo/odoo-210801/addons/account_balance/report/account_balance.py
2026-02-03 09:50:38,454 - Knowledge - INFO - process ingested knowledge for /app/data/T0002/210801/b7232xo/odoo-210801/addons/base_iban/base_iban_data.xml
2026-02-03 09:50:39,092 - Knowledge - INFO - [LLM_CALL] Completed: sprint_burndown.py:chunk1, Duration: 13515ms, PromptTokens: 2446, CompletionTokens: 485, Cost: $0.00044
2026-02-03 09:50:39,100 - Knowledge - INFO - done ingest for /app/data/T0002/210801/b7232xo/odoo-210801/addons/scrum/report/sprint_burndown.py
2026-02-03 09:50:39,729 - Knowledge - INFO - process ingested knowledge for /app/data/T0002/210801/b7232xo/odoo-210801/addons/point_of_sale/report/pos_invoice.py
2026-02-03 09:50:40,056 - Knowledge - INFO - process ingested knowledge for /app/data/T0002/210801/b7232xo/odoo-210801/addons/crm/crm.py
2026-02-03 09:50:40,173 - Knowledge - INFO - [LLM_CALL] Completed: task_burndown.py:chunk1, Duration: 14721ms, PromptTokens: 3390, CompletionTokens: 482, Cost: $0.00053
2026-02-03 09:50:40,189 - Knowledge - INFO - done ingest for /app/data/T0002/210801/b7232xo/odoo-210801/addons/scrum/report/task_burndown.py
2026-02-03 09:50:40,437 - Knowledge - INFO - [LLM_CALL] Completed: pos.py:chunk1, Duration: 17207ms, PromptTokens: 20278, CompletionTokens: 1258, Cost: $0.00253
2026-02-03 09:50:40,439 - Knowledge - INFO - done ingest for /app/data/T0002/210801/b7232xo/odoo-210801/addons/point_of_sale/pos.py
2026-02-03 09:50:40,523 - Knowledge - INFO - process ingested knowledge for /app/data/T0002/210801/b7232xo/odoo-210801/addons/account_balance/account_move_line.py
2026-02-03 09:50:40,611 - Knowledge - INFO - process ingested knowledge for /app/data/T0002/210801/b7232xo/odoo-210801/addons/base_iban/__terp__.py
2026-02-03 09:50:40,855 - Knowledge - INFO - process ingested knowledge for /app/data/T0002/210801/b7232xo/odoo-210801/addons/point_of_sale/report/pos_lines.py
2026-02-03 09:50:41,053 - Knowledge - INFO - process ingested knowledge for /app/data/T0002/210801/b7232xo/odoo-210801/addons/account_balance/__init__.py
2026-02-03 09:50:41,432 - Knowledge - INFO - process ingested knowledge for /app/data/T0002/210801/b7232xo/odoo-210801/addons/crm/crm_demo.xml
2026-02-03 09:50:41,433 - Knowledge - INFO - process ingested knowledge for /app/data/T0002/210801/b7232xo/odoo-210801/addons/point_of_sale/report/pos_details_summary.py
2026-02-03 09:50:41,438 - Knowledge - INFO - process ingested knowledge for /app/data/T0002/210801/b7232xo/odoo-210801/addons/account_balance/report/account_balance_landscape.py
2026-02-03 09:50:41,512 - Knowledge - INFO - process ingested knowledge for /app/data/T0002/210801/b7232xo/odoo-210801/addons/account_balance/account_report.xml
2026-02-03 09:50:42,082 - Knowledge - INFO - process ingested knowledge for /app/data/T0002/210801/b7232xo/odoo-210801/addons/crm/crm_view.xml
2026-02-03 09:50:42,202 - Knowledge - INFO - process ingested knowledge for /app/data/T0002/210801/b7232xo/odoo-210801/addons/point_of_sale/report/__init__.py
2026-02-03 09:50:42,204 - Knowledge - INFO - process ingested knowledge for /app/data/T0002/210801/b7232xo/odoo-210801/addons/account_balance/report/__init__.py
2026-02-03 09:50:42,394 - Knowledge - INFO - process ingested knowledge for /app/data/T0002/210801/b7232xo/odoo-210801/addons/point_of_sale/security/point_of_sale_security.xml
2026-02-03 09:50:42,566 - Knowledge - INFO - [WEBSOCKET] Sent: Type=progress_update, Size: 292, Duration: 0ms
2026-02-03 09:50:42,567 - Knowledge - INFO - [WEBSOCKET] Sent: Type=unknown, Size: ?, Duration: 2ms
2026-02-03 09:50:42,568 - Knowledge - INFO - Progress: 29.1% | Files: 367/1263 | Rate: 2.16 files/sec | Queue: 869
2026-02-03 09:50:42,727 - Knowledge - INFO - process ingested knowledge for /app/data/T0002/210801/b7232xo/odoo-210801/addons/crm/crm_operators.py
2026-02-03 09:50:42,828 - Knowledge - INFO - process ingested knowledge for /app/data/T0002/210801/b7232xo/odoo-210801/addons/point_of_sale/pos_data.xml
2026-02-03 09:50:42,847 - Knowledge - INFO - Processing batch of 8 files
2026-02-03 09:50:42,847 - Knowledge - INFO - process ingested knowledge for /app/data/T0002/210801/b7232xo/odoo-210801/addons/hr/hr.py
2026-02-03 09:50:43,091 - Knowledge - INFO - process ingested knowledge for /app/data/T0002/210801/b7232xo/odoo-210801/addons/point_of_sale/sale_wizard.xml
2026-02-03 09:50:43,196 - Knowledge - INFO - [kw19] Queue=869, InProgress=0, PendingWorkers=20/20, Completed=372/1263 (29.5%)
2026-02-03 09:50:43,197 - Knowledge - INFO - Batch sizing: calculated=8, max_allowed=10, queue=869, active_workers=20/20
2026-02-03 09:50:43,297 - Knowledge - INFO - process ingested knowledge for /app/data/T0002/210801/b7232xo/odoo-210801/addons/crm/__init__.py
2026-02-03 09:50:43,299 - Knowledge - INFO - process ingested knowledge for /app/data/T0002/210801/b7232xo/odoo-210801/addons/hr/hr_demo.xml
2026-02-03 09:50:43,691 - Knowledge - INFO - Async storing batch of 10 embeddings
2026-02-03 09:50:43,694 - Knowledge - INFO - Worker kw19 processing /app/data/T0002/210801/b7232xo/odoo-210801/addons/google_map/google_map.py
2026-02-03 09:50:43,697 - Knowledge - INFO - Fast-tracked /app/data/T0002/210801/b7232xo/odoo-210801/addons/google_map/google_map.py (ext=.py, size=1391)
2026-02-03 09:50:43,697 - Knowledge - INFO - Worker kw19 processing /app/data/T0002/210801/b7232xo/odoo-210801/addons/google_map/google_map_wizard.xml
2026-02-03 09:50:43,699 - Knowledge - INFO - Fast-tracked /app/data/T0002/210801/b7232xo/odoo-210801/addons/google_map/google_map_wizard.xml (ext=.xml, size=222)
2026-02-03 09:50:43,699 - Knowledge - INFO - Worker kw19 processing /app/data/T0002/210801/b7232xo/odoo-210801/addons/google_map/google_map_view.xml
2026-02-03 09:50:43,701 - Knowledge - INFO - Fast-tracked /app/data/T0002/210801/b7232xo/odoo-210801/addons/google_map/google_map_view.xml (ext=.xml, size=1891)
2026-02-03 09:50:43,701 - Knowledge - INFO - Worker kw19 processing /app/data/T0002/210801/b7232xo/odoo-210801/addons/google_map/__init__.py
2026-02-03 09:50:43,703 - Knowledge - INFO - Fast-tracked /app/data/T0002/210801/b7232xo/odoo-210801/addons/google_map/__init__.py (ext=.py, size=1090)
2026-02-03 09:50:43,703 - Knowledge - INFO - Worker kw19 processing /app/data/T0002/210801/b7232xo/odoo-210801/addons/account_payment/account_invoice.py
2026-02-03 09:50:43,707 - Knowledge - INFO - Worker kw19 processing /app/data/T0002/210801/b7232xo/odoo-210801/addons/account_payment/payment_report.xml
2026-02-03 09:50:43,709 - Knowledge - INFO - Fast-tracked /app/data/T0002/210801/b7232xo/odoo-210801/addons/account_payment/payment_report.xml (ext=.xml, size=238)
2026-02-03 09:50:43,710 - Knowledge - INFO - Worker kw19 processing /app/data/T0002/210801/b7232xo/odoo-210801/addons/account_payment/security/account_payment_security.xml
2026-02-03 09:50:43,720 - Knowledge - INFO - Fast-tracked /app/data/T0002/210801/b7232xo/odoo-210801/addons/account_payment/security/account_payment_security.xml (ext=.xml, size=217)
2026-02-03 09:50:43,721 - Knowledge - INFO - Worker kw19 processing /app/data/T0002/210801/b7232xo/odoo-210801/addons/account_payment/report/payment_order.py
2026-02-03 09:50:43,731 - Knowledge - INFO - Fast-tracked /app/data/T0002/210801/b7232xo/odoo-210801/addons/account_payment/account_invoice.py (small file (2140 bytes))
2026-02-03 09:50:43,734 - Knowledge - INFO - Fast-tracked /app/data/T0002/210801/b7232xo/odoo-210801/addons/account_payment/report/payment_order.py (small file (2988 bytes))
2026-02-03 09:50:43,735 - Knowledge - INFO - Async storage completed for 10 embeddings
2026-02-03 09:50:44,008 - Knowledge - INFO - Processing batch of 8 files
2026-02-03 09:50:44,009 - Knowledge - INFO - process ingested knowledge for /app/data/T0002/210801/b7232xo/odoo-210801/addons/scrum/scrum_view.xml
2026-02-03 09:50:44,774 - Knowledge - INFO - process ingested knowledge for /app/data/T0002/210801/b7232xo/odoo-210801/addons/hr/hr_view.xml
2026-02-03 09:50:44,915 - Knowledge - INFO - process ingested knowledge for /app/data/T0002/210801/b7232xo/odoo-210801/addons/scrum/__init__.py
2026-02-03 09:50:44,916 - Knowledge - INFO - [kw2] Queue=861, InProgress=0, PendingWorkers=20/20, Completed=387/1263 (30.6%)
2026-02-03 09:50:44,916 - Knowledge - INFO - Processing batch of 8 files
2026-02-03 09:50:44,918 - Knowledge - INFO - Batch sizing: calculated=8, max_allowed=10, queue=861, active_workers=20/20
2026-02-03 09:50:44,919 - Knowledge - INFO - process ingested knowledge for /app/data/T0002/210801/b7232xo/odoo-210801/addons/point_of_sale/wizard/wizard_get_sale.py
2026-02-03 09:50:45,001 - Knowledge - INFO - [kw16] Queue=861, InProgress=0, PendingWorkers=20/20, Completed=388/1263 (30.7%)
2026-02-03 09:50:45,001 - Knowledge - INFO - Batch sizing: calculated=8, max_allowed=10, queue=861, active_workers=20/20
2026-02-03 09:50:45,260 - Knowledge - INFO - Processing batch of 8 files
2026-02-03 09:50:45,261 - Knowledge - INFO - process ingested knowledge for /app/data/T0002/210801/b7232xo/odoo-210801/addons/point_of_sale/__init__.py
2026-02-03 09:50:45,408 - Knowledge - INFO - process ingested knowledge for /app/data/T0002/210801/b7232xo/odoo-210801/addons/hr/__init__.py
2026-02-03 09:50:45,522 - Knowledge - INFO - process ingested knowledge for /app/data/T0002/210801/b7232xo/odoo-210801/addons/scrum/process/scrum_process.xml
2026-02-03 09:50:45,527 - Knowledge - INFO - Async storing batch of 10 embeddings
2026-02-03 09:50:45,534 - Knowledge - INFO - [WEBSOCKET] Sent: Type=progress_update, Size: 293, Duration: 0ms
2026-02-03 09:50:45,535 - Knowledge - INFO - [WEBSOCKET] Sent: Type=unknown, Size: ?, Duration: 1ms
2026-02-03 09:50:45,535 - Knowledge - INFO - Progress: 31.1% | Files: 393/1263 | Rate: 2.27 files/sec | Queue: 853
2026-02-03 09:50:45,538 - Knowledge - INFO - Worker kw2 processing /app/data/T0002/210801/b7232xo/odoo-210801/addons/account_payment/report/__init__.py
2026-02-03 09:50:45,539 - Knowledge - INFO - Fast-tracked /app/data/T0002/210801/b7232xo/odoo-210801/addons/account_payment/report/__init__.py (ext=.py, size=1077)
2026-02-03 09:50:45,540 - Knowledge - INFO - Worker kw2 processing /app/data/T0002/210801/b7232xo/odoo-210801/addons/account_payment/account_invoice_view.xml
2026-02-03 09:50:45,542 - Knowledge - INFO - Fast-tracked /app/data/T0002/210801/b7232xo/odoo-210801/addons/account_payment/account_invoice_view.xml (ext=.xml, size=645)
2026-02-03 09:50:45,542 - Knowledge - INFO - Worker kw2 processing /app/data/T0002/210801/b7232xo/odoo-210801/addons/account_payment/__terp__.py
2026-02-03 09:50:45,544 - Knowledge - INFO - Fast-tracked /app/data/T0002/210801/b7232xo/odoo-210801/addons/account_payment/__terp__.py (ext=.py, size=1884)
2026-02-03 09:50:45,544 - Knowledge - INFO - Worker kw2 processing /app/data/T0002/210801/b7232xo/odoo-210801/addons/account_payment/wizard/wizard_payment_order.py
2026-02-03 09:50:45,547 - Knowledge - INFO - Worker kw2 processing /app/data/T0002/210801/b7232xo/odoo-210801/addons/account_payment/wizard/wizard_pay.py
2026-02-03 09:50:45,550 - Knowledge - INFO - Worker kw2 processing /app/data/T0002/210801/b7232xo/odoo-210801/addons/account_payment/wizard/wizard_populate_statement.py
2026-02-03 09:50:45,553 - Knowledge - INFO - Worker kw2 processing /app/data/T0002/210801/b7232xo/odoo-210801/addons/account_payment/wizard/__init__.py
2026-02-03 09:50:45,555 - Knowledge - INFO - Fast-tracked /app/data/T0002/210801/b7232xo/odoo-210801/addons/account_payment/wizard/__init__.py (ext=.py, size=1138)
2026-02-03 09:50:45,556 - Knowledge - INFO - Worker kw2 processing /app/data/T0002/210801/b7232xo/odoo-210801/addons/account_payment/account_move_line.py
2026-02-03 09:50:45,571 - Knowledge - INFO - Fast-tracked /app/data/T0002/210801/b7232xo/odoo-210801/addons/account_payment/wizard/wizard_pay.py (small file (2423 bytes))
2026-02-03 09:50:45,587 - Knowledge - INFO - Async storage completed for 10 embeddings
2026-02-03 09:50:45,659 - Knowledge - INFO - Async storing batch of 10 embeddings
2026-02-03 09:50:45,660 - Knowledge - INFO - Worker kw16 processing /app/data/T0002/210801/b7232xo/odoo-210801/addons/account_payment/payment_sequence.xml
2026-02-03 09:50:45,662 - Knowledge - INFO - Fast-tracked /app/data/T0002/210801/b7232xo/odoo-210801/addons/account_payment/payment_sequence.xml (ext=.xml, size=1121)
2026-02-03 09:50:45,663 - Knowledge - INFO - Worker kw16 processing /app/data/T0002/210801/b7232xo/odoo-210801/addons/account_payment/payment.py
2026-02-03 09:50:45,665 - Knowledge - INFO - Worker kw16 processing /app/data/T0002/210801/b7232xo/odoo-210801/addons/account_payment/payment_wizard.xml
2026-02-03 09:50:45,667 - Knowledge - INFO - Fast-tracked /app/data/T0002/210801/b7232xo/odoo-210801/addons/account_payment/payment_wizard.xml (ext=.xml, size=517)
2026-02-03 09:50:45,667 - Knowledge - INFO - Worker kw16 processing /app/data/T0002/210801/b7232xo/odoo-210801/addons/account_payment/payment_workflow.xml
2026-02-03 09:50:45,669 - Knowledge - INFO - Fast-tracked /app/data/T0002/210801/b7232xo/odoo-210801/addons/account_payment/payment_workflow.xml (ext=.xml, size=2567)
2026-02-03 09:50:45,669 - Knowledge - INFO - Worker kw16 processing /app/data/T0002/210801/b7232xo/odoo-210801/addons/account_payment/__init__.py
2026-02-03 09:50:45,671 - Knowledge - INFO - Fast-tracked /app/data/T0002/210801/b7232xo/odoo-210801/addons/account_payment/__init__.py (ext=.py, size=1284)
2026-02-03 09:50:45,672 - Knowledge - INFO - Worker kw16 processing /app/data/T0002/210801/b7232xo/odoo-210801/addons/account_payment/payment_view.xml
2026-02-03 09:50:45,673 - Knowledge - INFO - Fast-tracked /app/data/T0002/210801/b7232xo/odoo-210801/addons/account_payment/payment_view.xml (ext=.xml, size=16372)
2026-02-03 09:50:45,675 - Knowledge - INFO - Worker kw16 processing /app/data/T0002/210801/b7232xo/odoo-210801/addons/report_mrp/__terp__.py
2026-02-03 09:50:45,678 - Knowledge - INFO - Fast-tracked /app/data/T0002/210801/b7232xo/odoo-210801/addons/report_mrp/__terp__.py (ext=.py, size=1563)
2026-02-03 09:50:45,678 - Knowledge - INFO - Worker kw16 processing /app/data/T0002/210801/b7232xo/odoo-210801/addons/report_mrp/report_mrp.py
2026-02-03 09:50:45,698 - Knowledge - INFO - Async storage completed for 10 embeddings
2026-02-03 09:50:46,063 - Knowledge - INFO - process ingested knowledge for /app/data/T0002/210801/b7232xo/odoo-210801/addons/report_project/__terp__.py
2026-02-03 09:50:46,346 - Knowledge - INFO - process ingested knowledge for /app/data/T0002/210801/b7232xo/odoo-210801/addons/hr/process/hr_process.xml
2026-02-03 09:50:46,632 - Knowledge - INFO - process ingested knowledge for /app/data/T0002/210801/b7232xo/odoo-210801/addons/hr/hr_department_demo.xml
2026-02-03 09:50:46,982 - Knowledge - INFO - Processing batch of 8 files
2026-02-03 09:50:46,983 - Knowledge - INFO - process ingested knowledge for /app/data/T0002/210801/b7232xo/odoo-210801/addons/scrum/report/_burndown.py
2026-02-03 09:50:46,983 - Knowledge - INFO - [kw17] Queue=845, InProgress=0, PendingWorkers=20/20, Completed=397/1263 (31.4%)
2026-02-03 09:50:46,984 - Knowledge - INFO - Batch sizing: calculated=8, max_allowed=10, queue=845, active_workers=20/20
2026-02-03 09:50:47,939 - Knowledge - INFO - process ingested knowledge for /app/data/T0002/210801/b7232xo/odoo-210801/addons/report_project/report_project.py
2026-02-03 09:50:48,380 - Knowledge - INFO - process ingested knowledge for /app/data/T0002/210801/b7232xo/odoo-210801/addons/point_of_sale/wizard/__init__.py
2026-02-03 09:50:48,411 - Knowledge - INFO - process ingested knowledge for /app/data/T0002/210801/b7232xo/odoo-210801/addons/google_map/__terp__.py
2026-02-03 09:50:48,423 - Knowledge - INFO - [kw18] Queue=845, InProgress=0, PendingWorkers=20/20, Completed=397/1263 (31.4%)
2026-02-03 09:50:48,431 - Knowledge - INFO - [kw9] Queue=845, InProgress=0, PendingWorkers=20/20, Completed=397/1263 (31.4%)
2026-02-03 09:50:48,437 - Knowledge - INFO - Batch sizing: calculated=8, max_allowed=10, queue=845, active_workers=20/20
2026-02-03 09:50:48,437 - Knowledge - INFO - process ingested knowledge for /app/data/T0002/210801/b7232xo/odoo-210801/addons/scrum/report/__init__.py
2026-02-03 09:50:48,438 - Knowledge - INFO - Async storing batch of 8 embeddings
2026-02-03 09:50:48,453 - Knowledge - INFO - Batch sizing: calculated=8, max_allowed=10, queue=845, active_workers=20/20
2026-02-03 09:50:48,494 - Knowledge - INFO - Processing batch of 8 files
2026-02-03 09:50:48,532 - Knowledge - INFO - Worker kw17 processing /app/data/T0002/210801/b7232xo/odoo-210801/addons/report_mrp/report_mrp_view.xml
2026-02-03 09:50:48,543 - Knowledge - INFO - process ingested knowledge for /app/data/T0002/210801/b7232xo/odoo-210801/addons/point_of_sale/__terp__.py
2026-02-03 09:50:48,579 - Knowledge - INFO - Fast-tracked /app/data/T0002/210801/b7232xo/odoo-210801/addons/report_mrp/report_mrp_view.xml (ext=.xml, size=4564)
2026-02-03 09:50:48,592 - Knowledge - INFO - Worker kw17 processing /app/data/T0002/210801/b7232xo/odoo-210801/addons/report_mrp/__init__.py
2026-02-03 09:50:48,598 - Knowledge - INFO - Fast-tracked /app/data/T0002/210801/b7232xo/odoo-210801/addons/report_mrp/__init__.py (ext=.py, size=1077)
2026-02-03 09:50:48,644 - Knowledge - INFO - Worker kw17 processing /app/data/T0002/210801/b7232xo/odoo-210801/addons/analytic_journal_billing_rate/__terp__.py
2026-02-03 09:50:48,668 - Knowledge - INFO - Worker kw17 processing /app/data/T0002/210801/b7232xo/odoo-210801/addons/analytic_journal_billing_rate/analytic_journal_billing_rate.py
2026-02-03 09:50:48,678 - Knowledge - INFO - Worker kw17 processing /app/data/T0002/210801/b7232xo/odoo-210801/addons/analytic_journal_billing_rate/analytic_journal_billing_rate_view.xml
2026-02-03 09:50:48,732 - Knowledge - INFO - Fast-tracked /app/data/T0002/210801/b7232xo/odoo-210801/addons/analytic_journal_billing_rate/analytic_journal_billing_rate_view.xml (ext=.xml, size=4251)
2026-02-03 09:50:48,736 - Knowledge - INFO - Worker kw17 processing /app/data/T0002/210801/b7232xo/odoo-210801/addons/analytic_journal_billing_rate/__init__.py
2026-02-03 09:50:48,753 - Knowledge - INFO - Fast-tracked /app/data/T0002/210801/b7232xo/odoo-210801/addons/analytic_journal_billing_rate/__init__.py (ext=.py, size=1094)
2026-02-03 09:50:48,755 - Knowledge - INFO - Worker kw17 processing /app/data/T0002/210801/b7232xo/odoo-210801/addons/report_document/__terp__.py
2026-02-03 09:50:48,765 - Knowledge - INFO - Fast-tracked /app/data/T0002/210801/b7232xo/odoo-210801/addons/report_document/__terp__.py (ext=.py, size=1559)
2026-02-03 09:50:48,768 - Knowledge - INFO - Worker kw17 processing /app/data/T0002/210801/b7232xo/odoo-210801/addons/report_document/report_document.py
2026-02-03 09:50:48,825 - Knowledge - INFO - Fast-tracked /app/data/T0002/210801/b7232xo/odoo-210801/addons/analytic_journal_billing_rate/__terp__.py (small file (2049 bytes))
2026-02-03 09:50:49,155 - Knowledge - INFO - Async storage completed for 8 embeddings
2026-02-03 09:50:49,376 - Knowledge - INFO - [LLM_CALL] Completed: report_mrp.py:chunk1, Duration: 3682ms, PromptTokens: 2422, CompletionTokens: 241, Cost: $0.00034
2026-02-03 09:50:49,377 - Knowledge - INFO - done ingest for /app/data/T0002/210801/b7232xo/odoo-210801/addons/report_mrp/report_mrp.py
2026-02-03 09:50:49,643 - Knowledge - INFO - process ingested knowledge for /app/data/T0002/210801/b7232xo/odoo-210801/addons/report_project/report_project_view.xml
2026-02-03 09:50:50,139 - Knowledge - INFO - process ingested knowledge for /app/data/T0002/210801/b7232xo/odoo-210801/addons/point_of_sale/pos_wizard.xml
2026-02-03 09:50:50,155 - Knowledge - INFO - process ingested knowledge for /app/data/T0002/210801/b7232xo/odoo-210801/addons/hr/security/hr_security.xml
2026-02-03 09:50:50,170 - Knowledge - INFO - process ingested knowledge for /app/data/T0002/210801/b7232xo/odoo-210801/addons/google_map/wizard/google_map_launch.py
2026-02-03 09:50:50,184 - Knowledge - INFO - Async storing batch of 10 embeddings
2026-02-03 09:50:50,214 - Knowledge - INFO - process ingested knowledge for /app/data/T0002/210801/b7232xo/odoo-210801/addons/scrum/__terp__.py
2026-02-03 09:50:50,238 - Knowledge - INFO - Async storing batch of 8 embeddings
2026-02-03 09:50:50,247 - Knowledge - INFO - Worker kw18 processing /app/data/T0002/210801/b7232xo/odoo-210801/addons/report_document/report_document_view.xml
2026-02-03 09:50:50,248 - Knowledge - INFO - process ingested knowledge for /app/data/T0002/210801/b7232xo/odoo-210801/addons/point_of_sale/wizard/wizard_add_product.py
2026-02-03 09:50:50,310 - Knowledge - INFO - Fast-tracked /app/data/T0002/210801/b7232xo/odoo-210801/addons/report_document/report_document_view.xml (ext=.xml, size=13244)
2026-02-03 09:50:50,311 - Knowledge - INFO - Worker kw18 processing /app/data/T0002/210801/b7232xo/odoo-210801/addons/report_document/__init__.py
2026-02-03 09:50:50,323 - Knowledge - INFO - Fast-tracked /app/data/T0002/210801/b7232xo/odoo-210801/addons/report_document/__init__.py (ext=.py, size=1080)
2026-02-03 09:50:50,338 - Knowledge - INFO - [LLM_CALL] Completed: wizard_populate_statement.py:chunk1, Duration: 4764ms, PromptTokens: 3270, CompletionTokens: 348, Cost: $0.00047
2026-02-03 09:50:50,352 - Knowledge - INFO - done ingest for /app/data/T0002/210801/b7232xo/odoo-210801/addons/account_payment/wizard/wizard_populate_statement.py
2026-02-03 09:50:50,383 - Knowledge - INFO - Worker kw18 processing /app/data/T0002/210801/b7232xo/odoo-210801/addons/board_auction/__terp__.py
2026-02-03 09:50:50,425 - Knowledge - INFO - Worker kw9 processing /app/data/T0002/210801/b7232xo/odoo-210801/addons/warning/warning.py
2026-02-03 09:50:50,455 - Knowledge - INFO - Fast-tracked /app/data/T0002/210801/b7232xo/odoo-210801/addons/board_auction/__terp__.py (ext=.py, size=1511)
2026-02-03 09:50:50,468 - Knowledge - INFO - Worker kw18 processing /app/data/T0002/210801/b7232xo/odoo-210801/addons/board_auction/board_auction_manager_view.xml
2026-02-03 09:50:50,487 - Knowledge - INFO - Fast-tracked /app/data/T0002/210801/b7232xo/odoo-210801/addons/board_auction/board_auction_manager_view.xml (ext=.xml, size=2349)
2026-02-03 09:50:50,488 - Knowledge - INFO - Worker kw9 processing /app/data/T0002/210801/b7232xo/odoo-210801/addons/warning/__init__.py
2026-02-03 09:50:50,488 - Knowledge - INFO - Worker kw18 processing /app/data/T0002/210801/b7232xo/odoo-210801/addons/board_auction/board_auction_demo.xml
2026-02-03 09:50:50,551 - Knowledge - INFO - Fast-tracked /app/data/T0002/210801/b7232xo/odoo-210801/addons/warning/__init__.py (ext=.py, size=1074)
2026-02-03 09:50:50,574 - Knowledge - INFO - Worker kw9 processing /app/data/T0002/210801/b7232xo/odoo-210801/addons/warning/warning_view.xml
2026-02-03 09:50:50,574 - Knowledge - INFO - Fast-tracked /app/data/T0002/210801/b7232xo/odoo-210801/addons/board_auction/board_auction_demo.xml (ext=.xml, size=428)
2026-02-03 09:50:50,663 - Knowledge - INFO - Worker kw18 processing /app/data/T0002/210801/b7232xo/odoo-210801/addons/board_auction/board_auction_view.xml
2026-02-03 09:50:50,680 - Knowledge - INFO - Fast-tracked /app/data/T0002/210801/b7232xo/odoo-210801/addons/warning/warning_view.xml (ext=.xml, size=3263)
2026-02-03 09:50:50,687 - Knowledge - INFO - Fast-tracked /app/data/T0002/210801/b7232xo/odoo-210801/addons/board_auction/board_auction_view.xml (ext=.xml, size=1953)
2026-02-03 09:50:50,689 - Knowledge - INFO - Worker kw9 processing /app/data/T0002/210801/b7232xo/odoo-210801/addons/base_contact/__terp__.py
2026-02-03 09:50:50,703 - Knowledge - INFO - Worker kw18 processing /app/data/T0002/210801/b7232xo/odoo-210801/addons/board_auction/__init__.py
2026-02-03 09:50:50,758 - Knowledge - INFO - Worker kw9 processing /app/data/T0002/210801/b7232xo/odoo-210801/addons/base_contact/base_contact_demo.xml
2026-02-03 09:50:50,759 - Knowledge - INFO - Fast-tracked /app/data/T0002/210801/b7232xo/odoo-210801/addons/board_auction/__init__.py (ext=.py, size=66)
2026-02-03 09:50:50,760 - Knowledge - INFO - Worker kw18 processing /app/data/T0002/210801/b7232xo/odoo-210801/addons/warning/__terp__.py
2026-02-03 09:50:50,777 - Knowledge - INFO - Fast-tracked /app/data/T0002/210801/b7232xo/odoo-210801/addons/warning/__terp__.py (ext=.py, size=1428)
2026-02-03 09:50:50,777 - Knowledge - INFO - Fast-tracked /app/data/T0002/210801/b7232xo/odoo-210801/addons/base_contact/base_contact_demo.xml (ext=.xml, size=20046)
2026-02-03 09:50:50,785 - Knowledge - INFO - Worker kw9 processing /app/data/T0002/210801/b7232xo/odoo-210801/addons/base_contact/base_contact.py
2026-02-03 09:50:50,786 - Knowledge - INFO - Async storage completed for 10 embeddings
2026-02-03 09:50:50,848 - Knowledge - INFO - Worker kw9 processing /app/data/T0002/210801/b7232xo/odoo-210801/addons/base_contact/__init__.py
2026-02-03 09:50:50,952 - Knowledge - INFO - Fast-tracked /app/data/T0002/210801/b7232xo/odoo-210801/addons/base_contact/__init__.py (ext=.py, size=1078)
2026-02-03 09:50:50,960 - Knowledge - INFO - Worker kw9 processing /app/data/T0002/210801/b7232xo/odoo-210801/addons/base_contact/base_contact_view.xml
2026-02-03 09:50:50,984 - Knowledge - INFO - Fast-tracked /app/data/T0002/210801/b7232xo/odoo-210801/addons/base_contact/base_contact_view.xml (ext=.xml, size=16613)
2026-02-03 09:50:51,269 - Knowledge - INFO - Fast-tracked /app/data/T0002/210801/b7232xo/odoo-210801/addons/base_contact/__terp__.py (small file (2207 bytes))
2026-02-03 09:50:51,451 - Knowledge - INFO - Async storage completed for 8 embeddings
2026-02-03 09:50:51,826 - Knowledge - INFO - process ingested knowledge for /app/data/T0002/210801/b7232xo/odoo-210801/addons/point_of_sale/pos_sequence.xml
2026-02-03 09:50:51,841 - Knowledge - INFO - process ingested knowledge for /app/data/T0002/210801/b7232xo/odoo-210801/addons/hr/hr_department.py
2026-02-03 09:50:52,374 - Knowledge - INFO - process ingested knowledge for /app/data/T0002/210801/b7232xo/odoo-210801/addons/scrum/scrum.py
2026-02-03 09:50:52,889 - Knowledge - INFO - [LLM_CALL] Completed: account_move_line.py:chunk1, Duration: 7306ms, PromptTokens: 2966, CompletionTokens: 389, Cost: $0.00045
2026-02-03 09:50:52,890 - Knowledge - INFO - done ingest for /app/data/T0002/210801/b7232xo/odoo-210801/addons/account_payment/account_move_line.py
2026-02-03 09:50:53,302 - Knowledge - INFO - [LLM_CALL] Completed: wizard_payment_order.py:chunk1, Duration: 7743ms, PromptTokens: 3278, CompletionTokens: 346, Cost: $0.00047
2026-02-03 09:50:53,323 - Knowledge - INFO - done ingest for /app/data/T0002/210801/b7232xo/odoo-210801/addons/account_payment/wizard/wizard_payment_order.py
2026-02-03 09:50:53,353 - Knowledge - INFO - process ingested knowledge for /app/data/T0002/210801/b7232xo/odoo-210801/addons/report_project/__init__.py
2026-02-03 09:50:54,838 - Knowledge - INFO - process ingested knowledge for /app/data/T0002/210801/b7232xo/odoo-210801/addons/point_of_sale/pos.py
2026-02-03 09:50:54,846 - Knowledge - INFO - process ingested knowledge for /app/data/T0002/210801/b7232xo/odoo-210801/addons/google_map/wizard/__init__.py
2026-02-03 09:50:54,886 - Knowledge - INFO - [kw15] Queue=821, InProgress=0, PendingWorkers=20/20, Completed=402/1263 (31.8%)
2026-02-03 09:50:54,906 - Knowledge - INFO - Batch sizing: calculated=8, max_allowed=10, queue=821, active_workers=20/20
2026-02-03 09:50:54,935 - Knowledge - INFO - process ingested knowledge for /app/data/T0002/210801/b7232xo/odoo-210801/addons/scrum/wizard/backlog_to_task.py
2026-02-03 09:50:55,386 - Knowledge - INFO - process ingested knowledge for /app/data/T0002/210801/b7232xo/odoo-210801/addons/scrum/scrum_report.xml
2026-02-03 09:50:56,070 - Knowledge - INFO - process ingested knowledge for /app/data/T0002/210801/b7232xo/odoo-210801/addons/hr/hr_department_view.xml
2026-02-03 09:50:56,089 - Knowledge - INFO - process ingested knowledge for /app/data/T0002/210801/b7232xo/odoo-210801/addons/point_of_sale/pos_workflow.xml
2026-02-03 09:50:56,099 - Knowledge - INFO - process ingested knowledge for /app/data/T0002/210801/b7232xo/odoo-210801/addons/point_of_sale/wizard/wizard_discount.py
2026-02-03 09:50:56,557 - Knowledge - INFO - process ingested knowledge for /app/data/T0002/210801/b7232xo/odoo-210801/addons/scrum/wizard/__init__.py
2026-02-03 09:50:56,797 - Knowledge - INFO - [LLM_CALL] Completed: payment.py:chunk1, Duration: 11114ms, PromptTokens: 9516, CompletionTokens: 1033, Cost: $0.00136
2026-02-03 09:50:56,798 - Knowledge - INFO - done ingest for /app/data/T0002/210801/b7232xo/odoo-210801/addons/account_payment/payment.py
2026-02-03 09:50:57,194 - Knowledge - INFO - [LLM_CALL] Completed: report_document.py:chunk1, Duration: 8212ms, PromptTokens: 3958, CompletionTokens: 363, Cost: $0.00054
2026-02-03 09:50:57,229 - Knowledge - INFO - done ingest for /app/data/T0002/210801/b7232xo/odoo-210801/addons/report_document/report_document.py
2026-02-03 09:50:57,927 - Knowledge - INFO - process ingested knowledge for /app/data/T0002/210801/b7232xo/odoo-210801/addons/hr/__terp__.py
2026-02-03 09:50:57,929 - Knowledge - INFO - [kw12] Queue=821, InProgress=0, PendingWorkers=20/20, Completed=407/1263 (32.2%)
2026-02-03 09:50:57,935 - Knowledge - INFO - process ingested knowledge for /app/data/T0002/210801/b7232xo/odoo-210801/addons/point_of_sale/stock.py
2026-02-03 09:50:57,937 - Knowledge - INFO - Batch sizing: calculated=8, max_allowed=10, queue=821, active_workers=20/20
2026-02-03 09:50:57,960 - Knowledge - INFO - Processing batch of 8 files
2026-02-03 09:50:57,966 - Knowledge - INFO - process ingested knowledge for /app/data/T0002/210801/b7232xo/odoo-210801/addons/google_map/google_map.py
2026-02-03 09:50:58,276 - Knowledge - INFO - process ingested knowledge for /app/data/T0002/210801/b7232xo/odoo-210801/addons/scrum/scrum_wizard.xml
2026-02-03 09:50:58,305 - Knowledge - INFO - [LLM_CALL] Completed: analytic_journal_billing_rate.py:chunk1, Duration: 9460ms, PromptTokens: 3222, CompletionTokens: 477, Cost: $0.00051
2026-02-03 09:50:58,306 - Knowledge - INFO - done ingest for /app/data/T0002/210801/b7232xo/odoo-210801/addons/analytic_journal_billing_rate/analytic_journal_billing_rate.py
2026-02-03 09:50:58,789 - Knowledge - INFO - Async storing batch of 10 embeddings
2026-02-03 09:50:58,790 - Knowledge - INFO - process ingested knowledge for /app/data/T0002/210801/b7232xo/odoo-210801/addons/point_of_sale/wizard/wizard_scan_product.py
2026-02-03 09:50:58,804 - Knowledge - INFO - process ingested knowledge for /app/data/T0002/210801/b7232xo/odoo-210801/addons/point_of_sale/pos_view.xml
2026-02-03 09:50:58,830 - Knowledge - INFO - process ingested knowledge for /app/data/T0002/210801/b7232xo/odoo-210801/addons/google_map/google_map_wizard.xml
2026-02-03 09:50:58,843 - Knowledge - INFO - Worker kw15 processing /app/data/T0002/210801/b7232xo/odoo-210801/addons/base_contact/process/base_contact_process.xml
2026-02-03 09:50:58,871 - Knowledge - INFO - Fast-tracked /app/data/T0002/210801/b7232xo/odoo-210801/addons/base_contact/process/base_contact_process.xml (ext=.xml, size=4318)
2026-02-03 09:50:58,879 - Knowledge - INFO - Worker kw15 processing /app/data/T0002/210801/b7232xo/odoo-210801/addons/report_purchase/__terp__.py
2026-02-03 09:50:58,925 - Knowledge - INFO - Fast-tracked /app/data/T0002/210801/b7232xo/odoo-210801/addons/report_purchase/__terp__.py (ext=.py, size=1614)
2026-02-03 09:50:58,931 - Knowledge - INFO - Worker kw15 processing /app/data/T0002/210801/b7232xo/odoo-210801/addons/report_purchase/report_purchase.py
2026-02-03 09:50:58,951 - Knowledge - INFO - Worker kw15 processing /app/data/T0002/210801/b7232xo/odoo-210801/addons/report_purchase/__init__.py
2026-02-03 09:50:58,977 - Knowledge - INFO - Fast-tracked /app/data/T0002/210801/b7232xo/odoo-210801/addons/report_purchase/__init__.py (ext=.py, size=1082)
2026-02-03 09:50:58,978 - Knowledge - INFO - Worker kw15 processing /app/data/T0002/210801/b7232xo/odoo-210801/addons/report_purchase/report_purchase_view.xml
2026-02-03 09:50:58,985 - Knowledge - INFO - Fast-tracked /app/data/T0002/210801/b7232xo/odoo-210801/addons/report_purchase/report_purchase_view.xml (ext=.xml, size=7151)
2026-02-03 09:50:58,991 - Knowledge - INFO - Worker kw15 processing /app/data/T0002/210801/b7232xo/odoo-210801/addons/sale_crm/__terp__.py
2026-02-03 09:50:59,011 - Knowledge - INFO - Worker kw15 processing /app/data/T0002/210801/b7232xo/odoo-210801/addons/sale_crm/wizard/makesale.py
2026-02-03 09:50:59,098 - Knowledge - INFO - Worker kw15 processing /app/data/T0002/210801/b7232xo/odoo-210801/addons/sale_crm/wizard/makecase.py
2026-02-03 09:50:59,228 - Knowledge - INFO - process ingested knowledge for /app/data/T0002/210801/b7232xo/odoo-210801/addons/scrum/scrum_demo.xml
2026-02-03 09:50:59,236 - Knowledge - INFO - [LLM_CALL] Completed: base_contact.py:chunk1, Duration: 7869ms, PromptTokens: 4356, CompletionTokens: 593, Cost: $0.00067
2026-02-03 09:50:59,241 - Knowledge - INFO - done ingest for /app/data/T0002/210801/b7232xo/odoo-210801/addons/base_contact/base_contact.py
2026-02-03 09:50:59,297 - Knowledge - INFO - Fast-tracked /app/data/T0002/210801/b7232xo/odoo-210801/addons/sale_crm/__terp__.py (small file (2030 bytes))
2026-02-03 09:50:59,469 - Knowledge - INFO - [kw8] Queue=813, InProgress=0, PendingWorkers=20/20, Completed=410/1263 (32.5%)
2026-02-03 09:50:59,474 - Knowledge - INFO - Batch sizing: calculated=8, max_allowed=10, queue=813, active_workers=20/20
2026-02-03 09:50:59,488 - Knowledge - INFO - process ingested knowledge for /app/data/T0002/210801/b7232xo/odoo-210801/addons/scrum/report/task_burndown.py
2026-02-03 09:50:59,495 - Knowledge - INFO - process ingested knowledge for /app/data/T0002/210801/b7232xo/odoo-210801/addons/point_of_sale/wizard/wizard_default_journal.py
2026-02-03 09:50:59,528 - Knowledge - INFO - process ingested knowledge for /app/data/T0002/210801/b7232xo/odoo-210801/addons/google_map/google_map_view.xml
2026-02-03 09:50:59,577 - Knowledge - INFO - Async storage completed for 10 embeddings
2026-02-03 09:51:00,285 - Knowledge - INFO - [kw6] Queue=813, InProgress=0, PendingWorkers=20/20, Completed=412/1263 (32.6%)
2026-02-03 09:51:00,288 - Knowledge - INFO - Async storing batch of 10 embeddings
2026-02-03 09:51:00,294 - Knowledge - INFO - Batch sizing: calculated=8, max_allowed=10, queue=813, active_workers=20/20
2026-02-03 09:51:00,296 - Knowledge - INFO - Worker kw8 processing /app/data/T0002/210801/b7232xo/odoo-210801/addons/sale_crm/wizard/__init__.py
2026-02-03 09:51:00,317 - Knowledge - INFO - Fast-tracked /app/data/T0002/210801/b7232xo/odoo-210801/addons/sale_crm/wizard/__init__.py (ext=.py, size=1090)
2026-02-03 09:51:00,319 - Knowledge - INFO - Worker kw8 processing /app/data/T0002/210801/b7232xo/odoo-210801/addons/sale_crm/sale_crm_wizard.xml
2026-02-03 09:51:00,375 - Knowledge - INFO - Fast-tracked /app/data/T0002/210801/b7232xo/odoo-210801/addons/sale_crm/sale_crm_wizard.xml (ext=.xml, size=495)
2026-02-03 09:51:00,382 - Knowledge - INFO - [LLM_CALL] Completed: warning.py:chunk1, Duration: 9227ms, PromptTokens: 6070, CompletionTokens: 659, Cost: $0.00087
2026-02-03 09:51:00,392 - Knowledge - INFO - Worker kw8 processing /app/data/T0002/210801/b7232xo/odoo-210801/addons/sale_crm/__init__.py
2026-02-03 09:51:00,426 - Knowledge - INFO - done ingest for /app/data/T0002/210801/b7232xo/odoo-210801/addons/warning/warning.py
2026-02-03 09:51:00,447 - Knowledge - INFO - Fast-tracked /app/data/T0002/210801/b7232xo/odoo-210801/addons/sale_crm/__init__.py (ext=.py, size=1072)
2026-02-03 09:51:00,449 - Knowledge - INFO - Worker kw8 processing /app/data/T0002/210801/b7232xo/odoo-210801/addons/sale_crm/process/sale_crm_process.xml
2026-02-03 09:51:00,475 - Knowledge - INFO - Fast-tracked /app/data/T0002/210801/b7232xo/odoo-210801/addons/sale_crm/process/sale_crm_process.xml (ext=.xml, size=5132)
2026-02-03 09:51:00,476 - Knowledge - INFO - Worker kw8 processing /app/data/T0002/210801/b7232xo/odoo-210801/addons/sale_crm/sale_crm_view.xml
2026-02-03 09:51:00,523 - Knowledge - INFO - Fast-tracked /app/data/T0002/210801/b7232xo/odoo-210801/addons/sale_crm/sale_crm_view.xml (ext=.xml, size=616)
2026-02-03 09:51:00,526 - Knowledge - INFO - Worker kw8 processing /app/data/T0002/210801/b7232xo/odoo-210801/addons/hr_holidays/hr_holidays_report.xml
2026-02-03 09:51:00,535 - Knowledge - INFO - Fast-tracked /app/data/T0002/210801/b7232xo/odoo-210801/addons/hr_holidays/hr_holidays_report.xml (ext=.xml, size=272)
2026-02-03 09:51:00,536 - Knowledge - INFO - Worker kw8 processing /app/data/T0002/210801/b7232xo/odoo-210801/addons/hr_holidays/hr_bel_holidays_2008.xml
2026-02-03 09:51:00,539 - Knowledge - INFO - Fast-tracked /app/data/T0002/210801/b7232xo/odoo-210801/addons/hr_holidays/hr_bel_holidays_2008.xml (ext=.xml, size=2414)
2026-02-03 09:51:00,543 - Knowledge - INFO - Worker kw8 processing /app/data/T0002/210801/b7232xo/odoo-210801/addons/hr_holidays/report/holidays_summary_report.py
2026-02-03 09:51:00,658 - Knowledge - INFO - Async storing batch of 10 embeddings
2026-02-03 09:51:00,665 - Knowledge - INFO - process ingested knowledge for /app/data/T0002/210801/b7232xo/odoo-210801/addons/scrum/report/sprint_burndown.py
2026-02-03 09:51:00,666 - Knowledge - INFO - Worker kw12 processing /app/data/T0002/210801/b7232xo/odoo-210801/addons/hr_holidays/report/__init__.py
2026-02-03 09:51:00,680 - Knowledge - INFO - Fast-tracked /app/data/T0002/210801/b7232xo/odoo-210801/addons/hr_holidays/report/__init__.py (ext=.py, size=124)
2026-02-03 09:51:00,680 - Knowledge - INFO - Worker kw12 processing /app/data/T0002/210801/b7232xo/odoo-210801/addons/hr_holidays/__terp__.py
2026-02-03 09:51:00,694 - Knowledge - INFO - Worker kw12 processing /app/data/T0002/210801/b7232xo/odoo-210801/addons/hr_holidays/wizard/holidays_summary.py
2026-02-03 09:51:00,725 - Knowledge - INFO - Worker kw12 processing /app/data/T0002/210801/b7232xo/odoo-210801/addons/hr_holidays/wizard/holidays_summary_employees.py
2026-02-03 09:51:00,734 - Knowledge - INFO - Async storage completed for 10 embeddings
2026-02-03 09:51:00,752 - Knowledge - INFO - Worker kw12 processing /app/data/T0002/210801/b7232xo/odoo-210801/addons/hr_holidays/wizard/__init__.py
2026-02-03 09:51:00,776 - Knowledge - INFO - Fast-tracked /app/data/T0002/210801/b7232xo/odoo-210801/addons/hr_holidays/wizard/__init__.py (ext=.py, size=151)
2026-02-03 09:51:00,782 - Knowledge - INFO - Worker kw12 processing /app/data/T0002/210801/b7232xo/odoo-210801/addons/hr_holidays/hr.py
2026-02-03 09:51:00,801 - Knowledge - INFO - Worker kw12 processing /app/data/T0002/210801/b7232xo/odoo-210801/addons/hr_holidays/hr_holidays_wizard.xml
2026-02-03 09:51:00,829 - Knowledge - INFO - Fast-tracked /app/data/T0002/210801/b7232xo/odoo-210801/addons/hr_holidays/hr_holidays_wizard.xml (ext=.xml, size=686)
2026-02-03 09:51:00,830 - Knowledge - INFO - Worker kw12 processing /app/data/T0002/210801/b7232xo/odoo-210801/addons/hr_holidays/hr_workflow.xml
2026-02-03 09:51:00,840 - Knowledge - INFO - Fast-tracked /app/data/T0002/210801/b7232xo/odoo-210801/addons/hr_holidays/hr_workflow.xml (ext=.xml, size=2880)
2026-02-03 09:51:00,861 - Knowledge - INFO - Fast-tracked /app/data/T0002/210801/b7232xo/odoo-210801/addons/hr_holidays/__terp__.py (small file (2548 bytes))
2026-02-03 09:51:00,869 - Knowledge - INFO - Fast-tracked /app/data/T0002/210801/b7232xo/odoo-210801/addons/hr_holidays/wizard/holidays_summary_employees.py (small file (2022 bytes))
2026-02-03 09:51:00,877 - Knowledge - INFO - Async storage completed for 10 embeddings
2026-02-03 09:51:00,932 - Knowledge - INFO - [kw3] Queue=797, InProgress=0, PendingWorkers=20/20, Completed=417/1263 (33.0%)
2026-02-03 09:51:00,937 - Knowledge - INFO - Batch sizing: calculated=8, max_allowed=10, queue=797, active_workers=20/20
2026-02-03 09:51:00,955 - Knowledge - INFO - [WEBSOCKET] Sent: Type=progress_update, Size: 293, Duration: 0ms
2026-02-03 09:51:00,957 - Knowledge - INFO - [WEBSOCKET] Sent: Type=unknown, Size: ?, Duration: 1ms
2026-02-03 09:51:00,957 - Knowledge - INFO - Progress: 33.2% | Files: 419/1263 | Rate: 2.23 files/sec | Queue: 789
2026-02-03 09:51:00,959 - Knowledge - INFO - Async storing batch of 8 embeddings
2026-02-03 09:51:00,979 - Knowledge - INFO - Worker kw6 processing /app/data/T0002/210801/b7232xo/odoo-210801/addons/hr_holidays/hr_view.xml
2026-02-03 09:51:00,989 - Knowledge - INFO - Fast-tracked /app/data/T0002/210801/b7232xo/odoo-210801/addons/hr_holidays/hr_view.xml (ext=.xml, size=13593)
2026-02-03 09:51:01,023 - Knowledge - INFO - Worker kw6 processing /app/data/T0002/210801/b7232xo/odoo-210801/addons/hr_holidays/__init__.py
2026-02-03 09:51:01,034 - Knowledge - INFO - Fast-tracked /app/data/T0002/210801/b7232xo/odoo-210801/addons/hr_holidays/__init__.py (ext=.py, size=131)
2026-02-03 09:51:01,035 - Knowledge - INFO - Worker kw6 processing /app/data/T0002/210801/b7232xo/odoo-210801/addons/hr_holidays/process/hr_holidays_process.xml
2026-02-03 09:51:01,064 - Knowledge - INFO - Fast-tracked /app/data/T0002/210801/b7232xo/odoo-210801/addons/hr_holidays/process/hr_holidays_process.xml (ext=.xml, size=9646)
2026-02-03 09:51:01,065 - Knowledge - INFO - Worker kw6 processing /app/data/T0002/210801/b7232xo/odoo-210801/addons/sale_analytic_plans/__terp__.py
2026-02-03 09:51:01,092 - Knowledge - INFO - Fast-tracked /app/data/T0002/210801/b7232xo/odoo-210801/addons/sale_analytic_plans/__terp__.py (ext=.py, size=1581)
2026-02-03 09:51:01,123 - Knowledge - INFO - Worker kw6 processing /app/data/T0002/210801/b7232xo/odoo-210801/addons/sale_analytic_plans/sale_analytic_plans.py
2026-02-03 09:51:01,127 - Knowledge - INFO - Fast-tracked /app/data/T0002/210801/b7232xo/odoo-210801/addons/sale_analytic_plans/sale_analytic_plans.py (ext=.py, size=1782)
2026-02-03 09:51:01,134 - Knowledge - INFO - Worker kw6 processing /app/data/T0002/210801/b7232xo/odoo-210801/addons/sale_analytic_plans/__init__.py
2026-02-03 09:51:01,156 - Knowledge - INFO - Fast-tracked /app/data/T0002/210801/b7232xo/odoo-210801/addons/sale_analytic_plans/__init__.py (ext=.py, size=1219)
2026-02-03 09:51:01,157 - Knowledge - INFO - Worker kw6 processing /app/data/T0002/210801/b7232xo/odoo-210801/addons/sale_analytic_plans/sale_analytic_plans_view.xml
2026-02-03 09:51:01,162 - Knowledge - INFO - Fast-tracked /app/data/T0002/210801/b7232xo/odoo-210801/addons/sale_analytic_plans/sale_analytic_plans_view.xml (ext=.xml, size=1324)
2026-02-03 09:51:01,162 - Knowledge - INFO - Worker kw6 processing /app/data/T0002/210801/b7232xo/odoo-210801/addons/l10n_ch_chart_c2c_pcg/wizard.xml
2026-02-03 09:51:01,172 - Knowledge - INFO - Fast-tracked /app/data/T0002/210801/b7232xo/odoo-210801/addons/l10n_ch_chart_c2c_pcg/wizard.xml (ext=.xml, size=959)
2026-02-03 09:51:01,239 - Knowledge - INFO - Async storage completed for 8 embeddings
2026-02-03 09:51:01,334 - Knowledge - INFO - process ingested knowledge for /app/data/T0002/210801/b7232xo/odoo-210801/addons/point_of_sale/wizard/wizard_pos_payment.py
2026-02-03 09:51:01,340 - Knowledge - INFO - process ingested knowledge for /app/data/T0002/210801/b7232xo/odoo-210801/addons/google_map/__init__.py
2026-02-03 09:51:01,725 - Knowledge - INFO - [kw11] Queue=789, InProgress=0, PendingWorkers=20/20, Completed=420/1263 (33.3%)
2026-02-03 09:51:01,732 - Knowledge - INFO - Async storing batch of 8 embeddings
2026-02-03 09:51:01,748 - Knowledge - INFO - Batch sizing: calculated=8, max_allowed=10, queue=789, active_workers=20/20
2026-02-03 09:51:01,880 - Knowledge - INFO - Worker kw3 processing /app/data/T0002/210801/b7232xo/odoo-210801/addons/l10n_ch_chart_c2c_pcg/account.xml
2026-02-03 09:51:01,902 - Knowledge - INFO - Fast-tracked /app/data/T0002/210801/b7232xo/odoo-210801/addons/l10n_ch_chart_c2c_pcg/account.xml (ext=.xml, size=579357)
2026-02-03 09:51:01,904 - Knowledge - INFO - Worker kw3 processing /app/data/T0002/210801/b7232xo/odoo-210801/addons/l10n_ch_chart_c2c_pcg/vat.xml
2026-02-03 09:51:01,910 - Knowledge - INFO - Fast-tracked /app/data/T0002/210801/b7232xo/odoo-210801/addons/l10n_ch_chart_c2c_pcg/vat.xml (ext=.xml, size=22454)
2026-02-03 09:51:01,910 - Knowledge - INFO - Worker kw3 processing /app/data/T0002/210801/b7232xo/odoo-210801/addons/l10n_ch_chart_c2c_pcg/__terp__.py
2026-02-03 09:51:01,951 - Knowledge - INFO - Fast-tracked /app/data/T0002/210801/b7232xo/odoo-210801/addons/l10n_ch_chart_c2c_pcg/__terp__.py (ext=.py, size=1994)
2026-02-03 09:51:01,954 - Knowledge - INFO - Worker kw3 processing /app/data/T0002/210801/b7232xo/odoo-210801/addons/l10n_ch_chart_c2c_pcg/wizard/config.py
2026-02-03 09:51:01,983 - Knowledge - INFO - Worker kw3 processing /app/data/T0002/210801/b7232xo/odoo-210801/addons/l10n_ch_chart_c2c_pcg/wizard/__init__.py
2026-02-03 09:51:02,060 - Knowledge - INFO - Fast-tracked /app/data/T0002/210801/b7232xo/odoo-210801/addons/l10n_ch_chart_c2c_pcg/wizard/__init__.py (ext=.py, size=1296)
2026-02-03 09:51:02,123 - Knowledge - INFO - Worker kw3 processing /app/data/T0002/210801/b7232xo/odoo-210801/addons/l10n_ch_chart_c2c_pcg/tax_template_view.xml
2026-02-03 09:51:02,163 - Knowledge - INFO - Fast-tracked /app/data/T0002/210801/b7232xo/odoo-210801/addons/l10n_ch_chart_c2c_pcg/tax_template_view.xml (ext=.xml, size=2279)
2026-02-03 09:51:02,163 - Knowledge - INFO - Worker kw3 processing /app/data/T0002/210801/b7232xo/odoo-210801/addons/l10n_ch_chart_c2c_pcg/__init__.py
2026-02-03 09:51:02,201 - Knowledge - INFO - process ingested knowledge for /app/data/T0002/210801/b7232xo/odoo-210801/addons/point_of_sale/wizard/wizard_refund_order.py
2026-02-03 09:51:02,202 - Knowledge - INFO - Fast-tracked /app/data/T0002/210801/b7232xo/odoo-210801/addons/l10n_ch_chart_c2c_pcg/__init__.py (ext=.py, size=1228)
2026-02-03 09:51:02,259 - Knowledge - INFO - Worker kw3 processing /app/data/T0002/210801/b7232xo/odoo-210801/addons/base_module_publish/scripts/mtree_interface.php
2026-02-03 09:51:02,331 - Knowledge - INFO - Fast-tracked /app/data/T0002/210801/b7232xo/odoo-210801/addons/base_module_publish/scripts/mtree_interface.php (ext=.php, size=681)
2026-02-03 09:51:02,561 - Knowledge - INFO - Async storage completed for 8 embeddings
2026-02-03 09:51:02,883 - Knowledge - INFO - [kw10] Queue=781, InProgress=0, PendingWorkers=20/20, Completed=428/1263 (33.9%)
2026-02-03 09:51:02,896 - Knowledge - INFO - Batch sizing: calculated=8, max_allowed=10, queue=781, active_workers=20/20
2026-02-03 09:51:03,785 - Knowledge - INFO - Processing batch of 8 files
2026-02-03 09:51:03,802 - Knowledge - INFO - process ingested knowledge for /app/data/T0002/210801/b7232xo/odoo-210801/addons/account_payment/report/__init__.py
2026-02-03 09:51:03,844 - Knowledge - INFO - Processing batch of 8 files
2026-02-03 09:51:03,845 - Knowledge - INFO - process ingested knowledge for /app/data/T0002/210801/b7232xo/odoo-210801/addons/account_payment/payment_sequence.xml
2026-02-03 09:51:04,171 - Knowledge - INFO - process ingested knowledge for /app/data/T0002/210801/b7232xo/odoo-210801/addons/point_of_sale/wizard/wizard_confirm.py
2026-02-03 09:51:04,532 - Knowledge - INFO - [LLM_CALL] Completed: holidays_summary.py:chunk1, Duration: 3669ms, PromptTokens: 2460, CompletionTokens: 252, Cost: $0.00035
2026-02-03 09:51:04,532 - Knowledge - INFO - done ingest for /app/data/T0002/210801/b7232xo/odoo-210801/addons/hr_holidays/wizard/holidays_summary.py
2026-02-03 09:51:05,265 - Knowledge - INFO - Async storing batch of 8 embeddings
2026-02-03 09:51:05,381 - Knowledge - INFO - Worker kw10 processing /app/data/T0002/210801/b7232xo/odoo-210801/addons/base_module_publish/scripts/mtree_upload.php
2026-02-03 09:51:05,476 - Knowledge - INFO - Fast-tracked /app/data/T0002/210801/b7232xo/odoo-210801/addons/base_module_publish/scripts/mtree_upload.php (ext=.php, size=1025)
2026-02-03 09:51:05,494 - Knowledge - INFO - Worker kw10 processing /app/data/T0002/210801/b7232xo/odoo-210801/addons/base_module_publish/__terp__.py
2026-02-03 09:51:05,589 - Knowledge - INFO - Fast-tracked /app/data/T0002/210801/b7232xo/odoo-210801/addons/base_module_publish/__terp__.py (ext=.py, size=1821)
2026-02-03 09:51:05,589 - Knowledge - INFO - Worker kw10 processing /app/data/T0002/210801/b7232xo/odoo-210801/addons/base_module_publish/wizard/wizard_module_export.py
2026-02-03 09:51:05,642 - Knowledge - INFO - Worker kw10 processing /app/data/T0002/210801/b7232xo/odoo-210801/addons/base_module_publish/wizard/base_module_publish_all.py
2026-02-03 09:51:05,810 - Knowledge - INFO - Worker kw10 processing /app/data/T0002/210801/b7232xo/odoo-210801/addons/base_module_publish/wizard/base_module_publish.py
2026-02-03 09:51:05,852 - Knowledge - INFO - Worker kw10 processing /app/data/T0002/210801/b7232xo/odoo-210801/addons/base_module_publish/wizard/__init__.py
2026-02-03 09:51:05,853 - Knowledge - INFO - process ingested knowledge for /app/data/T0002/210801/b7232xo/odoo-210801/addons/account_payment/account_invoice_view.xml
2026-02-03 09:51:05,943 - Knowledge - INFO - Fast-tracked /app/data/T0002/210801/b7232xo/odoo-210801/addons/base_module_publish/wizard/__init__.py (ext=.py, size=1145)
2026-02-03 09:51:05,949 - Knowledge - INFO - Worker kw10 processing /app/data/T0002/210801/b7232xo/odoo-210801/addons/base_module_publish/wizard/module_zip.py
2026-02-03 09:51:05,972 - Knowledge - INFO - Fast-tracked /app/data/T0002/210801/b7232xo/odoo-210801/addons/base_module_publish/wizard/module_zip.py (ext=.py, size=1682)
2026-02-03 09:51:05,977 - Knowledge - INFO - Worker kw10 processing /app/data/T0002/210801/b7232xo/odoo-210801/addons/base_module_publish/base_module_publish_wizard.xml
2026-02-03 09:51:06,041 - Knowledge - INFO - Fast-tracked /app/data/T0002/210801/b7232xo/odoo-210801/addons/base_module_publish/base_module_publish_wizard.xml (ext=.xml, size=570)
2026-02-03 09:51:06,143 - Knowledge - INFO - [LLM_CALL] Completed: holidays_summary_report.py:chunk1, Duration: 5476ms, PromptTokens: 5548, CompletionTokens: 337, Cost: $0.00069
2026-02-03 09:51:06,161 - Knowledge - INFO - Fast-tracked /app/data/T0002/210801/b7232xo/odoo-210801/addons/base_module_publish/wizard/wizard_module_export.py (small file (2516 bytes))
2026-02-03 09:51:06,180 - Knowledge - INFO - done ingest for /app/data/T0002/210801/b7232xo/odoo-210801/addons/hr_holidays/report/holidays_summary_report.py
2026-02-03 09:51:06,397 - Knowledge - INFO - process ingested knowledge for /app/data/T0002/210801/b7232xo/odoo-210801/addons/account_payment/account_invoice.py
2026-02-03 09:51:06,434 - Knowledge - INFO - Async storing batch of 8 embeddings
2026-02-03 09:51:06,435 - Knowledge - INFO - Worker kw11 processing /app/data/T0002/210801/b7232xo/odoo-210801/addons/base_module_publish/__init__.py
2026-02-03 09:51:06,462 - Knowledge - INFO - Fast-tracked /app/data/T0002/210801/b7232xo/odoo-210801/addons/base_module_publish/__init__.py (ext=.py, size=1073)
2026-02-03 09:51:06,467 - Knowledge - INFO - Worker kw11 processing /app/data/T0002/210801/b7232xo/odoo-210801/addons/base_report_designer/__terp__.py
2026-02-03 09:51:06,481 - Knowledge - INFO - Fast-tracked /app/data/T0002/210801/b7232xo/odoo-210801/addons/base_report_designer/__terp__.py (ext=.py, size=1566)
2026-02-03 09:51:06,487 - Knowledge - INFO - Worker kw11 processing /app/data/T0002/210801/b7232xo/odoo-210801/addons/base_report_designer/base_report_data.xml
2026-02-03 09:51:06,525 - Knowledge - INFO - Async storage completed for 8 embeddings
2026-02-03 09:51:06,549 - Knowledge - INFO - Fast-tracked /app/data/T0002/210801/b7232xo/odoo-210801/addons/base_report_designer/base_report_data.xml (ext=.xml, size=894)
2026-02-03 09:51:06,643 - Knowledge - INFO - Worker kw11 processing /app/data/T0002/210801/b7232xo/odoo-210801/addons/base_report_designer/wizard/base_report_designer_modify.py
2026-02-03 09:51:06,660 - Knowledge - INFO - Worker kw11 processing /app/data/T0002/210801/b7232xo/odoo-210801/addons/base_report_designer/wizard/tiny_sxw2rml/tiny_sxw2rml.py
2026-02-03 09:51:06,701 - Knowledge - INFO - [LLM_CALL] Completed: makesale.py:chunk1, Duration: 7326ms, PromptTokens: 3906, CompletionTokens: 364, Cost: $0.00054
2026-02-03 09:51:06,709 - Knowledge - INFO - done ingest for /app/data/T0002/210801/b7232xo/odoo-210801/addons/sale_crm/wizard/makesale.py
2026-02-03 09:51:06,729 - Knowledge - INFO - Worker kw11 processing /app/data/T0002/210801/b7232xo/odoo-210801/addons/base_report_designer/wizard/tiny_sxw2rml/__init__.py
2026-02-03 09:51:06,738 - Knowledge - INFO - Fast-tracked /app/data/T0002/210801/b7232xo/odoo-210801/addons/base_report_designer/wizard/tiny_sxw2rml/__init__.py (ext=.py, size=1091)
2026-02-03 09:51:06,739 - Knowledge - INFO - Worker kw11 processing /app/data/T0002/210801/b7232xo/odoo-210801/addons/base_report_designer/wizard/__init__.py
2026-02-03 09:51:06,753 - Knowledge - INFO - Fast-tracked /app/data/T0002/210801/b7232xo/odoo-210801/addons/base_report_designer/wizard/__init__.py (ext=.py, size=1093)
2026-02-03 09:51:06,759 - Knowledge - INFO - Worker kw11 processing /app/data/T0002/210801/b7232xo/odoo-210801/addons/base_report_designer/base_report_designer_wizard.xml
2026-02-03 09:51:06,843 - Knowledge - INFO - Fast-tracked /app/data/T0002/210801/b7232xo/odoo-210801/addons/base_report_designer/base_report_designer_wizard.xml (ext=.xml, size=397)
2026-02-03 09:51:06,933 - Knowledge - INFO - [LLM_CALL] Completed: report_purchase.py:chunk1, Duration: 7691ms, PromptTokens: 2982, CompletionTokens: 257, Cost: $0.00040
2026-02-03 09:51:06,933 - Knowledge - INFO - done ingest for /app/data/T0002/210801/b7232xo/odoo-210801/addons/report_purchase/report_purchase.py
2026-02-03 09:51:07,402 - Knowledge - INFO - [kw14] Queue=765, InProgress=0, PendingWorkers=20/20, Completed=440/1263 (34.8%)
2026-02-03 09:51:07,402 - Knowledge - INFO - Batch sizing: calculated=8, max_allowed=10, queue=765, active_workers=20/20
2026-02-03 09:51:07,425 - Knowledge - INFO - process ingested knowledge for /app/data/T0002/210801/b7232xo/odoo-210801/addons/account_payment/__terp__.py
2026-02-03 09:51:07,453 - Knowledge - INFO - Async storage completed for 8 embeddings
2026-02-03 09:51:08,051 - Knowledge - INFO - [LLM_CALL] Completed: makecase.py:chunk1, Duration: 8505ms, PromptTokens: 2368, CompletionTokens: 288, Cost: $0.00035
2026-02-03 09:51:08,051 - Knowledge - INFO - done ingest for /app/data/T0002/210801/b7232xo/odoo-210801/addons/sale_crm/wizard/makecase.py
2026-02-03 09:51:08,934 - Knowledge - INFO - Processing batch of 8 files
2026-02-03 09:51:08,993 - Knowledge - INFO - process ingested knowledge for /app/data/T0002/210801/b7232xo/odoo-210801/addons/report_document/report_document_view.xml
2026-02-03 09:51:09,344 - Knowledge - INFO - [LLM_CALL] Completed: config.py:chunk1, Duration: 6921ms, PromptTokens: 3240, CompletionTokens: 492, Cost: $0.00052
2026-02-03 09:51:09,357 - Knowledge - INFO - done ingest for /app/data/T0002/210801/b7232xo/odoo-210801/addons/l10n_ch_chart_c2c_pcg/wizard/config.py
2026-02-03 09:51:09,389 - Knowledge - INFO - process ingested knowledge for /app/data/T0002/210801/b7232xo/odoo-210801/addons/account_payment/payment.py
2026-02-03 09:51:09,392 - Knowledge - INFO - Async storing batch of 8 embeddings
2026-02-03 09:51:09,393 - Knowledge - INFO - process ingested knowledge for /app/data/T0002/210801/b7232xo/odoo-210801/addons/account_payment/wizard/wizard_payment_order.py
2026-02-03 09:51:09,425 - Knowledge - INFO - Worker kw14 processing /app/data/T0002/210801/b7232xo/odoo-210801/addons/base_report_designer/base_report_designer.py
2026-02-03 09:51:09,470 - Knowledge - INFO - Worker kw14 processing /app/data/T0002/210801/b7232xo/odoo-210801/addons/base_report_designer/__init__.py
2026-02-03 09:51:09,490 - Knowledge - INFO - Fast-tracked /app/data/T0002/210801/b7232xo/odoo-210801/addons/base_report_designer/__init__.py (ext=.py, size=1100)
2026-02-03 09:51:09,497 - Knowledge - INFO - Worker kw14 processing /app/data/T0002/210801/b7232xo/odoo-210801/addons/report_analytic_planning/report_analytic_planning_report.xml
2026-02-03 09:51:09,535 - Knowledge - INFO - Fast-tracked /app/data/T0002/210801/b7232xo/odoo-210801/addons/report_analytic_planning/report_analytic_planning_report.xml (ext=.xml, size=285)
2026-02-03 09:51:09,544 - Knowledge - INFO - Worker kw14 processing /app/data/T0002/210801/b7232xo/odoo-210801/addons/report_analytic_planning/report/__init__.py
2026-02-03 09:51:09,559 - Knowledge - INFO - Fast-tracked /app/data/T0002/210801/b7232xo/odoo-210801/addons/report_analytic_planning/report/__init__.py (ext=.py, size=1059)
2026-02-03 09:51:09,560 - Knowledge - INFO - Worker kw14 processing /app/data/T0002/210801/b7232xo/odoo-210801/addons/report_analytic_planning/__terp__.py
2026-02-03 09:51:09,579 - Knowledge - INFO - Fast-tracked /app/data/T0002/210801/b7232xo/odoo-210801/addons/report_analytic_planning/__terp__.py (ext=.py, size=1700)
2026-02-03 09:51:09,596 - Knowledge - INFO - Worker kw14 processing /app/data/T0002/210801/b7232xo/odoo-210801/addons/report_analytic_planning/report_analytic_planning.py
2026-02-03 09:51:09,734 - Knowledge - INFO - Worker kw14 processing /app/data/T0002/210801/b7232xo/odoo-210801/addons/report_analytic_planning/__init__.py
2026-02-03 09:51:09,823 - Knowledge - INFO - Fast-tracked /app/data/T0002/210801/b7232xo/odoo-210801/addons/report_analytic_planning/__init__.py (ext=.py, size=1105)
2026-02-03 09:51:09,833 - Knowledge - INFO - Worker kw14 processing /app/data/T0002/210801/b7232xo/odoo-210801/addons/report_analytic_planning/report_analytic_planning_view.xml
2026-02-03 09:51:09,870 - Knowledge - INFO - Fast-tracked /app/data/T0002/210801/b7232xo/odoo-210801/addons/report_analytic_planning/report_analytic_planning_view.xml (ext=.xml, size=10999)
2026-02-03 09:51:10,359 - Knowledge - INFO - Async storage completed for 8 embeddings
2026-02-03 09:51:11,512 - Knowledge - INFO - process ingested knowledge for /app/data/T0002/210801/b7232xo/odoo-210801/addons/report_document/__init__.py
2026-02-03 09:51:11,530 - Knowledge - INFO - process ingested knowledge for /app/data/T0002/210801/b7232xo/odoo-210801/addons/account_payment/payment_wizard.xml
2026-02-03 09:51:11,561 - Knowledge - INFO - process ingested knowledge for /app/data/T0002/210801/b7232xo/odoo-210801/addons/account_payment/wizard/wizard_pay.py
2026-02-03 09:51:11,999 - Knowledge - INFO - Processing batch of 8 files
2026-02-03 09:51:12,029 - Knowledge - INFO - process ingested knowledge for /app/data/T0002/210801/b7232xo/odoo-210801/addons/report_mrp/report_mrp_view.xml
2026-02-03 09:51:13,227 - Knowledge - INFO - [LLM_CALL] Completed: base_module_publish_all.py:chunk1, Duration: 6999ms, PromptTokens: 3900, CompletionTokens: 286, Cost: $0.00050
2026-02-03 09:51:13,245 - Knowledge - INFO - done ingest for /app/data/T0002/210801/b7232xo/odoo-210801/addons/base_module_publish/wizard/base_module_publish_all.py
2026-02-03 09:51:13,556 - Knowledge - INFO - process ingested knowledge for /app/data/T0002/210801/b7232xo/odoo-210801/addons/board_auction/__terp__.py
2026-02-03 09:51:13,579 - Knowledge - INFO - process ingested knowledge for /app/data/T0002/210801/b7232xo/odoo-210801/addons/account_payment/payment_workflow.xml
2026-02-03 09:51:14,051 - Knowledge - INFO - process ingested knowledge for /app/data/T0002/210801/b7232xo/odoo-210801/addons/account_payment/wizard/wizard_populate_statement.py
2026-02-03 09:51:14,898 - Knowledge - INFO - [LLM_CALL] Completed: hr.py:chunk1, Duration: 14026ms, PromptTokens: 8582, CompletionTokens: 1034, Cost: $0.00127
2026-02-03 09:51:14,923 - Knowledge - INFO - done ingest for /app/data/T0002/210801/b7232xo/odoo-210801/addons/hr_holidays/hr.py
2026-02-03 09:51:15,511 - Knowledge - INFO - [LLM_CALL] Completed: base_module_publish.py:chunk1, Duration: 9074ms, PromptTokens: 7154, CompletionTokens: 437, Cost: $0.00089
2026-02-03 09:51:15,511 - Knowledge - INFO - done ingest for /app/data/T0002/210801/b7232xo/odoo-210801/addons/base_module_publish/wizard/base_module_publish.py
2026-02-03 09:51:16,057 - Knowledge - INFO - Processing batch of 8 files
2026-02-03 09:51:16,058 - Knowledge - INFO - process ingested knowledge for /app/data/T0002/210801/b7232xo/odoo-210801/addons/board_auction/board_auction_manager_view.xml
2026-02-03 09:51:16,059 - Knowledge - INFO - process ingested knowledge for /app/data/T0002/210801/b7232xo/odoo-210801/addons/hr_holidays/hr_view.xml
2026-02-03 09:51:16,065 - Knowledge - INFO - process ingested knowledge for /app/data/T0002/210801/b7232xo/odoo-210801/addons/account_payment/__init__.py
2026-02-03 09:51:16,538 - Knowledge - INFO - Processing batch of 8 files
2026-02-03 09:51:16,538 - Knowledge - INFO - process ingested knowledge for /app/data/T0002/210801/b7232xo/odoo-210801/addons/warning/warning.py
2026-02-03 09:51:16,551 - Knowledge - INFO - process ingested knowledge for /app/data/T0002/210801/b7232xo/odoo-210801/addons/report_mrp/__init__.py
2026-02-03 09:51:16,565 - Knowledge - INFO - process ingested knowledge for /app/data/T0002/210801/b7232xo/odoo-210801/addons/account_payment/wizard/__init__.py
2026-02-03 09:51:17,983 - Knowledge - INFO - process ingested knowledge for /app/data/T0002/210801/b7232xo/odoo-210801/addons/account_payment/payment_report.xml
2026-02-03 09:51:18,018 - Knowledge - INFO - process ingested knowledge for /app/data/T0002/210801/b7232xo/odoo-210801/addons/board_auction/board_auction_demo.xml
2026-02-03 09:51:18,345 - Knowledge - INFO - [LLM_CALL] Completed: base_report_designer.py:chunk1, Duration: 8318ms, PromptTokens: 2418, CompletionTokens: 434, Cost: $0.00042
2026-02-03 09:51:18,351 - Knowledge - INFO - done ingest for /app/data/T0002/210801/b7232xo/odoo-210801/addons/base_report_designer/base_report_designer.py
2026-02-03 09:51:18,371 - Knowledge - INFO - process ingested knowledge for /app/data/T0002/210801/b7232xo/odoo-210801/addons/account_payment/payment_view.xml
2026-02-03 09:51:18,383 - Knowledge - INFO - process ingested knowledge for /app/data/T0002/210801/b7232xo/odoo-210801/addons/warning/__init__.py
2026-02-03 09:51:18,401 - Knowledge - INFO - process ingested knowledge for /app/data/T0002/210801/b7232xo/odoo-210801/addons/analytic_journal_billing_rate/__terp__.py
2026-02-03 09:51:18,446 - Knowledge - INFO - [WEBSOCKET] Sent: Type=progress_update, Size: 294, Duration: 0ms
2026-02-03 09:51:18,468 - Knowledge - INFO - process ingested knowledge for /app/data/T0002/210801/b7232xo/odoo-210801/addons/account_payment/security/account_payment_security.xml
2026-02-03 09:51:18,484 - Knowledge - INFO - process ingested knowledge for /app/data/T0002/210801/b7232xo/odoo-210801/addons/hr_holidays/__init__.py
2026-02-03 09:51:18,505 - Knowledge - INFO - [LLM_CALL] Completed: base_report_designer_modify.py:chunk1, Duration: 11537ms, PromptTokens: 4226, CompletionTokens: 428, Cost: $0.00059
2026-02-03 09:51:18,506 - Knowledge - INFO - done ingest for /app/data/T0002/210801/b7232xo/odoo-210801/addons/base_report_designer/wizard/base_report_designer_modify.py
2026-02-03 09:51:18,510 - Knowledge - INFO - [WEBSOCKET] Sent: Type=unknown, Size: ?, Duration: 64ms
2026-02-03 09:51:18,511 - Knowledge - INFO - Progress: 36.6% | Files: 463/1263 | Rate: 2.26 files/sec | Queue: 757
2026-02-03 09:51:19,243 - Knowledge - INFO - process ingested knowledge for /app/data/T0002/210801/b7232xo/odoo-210801/addons/account_payment/account_move_line.py
2026-02-03 09:51:19,608 - Knowledge - INFO - [LLM_CALL] Completed: tiny_sxw2rml.py:chunk1, Duration: 12246ms, PromptTokens: 7620, CompletionTokens: 654, Cost: $0.00102
2026-02-03 09:51:19,631 - Knowledge - INFO - done ingest for /app/data/T0002/210801/b7232xo/odoo-210801/addons/base_report_designer/wizard/tiny_sxw2rml/tiny_sxw2rml.py
2026-02-03 09:51:19,645 - Knowledge - INFO - process ingested knowledge for /app/data/T0002/210801/b7232xo/odoo-210801/addons/warning/warning_view.xml
2026-02-03 09:51:19,646 - Knowledge - INFO - [kw1] Queue=757, InProgress=0, PendingWorkers=20/20, Completed=464/1263 (36.7%)
2026-02-03 09:51:19,647 - Knowledge - INFO - Batch sizing: calculated=8, max_allowed=10, queue=757, active_workers=20/20
2026-02-03 09:51:19,651 - Knowledge - INFO - process ingested knowledge for /app/data/T0002/210801/b7232xo/odoo-210801/addons/board_auction/board_auction_view.xml
2026-02-03 09:51:19,975 - Knowledge - INFO - [LLM_CALL] Completed: report_analytic_planning.py:chunk1, Duration: 9711ms, PromptTokens: 5466, CompletionTokens: 550, Cost: $0.00077
2026-02-03 09:51:19,976 - Knowledge - INFO - done ingest for /app/data/T0002/210801/b7232xo/odoo-210801/addons/report_analytic_planning/report_analytic_planning.py
2026-02-03 09:51:20,051 - Knowledge - INFO - process ingested knowledge for /app/data/T0002/210801/b7232xo/odoo-210801/addons/account_payment/report/payment_order.py
2026-02-03 09:51:20,052 - Knowledge - INFO - process ingested knowledge for /app/data/T0002/210801/b7232xo/odoo-210801/addons/hr_holidays/process/hr_holidays_process.xml
2026-02-03 09:51:20,142 - Knowledge - INFO - process ingested knowledge for /app/data/T0002/210801/b7232xo/odoo-210801/addons/report_mrp/__terp__.py
2026-02-03 09:51:20,146 - Knowledge - INFO - process ingested knowledge for /app/data/T0002/210801/b7232xo/odoo-210801/addons/base_contact/__terp__.py
2026-02-03 09:51:20,147 - Knowledge - INFO - Async storing batch of 8 embeddings
2026-02-03 09:51:20,148 - Knowledge - INFO - Worker kw1 processing /app/data/T0002/210801/b7232xo/odoo-210801/addons/board_document/__terp__.py
2026-02-03 09:51:20,150 - Knowledge - INFO - process ingested knowledge for /app/data/T0002/210801/b7232xo/odoo-210801/addons/board_auction/__init__.py
2026-02-03 09:51:20,156 - Knowledge - INFO - [kw4] Queue=749, InProgress=0, PendingWorkers=20/20, Completed=468/1263 (37.1%)
2026-02-03 09:51:20,161 - Knowledge - INFO - Batch sizing: calculated=8, max_allowed=10, queue=749, active_workers=20/20
2026-02-03 09:51:20,164 - Knowledge - INFO - Fast-tracked /app/data/T0002/210801/b7232xo/odoo-210801/addons/board_document/__terp__.py (ext=.py, size=1496)
2026-02-03 09:51:20,166 - Knowledge - INFO - process ingested knowledge for /app/data/T0002/210801/b7232xo/odoo-210801/addons/sale_analytic_plans/__terp__.py
2026-02-03 09:51:20,166 - Knowledge - INFO - Worker kw1 processing /app/data/T0002/210801/b7232xo/odoo-210801/addons/board_document/board_document_demo.xml
2026-02-03 09:51:20,176 - Knowledge - INFO - Fast-tracked /app/data/T0002/210801/b7232xo/odoo-210801/addons/board_document/board_document_demo.xml (ext=.xml, size=545)
2026-02-03 09:51:20,176 - Knowledge - INFO - Worker kw1 processing /app/data/T0002/210801/b7232xo/odoo-210801/addons/board_document/__init__.py
2026-02-03 09:51:20,182 - Knowledge - INFO - Fast-tracked /app/data/T0002/210801/b7232xo/odoo-210801/addons/board_document/__init__.py (ext=.py, size=66)
2026-02-03 09:51:20,183 - Knowledge - INFO - Worker kw1 processing /app/data/T0002/210801/b7232xo/odoo-210801/addons/board_document/board_document_view.xml
2026-02-03 09:51:20,200 - Knowledge - INFO - Fast-tracked /app/data/T0002/210801/b7232xo/odoo-210801/addons/board_document/board_document_view.xml (ext=.xml, size=4548)
2026-02-03 09:51:20,200 - Knowledge - INFO - Worker kw1 processing /app/data/T0002/210801/b7232xo/odoo-210801/addons/account_reporting/account.py
2026-02-03 09:51:20,205 - Knowledge - INFO - Worker kw1 processing /app/data/T0002/210801/b7232xo/odoo-210801/addons/account_reporting/report/account_report_bs.py
2026-02-03 09:51:20,211 - Knowledge - INFO - Worker kw1 processing /app/data/T0002/210801/b7232xo/odoo-210801/addons/account_reporting/report/__init__.py
2026-02-03 09:51:20,214 - Knowledge - INFO - Fast-tracked /app/data/T0002/210801/b7232xo/odoo-210801/addons/account_reporting/report/__init__.py (ext=.py, size=1083)
2026-02-03 09:51:20,216 - Knowledge - INFO - Worker kw1 processing /app/data/T0002/210801/b7232xo/odoo-210801/addons/account_reporting/account_view.xml
2026-02-03 09:51:20,218 - Knowledge - INFO - Fast-tracked /app/data/T0002/210801/b7232xo/odoo-210801/addons/account_reporting/account_view.xml (ext=.xml, size=2907)
2026-02-03 09:51:20,245 - Knowledge - INFO - Async storage completed for 8 embeddings
2026-02-03 09:51:20,518 - Knowledge - INFO - process ingested knowledge for /app/data/T0002/210801/b7232xo/odoo-210801/addons/report_mrp/report_mrp.py
2026-02-03 09:51:20,519 - Knowledge - INFO - process ingested knowledge for /app/data/T0002/210801/b7232xo/odoo-210801/addons/analytic_journal_billing_rate/analytic_journal_billing_rate.py
2026-02-03 09:51:20,520 - Knowledge - INFO - process ingested knowledge for /app/data/T0002/210801/b7232xo/odoo-210801/addons/warning/__terp__.py
2026-02-03 09:51:20,632 - Knowledge - INFO - process ingested knowledge for /app/data/T0002/210801/b7232xo/odoo-210801/addons/sale_analytic_plans/sale_analytic_plans.py
2026-02-03 09:51:20,655 - Knowledge - INFO - Processing batch of 8 files
2026-02-03 09:51:20,656 - Knowledge - INFO - process ingested knowledge for /app/data/T0002/210801/b7232xo/odoo-210801/addons/base_contact/process/base_contact_process.xml
2026-02-03 09:51:20,952 - Knowledge - INFO - process ingested knowledge for /app/data/T0002/210801/b7232xo/odoo-210801/addons/base_contact/base_contact_demo.xml
2026-02-03 09:51:20,955 - Knowledge - INFO - [kw7] Queue=749, InProgress=0, PendingWorkers=20/20, Completed=475/1263 (37.6%)
2026-02-03 09:51:20,960 - Knowledge - INFO - Batch sizing: calculated=8, max_allowed=10, queue=749, active_workers=20/20
2026-02-03 09:51:20,963 - Knowledge - INFO - Async storing batch of 8 embeddings
2026-02-03 09:51:20,965 - Knowledge - INFO - process ingested knowledge for /app/data/T0002/210801/b7232xo/odoo-210801/addons/report_purchase/__terp__.py
2026-02-03 09:51:20,968 - Knowledge - INFO - Worker kw7 processing /app/data/T0002/210801/b7232xo/odoo-210801/addons/account_reporting/__terp__.py
2026-02-03 09:51:20,970 - Knowledge - INFO - Fast-tracked /app/data/T0002/210801/b7232xo/odoo-210801/addons/account_reporting/__terp__.py (ext=.py, size=1596)
2026-02-03 09:51:20,971 - Knowledge - INFO - Worker kw7 processing /app/data/T0002/210801/b7232xo/odoo-210801/addons/account_reporting/wizard/wizard_account_balance_report.py
2026-02-03 09:51:20,974 - Knowledge - INFO - Worker kw7 processing /app/data/T0002/210801/b7232xo/odoo-210801/addons/account_reporting/wizard/__init__.py
2026-02-03 09:51:20,978 - Knowledge - INFO - Fast-tracked /app/data/T0002/210801/b7232xo/odoo-210801/addons/account_reporting/wizard/__init__.py (ext=.py, size=1095)
2026-02-03 09:51:20,979 - Knowledge - INFO - Worker kw7 processing /app/data/T0002/210801/b7232xo/odoo-210801/addons/account_reporting/account_data.xml
2026-02-03 09:51:20,984 - Knowledge - INFO - Fast-tracked /app/data/T0002/210801/b7232xo/odoo-210801/addons/account_reporting/account_data.xml (ext=.xml, size=12443)
2026-02-03 09:51:20,985 - Knowledge - INFO - Worker kw7 processing /app/data/T0002/210801/b7232xo/odoo-210801/addons/account_reporting/__init__.py
2026-02-03 09:51:20,991 - Knowledge - INFO - Fast-tracked /app/data/T0002/210801/b7232xo/odoo-210801/addons/account_reporting/__init__.py (ext=.py, size=1101)
2026-02-03 09:51:20,991 - Knowledge - INFO - Worker kw7 processing /app/data/T0002/210801/b7232xo/odoo-210801/addons/account_reporting/account_report.xml
2026-02-03 09:51:21,036 - Knowledge - INFO - Fast-tracked /app/data/T0002/210801/b7232xo/odoo-210801/addons/account_reporting/account_report.xml (ext=.xml, size=450)
2026-02-03 09:51:21,038 - Knowledge - INFO - Worker kw7 processing /app/data/T0002/210801/b7232xo/odoo-210801/addons/account_invoice_layout/account_invoice_layout_report.xml
2026-02-03 09:51:21,054 - Knowledge - INFO - Fast-tracked /app/data/T0002/210801/b7232xo/odoo-210801/addons/account_invoice_layout/account_invoice_layout_report.xml (ext=.xml, size=715)
2026-02-03 09:51:21,055 - Knowledge - INFO - Worker kw7 processing /app/data/T0002/210801/b7232xo/odoo-210801/addons/account_invoice_layout/report/special_message_invoice.py
2026-02-03 09:51:21,088 - Knowledge - INFO - Async storage completed for 8 embeddings
2026-02-03 09:51:21,228 - Knowledge - INFO - process ingested knowledge for /app/data/T0002/210801/b7232xo/odoo-210801/addons/analytic_journal_billing_rate/analytic_journal_billing_rate_view.xml
2026-02-03 09:51:21,230 - Knowledge - INFO - process ingested knowledge for /app/data/T0002/210801/b7232xo/odoo-210801/addons/base_contact/base_contact.py
2026-02-03 09:51:21,677 - Knowledge - INFO - process ingested knowledge for /app/data/T0002/210801/b7232xo/odoo-210801/addons/sale_analytic_plans/__init__.py
2026-02-03 09:51:21,968 - Knowledge - INFO - [kw5] Queue=741, InProgress=0, PendingWorkers=20/20, Completed=486/1263 (38.5%)
2026-02-03 09:51:21,970 - Knowledge - INFO - Batch sizing: calculated=8, max_allowed=10, queue=741, active_workers=20/20
2026-02-03 09:51:22,023 - Knowledge - INFO - Async storing batch of 8 embeddings
2026-02-03 09:51:22,027 - Knowledge - INFO - Worker kw4 processing /app/data/T0002/210801/b7232xo/odoo-210801/addons/account_invoice_layout/report/report_account_invoice_layout.py
2026-02-03 09:51:22,029 - Knowledge - INFO - process ingested knowledge for /app/data/T0002/210801/b7232xo/odoo-210801/addons/base_contact/__init__.py
2026-02-03 09:51:22,059 - Knowledge - INFO - Worker kw4 processing /app/data/T0002/210801/b7232xo/odoo-210801/addons/account_invoice_layout/report/__init__.py
2026-02-03 09:51:22,151 - Knowledge - INFO - Fast-tracked /app/data/T0002/210801/b7232xo/odoo-210801/addons/account_invoice_layout/report/__init__.py (ext=.py, size=1125)
2026-02-03 09:51:22,164 - Knowledge - INFO - Worker kw4 processing /app/data/T0002/210801/b7232xo/odoo-210801/addons/account_invoice_layout/__terp__.py
2026-02-03 09:51:22,189 - Knowledge - INFO - Worker kw4 processing /app/data/T0002/210801/b7232xo/odoo-210801/addons/account_invoice_layout/wizard/invoice_special_message.py
2026-02-03 09:51:22,229 - Knowledge - INFO - Fast-tracked /app/data/T0002/210801/b7232xo/odoo-210801/addons/account_invoice_layout/wizard/invoice_special_message.py (ext=.py, size=1792)
2026-02-03 09:51:22,230 - Knowledge - INFO - Worker kw4 processing /app/data/T0002/210801/b7232xo/odoo-210801/addons/account_invoice_layout/wizard/__init__.py
2026-02-03 09:51:22,251 - Knowledge - INFO - Fast-tracked /app/data/T0002/210801/b7232xo/odoo-210801/addons/account_invoice_layout/wizard/__init__.py (ext=.py, size=1088)
2026-02-03 09:51:22,255 - Knowledge - INFO - Worker kw4 processing /app/data/T0002/210801/b7232xo/odoo-210801/addons/account_invoice_layout/account_invoice_layout.py
2026-02-03 09:51:22,303 - Knowledge - INFO - Worker kw4 processing /app/data/T0002/210801/b7232xo/odoo-210801/addons/account_invoice_layout/__init__.py
2026-02-03 09:51:22,328 - Knowledge - INFO - Fast-tracked /app/data/T0002/210801/b7232xo/odoo-210801/addons/account_invoice_layout/__init__.py (ext=.py, size=1115)
2026-02-03 09:51:22,334 - Knowledge - INFO - Worker kw4 processing /app/data/T0002/210801/b7232xo/odoo-210801/addons/account_invoice_layout/account_invoice_layout_view.xml
2026-02-03 09:51:22,342 - Knowledge - INFO - Fast-tracked /app/data/T0002/210801/b7232xo/odoo-210801/addons/account_invoice_layout/account_invoice_layout_view.xml (ext=.xml, size=3399)
2026-02-03 09:51:22,444 - Knowledge - INFO - Fast-tracked /app/data/T0002/210801/b7232xo/odoo-210801/addons/account_invoice_layout/__terp__.py (small file (2099 bytes))
2026-02-03 09:51:22,497 - Knowledge - INFO - Async storage completed for 8 embeddings
2026-02-03 09:51:22,573 - Knowledge - INFO - process ingested knowledge for /app/data/T0002/210801/b7232xo/odoo-210801/addons/report_purchase/report_purchase.py
2026-02-03 09:51:22,588 - Knowledge - INFO - process ingested knowledge for /app/data/T0002/210801/b7232xo/odoo-210801/addons/sale_analytic_plans/sale_analytic_plans_view.xml
2026-02-03 09:51:22,623 - Knowledge - INFO - [kw20] Queue=733, InProgress=0, PendingWorkers=20/20, Completed=487/1263 (38.6%)
2026-02-03 09:51:22,623 - Knowledge - INFO - Batch sizing: calculated=8, max_allowed=10, queue=733, active_workers=20/20
2026-02-03 09:51:22,633 - Knowledge - INFO - process ingested knowledge for /app/data/T0002/210801/b7232xo/odoo-210801/addons/analytic_journal_billing_rate/__init__.py
2026-02-03 09:51:22,637 - Knowledge - INFO - process ingested knowledge for /app/data/T0002/210801/b7232xo/odoo-210801/addons/base_contact/base_contact_view.xml
2026-02-03 09:51:22,656 - Knowledge - INFO - Processing batch of 8 files
2026-02-03 09:51:22,656 - Knowledge - INFO - process ingested knowledge for /app/data/T0002/210801/b7232xo/odoo-210801/addons/l10n_ch_chart_c2c_pcg/account.xml
2026-02-03 09:51:23,777 - Knowledge - INFO - process ingested knowledge for /app/data/T0002/210801/b7232xo/odoo-210801/addons/report_purchase/__init__.py
2026-02-03 09:51:23,830 - Knowledge - INFO - Async storing batch of 8 embeddings
2026-02-03 09:51:23,935 - Knowledge - INFO - Worker kw5 processing /app/data/T0002/210801/b7232xo/odoo-210801/addons/board_project/__terp__.py
2026-02-03 09:51:23,936 - Knowledge - INFO - Async storing batch of 8 embeddings
2026-02-03 09:51:23,946 - Knowledge - INFO - Worker kw20 processing /app/data/T0002/210801/b7232xo/odoo-210801/addons/account_chart/__terp__.py
2026-02-03 09:51:23,968 - Knowledge - INFO - Fast-tracked /app/data/T0002/210801/b7232xo/odoo-210801/addons/board_project/__terp__.py (ext=.py, size=1852)
2026-02-03 09:51:23,968 - Knowledge - INFO - Worker kw5 processing /app/data/T0002/210801/b7232xo/odoo-210801/addons/board_project/board_project_manager_view.xml
2026-02-03 09:51:23,969 - Knowledge - INFO - process ingested knowledge for /app/data/T0002/210801/b7232xo/odoo-210801/addons/report_document/__terp__.py
2026-02-03 09:51:23,974 - Knowledge - INFO - process ingested knowledge for /app/data/T0002/210801/b7232xo/odoo-210801/addons/l10n_ch_chart_c2c_pcg/vat.xml
2026-02-03 09:51:23,975 - Knowledge - INFO - Fast-tracked /app/data/T0002/210801/b7232xo/odoo-210801/addons/board_project/board_project_manager_view.xml (ext=.xml, size=4495)
2026-02-03 09:51:23,977 - Knowledge - INFO - Fast-tracked /app/data/T0002/210801/b7232xo/odoo-210801/addons/account_chart/__terp__.py (ext=.py, size=1433)
2026-02-03 09:51:23,983 - Knowledge - INFO - Processing batch of 8 files
2026-02-03 09:51:24,038 - Knowledge - INFO - Worker kw5 processing /app/data/T0002/210801/b7232xo/odoo-210801/addons/board_project/board_project_demo.xml
2026-02-03 09:51:24,076 - Knowledge - INFO - Processing batch of 8 files
2026-02-03 09:51:24,097 - Knowledge - INFO - Worker kw20 processing /app/data/T0002/210801/b7232xo/odoo-210801/addons/account_chart/account_chart.xml
2026-02-03 09:51:24,114 - Knowledge - INFO - Fast-tracked /app/data/T0002/210801/b7232xo/odoo-210801/addons/account_chart/account_chart.xml (ext=.xml, size=926)
2026-02-03 09:51:24,117 - Knowledge - INFO - Fast-tracked /app/data/T0002/210801/b7232xo/odoo-210801/addons/board_project/board_project_demo.xml (ext=.xml, size=949)
2026-02-03 09:51:24,118 - Knowledge - INFO - process ingested knowledge for /app/data/T0002/210801/b7232xo/odoo-210801/addons/sale_crm/wizard/__init__.py
2026-02-03 09:51:24,156 - Knowledge - INFO - Worker kw20 processing /app/data/T0002/210801/b7232xo/odoo-210801/addons/account_chart/__init__.py
2026-02-03 09:51:24,167 - Knowledge - INFO - Worker kw5 processing /app/data/T0002/210801/b7232xo/odoo-210801/addons/board_project/board_project_view.xml
2026-02-03 09:51:24,247 - Knowledge - INFO - process ingested knowledge for /app/data/T0002/210801/b7232xo/odoo-210801/addons/base_module_publish/scripts/mtree_upload.php
2026-02-03 09:51:24,274 - Knowledge - INFO - Processing batch of 8 files
2026-02-03 09:51:24,281 - Knowledge - INFO - Fast-tracked /app/data/T0002/210801/b7232xo/odoo-210801/addons/account_chart/__init__.py (ext=.py, size=1058)
2026-02-03 09:51:24,323 - Knowledge - INFO - Fast-tracked /app/data/T0002/210801/b7232xo/odoo-210801/addons/board_project/board_project_view.xml (ext=.xml, size=4276)
2026-02-03 09:51:24,351 - Knowledge - INFO - process ingested knowledge for /app/data/T0002/210801/b7232xo/odoo-210801/addons/hr_holidays/report/__init__.py
2026-02-03 09:51:24,404 - Knowledge - INFO - Worker kw20 processing /app/data/T0002/210801/b7232xo/odoo-210801/addons/report_task/__terp__.py
2026-02-03 09:51:24,424 - Knowledge - INFO - Worker kw5 processing /app/data/T0002/210801/b7232xo/odoo-210801/addons/board_project/__init__.py
2026-02-03 09:51:24,496 - Knowledge - INFO - Fast-tracked /app/data/T0002/210801/b7232xo/odoo-210801/addons/report_task/__terp__.py (ext=.py, size=1552)
2026-02-03 09:51:24,544 - Knowledge - INFO - Fast-tracked /app/data/T0002/210801/b7232xo/odoo-210801/addons/board_project/__init__.py (ext=.py, size=1059)
2026-02-03 09:51:24,550 - Knowledge - INFO - Worker kw20 processing /app/data/T0002/210801/b7232xo/odoo-210801/addons/report_task/report_task.py
2026-02-03 09:51:24,567 - Knowledge - INFO - Worker kw5 processing /app/data/T0002/210801/b7232xo/odoo-210801/addons/project_timesheet/__terp__.py
2026-02-03 09:51:24,603 - Knowledge - INFO - Worker kw20 processing /app/data/T0002/210801/b7232xo/odoo-210801/addons/report_task/__init__.py
2026-02-03 09:51:24,604 - Knowledge - INFO - Fast-tracked /app/data/T0002/210801/b7232xo/odoo-210801/addons/project_timesheet/__terp__.py (ext=.py, size=1694)
2026-02-03 09:51:24,610 - Knowledge - INFO - Worker kw5 processing /app/data/T0002/210801/b7232xo/odoo-210801/addons/project_timesheet/project_timesheet.py
2026-02-03 09:51:24,623 - Knowledge - INFO - Worker kw5 processing /app/data/T0002/210801/b7232xo/odoo-210801/addons/project_timesheet/__init__.py
2026-02-03 09:51:24,643 - Knowledge - INFO - Fast-tracked /app/data/T0002/210801/b7232xo/odoo-210801/addons/report_task/__init__.py (ext=.py, size=1078)
2026-02-03 09:51:24,666 - Knowledge - INFO - Worker kw20 processing /app/data/T0002/210801/b7232xo/odoo-210801/addons/report_task/report_task_view.xml
2026-02-03 09:51:24,678 - Knowledge - INFO - Fast-tracked /app/data/T0002/210801/b7232xo/odoo-210801/addons/project_timesheet/__init__.py (ext=.py, size=1082)
2026-02-03 09:51:24,780 - Knowledge - INFO - Fast-tracked /app/data/T0002/210801/b7232xo/odoo-210801/addons/report_task/report_task_view.xml (ext=.xml, size=5529)
2026-02-03 09:51:24,864 - Knowledge - INFO - Worker kw20 processing /app/data/T0002/210801/b7232xo/odoo-210801/addons/account_analytic_plans/model_wizard.xml
2026-02-03 09:51:24,864 - Knowledge - INFO - process ingested knowledge for /app/data/T0002/210801/b7232xo/odoo-210801/addons/l10n_ch_chart_c2c_pcg/wizard.xml
2026-02-03 09:51:24,908 - Knowledge - INFO - [LLM_CALL] Completed: wizard_account_balance_report.py:chunk1, Duration: 3838ms, PromptTokens: 2608, CompletionTokens: 257, Cost: $0.00036
2026-02-03 09:51:24,940 - Knowledge - INFO - Fast-tracked /app/data/T0002/210801/b7232xo/odoo-210801/addons/account_analytic_plans/model_wizard.xml (ext=.xml, size=197)
2026-02-03 09:51:24,981 - Knowledge - INFO - done ingest for /app/data/T0002/210801/b7232xo/odoo-210801/addons/account_reporting/wizard/wizard_account_balance_report.py
2026-02-03 09:51:25,044 - Knowledge - INFO - Async storage completed for 8 embeddings
2026-02-03 09:51:25,126 - Knowledge - INFO - Async storage completed for 8 embeddings
2026-02-03 09:51:25,260 - Knowledge - INFO - process ingested knowledge for /app/data/T0002/210801/b7232xo/odoo-210801/addons/l10n_ch_chart_c2c_pcg/__terp__.py
2026-02-03 09:51:25,516 - Knowledge - INFO - [LLM_CALL] Completed: account_report_bs.py:chunk1, Duration: 5276ms, PromptTokens: 3682, CompletionTokens: 377, Cost: $0.00052
2026-02-03 09:51:25,524 - Knowledge - INFO - done ingest for /app/data/T0002/210801/b7232xo/odoo-210801/addons/account_reporting/report/account_report_bs.py
2026-02-03 09:51:25,697 - Knowledge - INFO - process ingested knowledge for /app/data/T0002/210801/b7232xo/odoo-210801/addons/report_purchase/report_purchase_view.xml
2026-02-03 09:51:25,724 - Knowledge - INFO - process ingested knowledge for /app/data/T0002/210801/b7232xo/odoo-210801/addons/base_module_publish/__terp__.py
2026-02-03 09:51:25,741 - Knowledge - INFO - process ingested knowledge for /app/data/T0002/210801/b7232xo/odoo-210801/addons/hr_holidays/__terp__.py
2026-02-03 09:51:25,748 - Knowledge - INFO - process ingested knowledge for /app/data/T0002/210801/b7232xo/odoo-210801/addons/report_document/report_document.py
2026-02-03 09:51:26,257 - Knowledge - INFO - process ingested knowledge for /app/data/T0002/210801/b7232xo/odoo-210801/addons/sale_crm/sale_crm_wizard.xml
2026-02-03 09:51:26,263 - Knowledge - INFO - process ingested knowledge for /app/data/T0002/210801/b7232xo/odoo-210801/addons/l10n_ch_chart_c2c_pcg/wizard/config.py
2026-02-03 09:51:26,678 - Knowledge - INFO - process ingested knowledge for /app/data/T0002/210801/b7232xo/odoo-210801/addons/sale_crm/__terp__.py
2026-02-03 09:51:26,952 - Knowledge - INFO - [LLM_CALL] Completed: account.py:chunk1, Duration: 6728ms, PromptTokens: 2988, CompletionTokens: 312, Cost: $0.00042
2026-02-03 09:51:26,952 - Knowledge - INFO - done ingest for /app/data/T0002/210801/b7232xo/odoo-210801/addons/account_reporting/account.py
2026-02-03 09:51:27,390 - Knowledge - INFO - process ingested knowledge for /app/data/T0002/210801/b7232xo/odoo-210801/addons/hr_holidays/wizard/holidays_summary.py
2026-02-03 09:51:27,464 - Knowledge - INFO - process ingested knowledge for /app/data/T0002/210801/b7232xo/odoo-210801/addons/sale_crm/__init__.py
2026-02-03 09:51:27,513 - Knowledge - INFO - [WEBSOCKET] Sent: Type=progress_update, Size: 291, Duration: 0ms
2026-02-03 09:51:27,517 - Knowledge - INFO - process ingested knowledge for /app/data/T0002/210801/b7232xo/odoo-210801/addons/l10n_ch_chart_c2c_pcg/wizard/__init__.py
2026-02-03 09:51:27,520 - Knowledge - INFO - [WEBSOCKET] Sent: Type=unknown, Size: ?, Duration: 8ms
2026-02-03 09:51:27,674 - Knowledge - INFO - Progress: 39.7% | Files: 502/1263 | Rate: 2.40 files/sec | Queue: 717
2026-02-03 09:51:27,849 - Knowledge - INFO - [LLM_CALL] Completed: special_message_invoice.py:chunk1, Duration: 6767ms, PromptTokens: 3402, CompletionTokens: 387, Cost: $0.00049
2026-02-03 09:51:27,901 - Knowledge - INFO - done ingest for /app/data/T0002/210801/b7232xo/odoo-210801/addons/account_invoice_layout/report/special_message_invoice.py
2026-02-03 09:51:27,950 - Knowledge - INFO - process ingested knowledge for /app/data/T0002/210801/b7232xo/odoo-210801/addons/sale_crm/wizard/makesale.py
2026-02-03 09:51:28,791 - Knowledge - INFO - process ingested knowledge for /app/data/T0002/210801/b7232xo/odoo-210801/addons/hr_holidays/wizard/holidays_summary_employees.py
2026-02-03 09:51:29,245 - Knowledge - INFO - process ingested knowledge for /app/data/T0002/210801/b7232xo/odoo-210801/addons/sale_crm/process/sale_crm_process.xml
2026-02-03 09:51:29,624 - Knowledge - INFO - process ingested knowledge for /app/data/T0002/210801/b7232xo/odoo-210801/addons/l10n_ch_chart_c2c_pcg/tax_template_view.xml
2026-02-03 09:51:29,657 - Knowledge - INFO - process ingested knowledge for /app/data/T0002/210801/b7232xo/odoo-210801/addons/sale_crm/wizard/makecase.py
2026-02-03 09:51:31,238 - Knowledge - INFO - [LLM_CALL] Completed: report_account_invoice_layout.py:chunk1, Duration: 8850ms, PromptTokens: 3294, CompletionTokens: 416, Cost: $0.00050
2026-02-03 09:51:31,264 - Knowledge - INFO - done ingest for /app/data/T0002/210801/b7232xo/odoo-210801/addons/account_invoice_layout/report/report_account_invoice_layout.py
2026-02-03 09:51:31,387 - Knowledge - INFO - Processing batch of 8 files
2026-02-03 09:51:31,393 - Knowledge - INFO - process ingested knowledge for /app/data/T0002/210801/b7232xo/odoo-210801/addons/base_module_publish/wizard/wizard_module_export.py
2026-02-03 09:51:31,393 - Knowledge - INFO - process ingested knowledge for /app/data/T0002/210801/b7232xo/odoo-210801/addons/base_module_publish/__init__.py
2026-02-03 09:51:31,452 - Knowledge - INFO - [kw13] Queue=717, InProgress=0, PendingWorkers=20/20, Completed=507/1263 (40.1%)
2026-02-03 09:51:31,493 - Knowledge - INFO - Batch sizing: calculated=8, max_allowed=10, queue=717, active_workers=20/20
2026-02-03 09:51:32,787 - Knowledge - INFO - [LLM_CALL] Completed: report_task.py:chunk1, Duration: 7721ms, PromptTokens: 4206, CompletionTokens: 469, Cost: $0.00061
2026-02-03 09:51:32,803 - Knowledge - INFO - done ingest for /app/data/T0002/210801/b7232xo/odoo-210801/addons/report_task/report_task.py
2026-02-03 09:51:33,181 - Knowledge - INFO - process ingested knowledge for /app/data/T0002/210801/b7232xo/odoo-210801/addons/hr_holidays/wizard/__init__.py
2026-02-03 09:51:33,727 - Knowledge - INFO - [LLM_CALL] Completed: project_timesheet.py:chunk1, Duration: 8738ms, PromptTokens: 4938, CompletionTokens: 784, Cost: $0.00081
2026-02-03 09:51:33,732 - Knowledge - INFO - done ingest for /app/data/T0002/210801/b7232xo/odoo-210801/addons/project_timesheet/project_timesheet.py
2026-02-03 09:51:33,921 - Knowledge - INFO - process ingested knowledge for /app/data/T0002/210801/b7232xo/odoo-210801/addons/sale_crm/sale_crm_view.xml
2026-02-03 09:51:33,921 - Knowledge - INFO - process ingested knowledge for /app/data/T0002/210801/b7232xo/odoo-210801/addons/base_module_publish/wizard/base_module_publish_all.py
2026-02-03 09:51:33,944 - Knowledge - INFO - process ingested knowledge for /app/data/T0002/210801/b7232xo/odoo-210801/addons/base_report_designer/__terp__.py
2026-02-03 09:51:33,951 - Knowledge - INFO - Async storing batch of 8 embeddings
2026-02-03 09:51:33,959 - Knowledge - INFO - Processing batch of 8 files
2026-02-03 09:51:34,006 - Knowledge - INFO - process ingested knowledge for /app/data/T0002/210801/b7232xo/odoo-210801/addons/base_report_designer/base_report_designer.py
2026-02-03 09:51:34,058 - Knowledge - INFO - Worker kw13 processing /app/data/T0002/210801/b7232xo/odoo-210801/addons/account_analytic_plans/account_analytic_plans_report.xml
2026-02-03 09:51:34,088 - Knowledge - INFO - Fast-tracked /app/data/T0002/210801/b7232xo/odoo-210801/addons/account_analytic_plans/account_analytic_plans_report.xml (ext=.xml, size=559)
2026-02-03 09:51:34,091 - Knowledge - INFO - Worker kw13 processing /app/data/T0002/210801/b7232xo/odoo-210801/addons/account_analytic_plans/report/crossovered_analytic.py
2026-02-03 09:51:34,117 - Knowledge - INFO - Worker kw13 processing /app/data/T0002/210801/b7232xo/odoo-210801/addons/account_analytic_plans/report/__init__.py
2026-02-03 09:51:34,135 - Knowledge - INFO - Fast-tracked /app/data/T0002/210801/b7232xo/odoo-210801/addons/account_analytic_plans/report/__init__.py (ext=.py, size=1085)
2026-02-03 09:51:34,168 - Knowledge - INFO - Worker kw13 processing /app/data/T0002/210801/b7232xo/odoo-210801/addons/account_analytic_plans/__terp__.py
2026-02-03 09:51:34,188 - Knowledge - INFO - Worker kw13 processing /app/data/T0002/210801/b7232xo/odoo-210801/addons/account_analytic_plans/wizard/wizard_crossovered_analytic.py
2026-02-03 09:51:34,230 - Knowledge - INFO - Worker kw13 processing /app/data/T0002/210801/b7232xo/odoo-210801/addons/account_analytic_plans/wizard/create_model.py
2026-02-03 09:51:34,237 - Knowledge - INFO - Worker kw13 processing /app/data/T0002/210801/b7232xo/odoo-210801/addons/account_analytic_plans/wizard/__init__.py
2026-02-03 09:51:34,276 - Knowledge - INFO - Fast-tracked /app/data/T0002/210801/b7232xo/odoo-210801/addons/account_analytic_plans/wizard/__init__.py (ext=.py, size=1112)
2026-02-03 09:51:34,282 - Knowledge - INFO - Worker kw13 processing /app/data/T0002/210801/b7232xo/odoo-210801/addons/account_analytic_plans/account_analytic_plans.py
2026-02-03 09:51:34,403 - Knowledge - INFO - [LLM_CALL] Completed: account_invoice_layout.py:chunk1, Duration: 11935ms, PromptTokens: 4754, CompletionTokens: 727, Cost: $0.00077
2026-02-03 09:51:34,404 - Knowledge - INFO - done ingest for /app/data/T0002/210801/b7232xo/odoo-210801/addons/account_invoice_layout/account_invoice_layout.py
2026-02-03 09:51:34,429 - Knowledge - INFO - Fast-tracked /app/data/T0002/210801/b7232xo/odoo-210801/addons/account_analytic_plans/__terp__.py (small file (2474 bytes))
2026-02-03 09:51:34,439 - Knowledge - INFO - Fast-tracked /app/data/T0002/210801/b7232xo/odoo-210801/addons/account_analytic_plans/wizard/create_model.py (small file (2588 bytes))
2026-02-03 09:51:34,446 - Knowledge - INFO - Async storage completed for 8 embeddings
2026-02-03 09:51:34,726 - Knowledge - INFO - [kw16] Queue=709, InProgress=0, PendingWorkers=20/20, Completed=515/1263 (40.8%)
2026-02-03 09:51:34,726 - Knowledge - INFO - process ingested knowledge for /app/data/T0002/210801/b7232xo/odoo-210801/addons/l10n_ch_chart_c2c_pcg/__init__.py
2026-02-03 09:51:34,727 - Knowledge - INFO - Batch sizing: calculated=8, max_allowed=10, queue=709, active_workers=20/20
2026-02-03 09:51:34,727 - Knowledge - INFO - process ingested knowledge for /app/data/T0002/210801/b7232xo/odoo-210801/addons/hr_holidays/hr_holidays_report.xml
2026-02-03 09:51:34,728 - Knowledge - INFO - process ingested knowledge for /app/data/T0002/210801/b7232xo/odoo-210801/addons/base_module_publish/wizard/base_module_publish.py
2026-02-03 09:51:34,947 - Knowledge - INFO - process ingested knowledge for /app/data/T0002/210801/b7232xo/odoo-210801/addons/hr_holidays/hr.py
2026-02-03 09:51:35,181 - Knowledge - INFO - process ingested knowledge for /app/data/T0002/210801/b7232xo/odoo-210801/addons/base_report_designer/base_report_data.xml
2026-02-03 09:51:35,182 - Knowledge - INFO - process ingested knowledge for /app/data/T0002/210801/b7232xo/odoo-210801/addons/base_report_designer/__init__.py
2026-02-03 09:51:35,182 - Knowledge - INFO - Async storing batch of 8 embeddings
2026-02-03 09:51:35,183 - Knowledge - INFO - process ingested knowledge for /app/data/T0002/210801/b7232xo/odoo-210801/addons/hr_holidays/hr_bel_holidays_2008.xml
2026-02-03 09:51:35,228 - Knowledge - INFO - Worker kw16 processing /app/data/T0002/210801/b7232xo/odoo-210801/addons/account_analytic_plans/__init__.py
2026-02-03 09:51:35,233 - Knowledge - INFO - Fast-tracked /app/data/T0002/210801/b7232xo/odoo-210801/addons/account_analytic_plans/__init__.py (ext=.py, size=1116)
2026-02-03 09:51:35,234 - Knowledge - INFO - Worker kw16 processing /app/data/T0002/210801/b7232xo/odoo-210801/addons/account_analytic_plans/account_analytic_plans_view.xml
2026-02-03 09:51:35,258 - Knowledge - INFO - Fast-tracked /app/data/T0002/210801/b7232xo/odoo-210801/addons/account_analytic_plans/account_analytic_plans_view.xml (ext=.xml, size=11000)
2026-02-03 09:51:35,259 - Knowledge - INFO - Worker kw16 processing /app/data/T0002/210801/b7232xo/odoo-210801/addons/base_module_record/__terp__.py
2026-02-03 09:51:35,262 - Knowledge - INFO - Worker kw16 processing /app/data/T0002/210801/b7232xo/odoo-210801/addons/base_module_record/wizard/base_module_record_objects.py
2026-02-03 09:51:35,270 - Knowledge - INFO - Worker kw16 processing /app/data/T0002/210801/b7232xo/odoo-210801/addons/base_module_record/wizard/base_module_save.py
2026-02-03 09:51:35,272 - Knowledge - INFO - Worker kw16 processing /app/data/T0002/210801/b7232xo/odoo-210801/addons/base_module_record/wizard/base_module_record.py
2026-02-03 09:51:35,274 - Knowledge - INFO - Worker kw16 processing /app/data/T0002/210801/b7232xo/odoo-210801/addons/base_module_record/wizard/__init__.py
2026-02-03 09:51:35,283 - Knowledge - INFO - Fast-tracked /app/data/T0002/210801/b7232xo/odoo-210801/addons/base_module_record/wizard/__init__.py (ext=.py, size=1141)
2026-02-03 09:51:35,284 - Knowledge - INFO - Worker kw16 processing /app/data/T0002/210801/b7232xo/odoo-210801/addons/base_module_record/base_module_record.py
2026-02-03 09:51:35,348 - Knowledge - INFO - Fast-tracked /app/data/T0002/210801/b7232xo/odoo-210801/addons/base_module_record/__terp__.py (small file (2153 bytes))
2026-02-03 09:51:35,356 - Knowledge - INFO - [kw19] Queue=701, InProgress=0, PendingWorkers=20/20, Completed=521/1263 (41.3%)
2026-02-03 09:51:35,360 - Knowledge - INFO - Batch sizing: calculated=8, max_allowed=10, queue=701, active_workers=20/20
2026-02-03 09:51:35,741 - Knowledge - INFO - Async storage completed for 8 embeddings
2026-02-03 09:51:36,036 - Knowledge - INFO - process ingested knowledge for /app/data/T0002/210801/b7232xo/odoo-210801/addons/base_module_publish/scripts/mtree_interface.php
2026-02-03 09:51:36,039 - Knowledge - INFO - process ingested knowledge for /app/data/T0002/210801/b7232xo/odoo-210801/addons/base_module_publish/wizard/__init__.py
2026-02-03 09:51:36,381 - Knowledge - INFO - process ingested knowledge for /app/data/T0002/210801/b7232xo/odoo-210801/addons/report_analytic_planning/report_analytic_planning_report.xml
2026-02-03 09:51:36,388 - Knowledge - INFO - process ingested knowledge for /app/data/T0002/210801/b7232xo/odoo-210801/addons/hr_holidays/report/holidays_summary_report.py
2026-02-03 09:51:36,726 - Knowledge - INFO - Async storing batch of 8 embeddings
2026-02-03 09:51:36,732 - Knowledge - INFO - Worker kw19 processing /app/data/T0002/210801/b7232xo/odoo-210801/addons/base_module_record/base_module_record_wizard.xml
2026-02-03 09:51:36,747 - Knowledge - INFO - Processing batch of 8 files
2026-02-03 09:51:36,748 - Knowledge - INFO - process ingested knowledge for /app/data/T0002/210801/b7232xo/odoo-210801/addons/board_document/__terp__.py
2026-02-03 09:51:36,752 - Knowledge - INFO - [WEBSOCKET] Sent: Type=progress_update, Size: 292, Duration: 0ms
2026-02-03 09:51:36,753 - Knowledge - INFO - Fast-tracked /app/data/T0002/210801/b7232xo/odoo-210801/addons/base_module_record/base_module_record_wizard.xml (ext=.xml, size=1964)
2026-02-03 09:51:36,759 - Knowledge - INFO - process ingested knowledge for /app/data/T0002/210801/b7232xo/odoo-210801/addons/base_report_designer/wizard/base_report_designer_modify.py
2026-02-03 09:51:36,765 - Knowledge - INFO - [WEBSOCKET] Sent: Type=unknown, Size: ?, Duration: 13ms
2026-02-03 09:51:36,777 - Knowledge - INFO - process ingested knowledge for /app/data/T0002/210801/b7232xo/odoo-210801/addons/base_module_publish/wizard/module_zip.py
2026-02-03 09:51:36,778 - Knowledge - INFO - Worker kw19 processing /app/data/T0002/210801/b7232xo/odoo-210801/addons/base_module_record/__init__.py
2026-02-03 09:51:36,852 - Knowledge - INFO - Progress: 42.0% | Files: 531/1263 | Rate: 2.37 files/sec | Queue: 693
2026-02-03 09:51:36,853 - Knowledge - INFO - process ingested knowledge for /app/data/T0002/210801/b7232xo/odoo-210801/addons/hr_holidays/hr_holidays_wizard.xml
2026-02-03 09:51:36,884 - Knowledge - INFO - Fast-tracked /app/data/T0002/210801/b7232xo/odoo-210801/addons/base_module_record/__init__.py (ext=.py, size=1098)
2026-02-03 09:51:36,944 - Knowledge - INFO - Worker kw19 processing /app/data/T0002/210801/b7232xo/odoo-210801/addons/product_margin/__terp__.py
2026-02-03 09:51:36,961 - Knowledge - INFO - Fast-tracked /app/data/T0002/210801/b7232xo/odoo-210801/addons/product_margin/__terp__.py (ext=.py, size=1604)
2026-02-03 09:51:36,966 - Knowledge - INFO - Processing batch of 8 files
2026-02-03 09:51:36,967 - Knowledge - INFO - Worker kw19 processing /app/data/T0002/210801/b7232xo/odoo-210801/addons/product_margin/wizard/wizard_product_margin.py
2026-02-03 09:51:36,991 - Knowledge - INFO - process ingested knowledge for /app/data/T0002/210801/b7232xo/odoo-210801/addons/account_reporting/__terp__.py
2026-02-03 09:51:37,064 - Knowledge - INFO - Worker kw19 processing /app/data/T0002/210801/b7232xo/odoo-210801/addons/product_margin/wizard/__init__.py
2026-02-03 09:51:37,110 - Knowledge - INFO - Fast-tracked /app/data/T0002/210801/b7232xo/odoo-210801/addons/product_margin/wizard/__init__.py (ext=.py, size=1088)
2026-02-03 09:51:37,123 - Knowledge - INFO - Worker kw19 processing /app/data/T0002/210801/b7232xo/odoo-210801/addons/product_margin/product_margin.py
2026-02-03 09:51:37,166 - Knowledge - INFO - Worker kw19 processing /app/data/T0002/210801/b7232xo/odoo-210801/addons/product_margin/__init__.py
2026-02-03 09:51:37,181 - Knowledge - INFO - Fast-tracked /app/data/T0002/210801/b7232xo/odoo-210801/addons/product_margin/__init__.py (ext=.py, size=1095)
2026-02-03 09:51:37,223 - Knowledge - INFO - Worker kw19 processing /app/data/T0002/210801/b7232xo/odoo-210801/addons/product_margin/product_margin_view.xml
2026-02-03 09:51:37,261 - Knowledge - INFO - Fast-tracked /app/data/T0002/210801/b7232xo/odoo-210801/addons/product_margin/product_margin_view.xml (ext=.xml, size=4511)
2026-02-03 09:51:37,542 - Knowledge - INFO - Async storage completed for 8 embeddings
2026-02-03 09:51:38,080 - Knowledge - INFO - process ingested knowledge for /app/data/T0002/210801/b7232xo/odoo-210801/addons/report_analytic_planning/report/__init__.py
2026-02-03 09:51:38,081 - Knowledge - INFO - process ingested knowledge for /app/data/T0002/210801/b7232xo/odoo-210801/addons/base_report_designer/wizard/tiny_sxw2rml/tiny_sxw2rml.py
2026-02-03 09:51:38,268 - Knowledge - INFO - [LLM_CALL] Completed: wizard_crossovered_analytic.py:chunk1, Duration: 3836ms, PromptTokens: 2376, CompletionTokens: 292, Cost: $0.00035
2026-02-03 09:51:38,276 - Knowledge - INFO - done ingest for /app/data/T0002/210801/b7232xo/odoo-210801/addons/account_analytic_plans/wizard/wizard_crossovered_analytic.py
2026-02-03 09:51:38,857 - Knowledge - INFO - process ingested knowledge for /app/data/T0002/210801/b7232xo/odoo-210801/addons/base_module_publish/base_module_publish_wizard.xml
2026-02-03 09:51:38,868 - Knowledge - INFO - process ingested knowledge for /app/data/T0002/210801/b7232xo/odoo-210801/addons/hr_holidays/hr_workflow.xml
2026-02-03 09:51:40,239 - Knowledge - INFO - process ingested knowledge for /app/data/T0002/210801/b7232xo/odoo-210801/addons/board_document/board_document_demo.xml
2026-02-03 09:51:40,240 - Knowledge - INFO - process ingested knowledge for /app/data/T0002/210801/b7232xo/odoo-210801/addons/report_analytic_planning/__terp__.py
2026-02-03 09:51:40,580 - Knowledge - INFO - [kw2] Queue=693, InProgress=0, PendingWorkers=20/20, Completed=536/1263 (42.4%)
2026-02-03 09:51:40,624 - Knowledge - INFO - Batch sizing: calculated=8, max_allowed=10, queue=693, active_workers=20/20
2026-02-03 09:51:41,401 - Knowledge - INFO - [LLM_CALL] Completed: wizard_product_margin.py:chunk1, Duration: 4121ms, PromptTokens: 2458, CompletionTokens: 256, Cost: $0.00035
2026-02-03 09:51:41,424 - Knowledge - INFO - done ingest for /app/data/T0002/210801/b7232xo/odoo-210801/addons/product_margin/wizard/wizard_product_margin.py
2026-02-03 09:51:42,545 - Knowledge - INFO - process ingested knowledge for /app/data/T0002/210801/b7232xo/odoo-210801/addons/base_report_designer/wizard/tiny_sxw2rml/__init__.py
2026-02-03 09:51:42,988 - Knowledge - INFO - process ingested knowledge for /app/data/T0002/210801/b7232xo/odoo-210801/addons/report_analytic_planning/report_analytic_planning.py
2026-02-03 09:51:43,002 - Knowledge - INFO - [kw18] Queue=693, InProgress=0, PendingWorkers=20/20, Completed=539/1263 (42.7%)
2026-02-03 09:51:43,015 - Knowledge - INFO - Async storing batch of 8 embeddings
2026-02-03 09:51:43,026 - Knowledge - INFO - Batch sizing: calculated=8, max_allowed=10, queue=693, active_workers=20/20
2026-02-03 09:51:43,193 - Knowledge - INFO - [LLM_CALL] Completed: product_margin.py:chunk1, Duration: 5810ms, PromptTokens: 4544, CompletionTokens: 298, Cost: $0.00057
2026-02-03 09:51:43,201 - Knowledge - INFO - done ingest for /app/data/T0002/210801/b7232xo/odoo-210801/addons/product_margin/product_margin.py
2026-02-03 09:51:43,269 - Knowledge - INFO - Worker kw2 processing /app/data/T0002/210801/b7232xo/odoo-210801/addons/hr_expense/hr_expense.py
2026-02-03 09:51:43,346 - Knowledge - INFO - Worker kw2 processing /app/data/T0002/210801/b7232xo/odoo-210801/addons/hr_expense/hr_expense_sequence.xml
2026-02-03 09:51:43,384 - Knowledge - INFO - Fast-tracked /app/data/T0002/210801/b7232xo/odoo-210801/addons/hr_expense/hr_expense_sequence.xml (ext=.xml, size=588)
2026-02-03 09:51:43,402 - Knowledge - INFO - Worker kw2 processing /app/data/T0002/210801/b7232xo/odoo-210801/addons/hr_expense/report/__init__.py
2026-02-03 09:51:43,469 - Knowledge - INFO - Fast-tracked /app/data/T0002/210801/b7232xo/odoo-210801/addons/hr_expense/report/__init__.py (ext=.py, size=1073)
2026-02-03 09:51:43,475 - Knowledge - INFO - Worker kw2 processing /app/data/T0002/210801/b7232xo/odoo-210801/addons/hr_expense/report/expense.py
2026-02-03 09:51:43,545 - Knowledge - INFO - Fast-tracked /app/data/T0002/210801/b7232xo/odoo-210801/addons/hr_expense/report/expense.py (ext=.py, size=1468)
2026-02-03 09:51:43,551 - Knowledge - INFO - Worker kw2 processing /app/data/T0002/210801/b7232xo/odoo-210801/addons/hr_expense/hr_expense_view.xml
2026-02-03 09:51:43,564 - Knowledge - INFO - Fast-tracked /app/data/T0002/210801/b7232xo/odoo-210801/addons/hr_expense/hr_expense_view.xml (ext=.xml, size=10067)
2026-02-03 09:51:43,564 - Knowledge - INFO - Worker kw2 processing /app/data/T0002/210801/b7232xo/odoo-210801/addons/hr_expense/hr_expense_workflow.xml
2026-02-03 09:51:43,597 - Knowledge - INFO - [LLM_CALL] Completed: crossovered_analytic.py:chunk1, Duration: 9225ms, PromptTokens: 4554, CompletionTokens: 490, Cost: $0.00065
2026-02-03 09:51:43,598 - Knowledge - INFO - Fast-tracked /app/data/T0002/210801/b7232xo/odoo-210801/addons/hr_expense/hr_expense_workflow.xml (ext=.xml, size=5172)
2026-02-03 09:51:43,599 - Knowledge - INFO - done ingest for /app/data/T0002/210801/b7232xo/odoo-210801/addons/account_analytic_plans/report/crossovered_analytic.py
2026-02-03 09:51:43,606 - Knowledge - INFO - Worker kw2 processing /app/data/T0002/210801/b7232xo/odoo-210801/addons/hr_expense/__terp__.py
2026-02-03 09:51:43,655 - Knowledge - INFO - Worker kw2 processing /app/data/T0002/210801/b7232xo/odoo-210801/addons/hr_expense/hr_expense_report.xml
2026-02-03 09:51:43,674 - Knowledge - INFO - Fast-tracked /app/data/T0002/210801/b7232xo/odoo-210801/addons/hr_expense/hr_expense_report.xml (ext=.xml, size=239)
2026-02-03 09:51:43,864 - Knowledge - INFO - Fast-tracked /app/data/T0002/210801/b7232xo/odoo-210801/addons/hr_expense/__terp__.py (small file (2233 bytes))
2026-02-03 09:51:43,865 - Knowledge - INFO - Async storage completed for 8 embeddings
2026-02-03 09:51:44,569 - Knowledge - INFO - process ingested knowledge for /app/data/T0002/210801/b7232xo/odoo-210801/addons/board_document/__init__.py
2026-02-03 09:51:44,576 - Knowledge - INFO - process ingested knowledge for /app/data/T0002/210801/b7232xo/odoo-210801/addons/base_report_designer/wizard/__init__.py
2026-02-03 09:51:44,582 - Knowledge - INFO - process ingested knowledge for /app/data/T0002/210801/b7232xo/odoo-210801/addons/account_reporting/wizard/wizard_account_balance_report.py
2026-02-03 09:51:44,774 - Knowledge - INFO - [LLM_CALL] Completed: base_module_save.py:chunk1, Duration: 9348ms, PromptTokens: 4904, CompletionTokens: 300, Cost: $0.00061
2026-02-03 09:51:44,780 - Knowledge - INFO - done ingest for /app/data/T0002/210801/b7232xo/odoo-210801/addons/base_module_record/wizard/base_module_save.py
2026-02-03 09:51:44,984 - Knowledge - INFO - Async storing batch of 8 embeddings
2026-02-03 09:51:44,986 - Knowledge - INFO - Worker kw18 processing /app/data/T0002/210801/b7232xo/odoo-210801/addons/hr_expense/__init__.py
2026-02-03 09:51:45,031 - Knowledge - INFO - Fast-tracked /app/data/T0002/210801/b7232xo/odoo-210801/addons/hr_expense/__init__.py (ext=.py, size=1104)
2026-02-03 09:51:45,032 - Knowledge - INFO - Worker kw18 processing /app/data/T0002/210801/b7232xo/odoo-210801/addons/hr_expense/process/hr_expense_process.xml
2026-02-03 09:51:45,048 - Knowledge - INFO - Fast-tracked /app/data/T0002/210801/b7232xo/odoo-210801/addons/hr_expense/process/hr_expense_process.xml (ext=.xml, size=10445)
2026-02-03 09:51:45,048 - Knowledge - INFO - Worker kw18 processing /app/data/T0002/210801/b7232xo/odoo-210801/addons/hr_timesheet/hr_timesheet_wizard.xml
2026-02-03 09:51:45,060 - Knowledge - INFO - Fast-tracked /app/data/T0002/210801/b7232xo/odoo-210801/addons/hr_timesheet/hr_timesheet_wizard.xml (ext=.xml, size=306)
2026-02-03 09:51:45,061 - Knowledge - INFO - Worker kw18 processing /app/data/T0002/210801/b7232xo/odoo-210801/addons/hr_timesheet/hr_timesheet.py
2026-02-03 09:51:45,089 - Knowledge - INFO - Worker kw18 processing /app/data/T0002/210801/b7232xo/odoo-210801/addons/hr_timesheet/hr_timesheet_demo.xml
2026-02-03 09:51:45,093 - Knowledge - INFO - Fast-tracked /app/data/T0002/210801/b7232xo/odoo-210801/addons/hr_timesheet/hr_timesheet_demo.xml (ext=.xml, size=1644)
2026-02-03 09:51:45,095 - Knowledge - INFO - Worker kw18 processing /app/data/T0002/210801/b7232xo/odoo-210801/addons/hr_timesheet/report/users_timesheet.py
2026-02-03 09:51:45,128 - Knowledge - INFO - Worker kw18 processing /app/data/T0002/210801/b7232xo/odoo-210801/addons/hr_timesheet/report/user_timesheet.py
2026-02-03 09:51:45,139 - Knowledge - INFO - Worker kw18 processing /app/data/T0002/210801/b7232xo/odoo-210801/addons/hr_timesheet/report/__init__.py
2026-02-03 09:51:45,147 - Knowledge - INFO - Fast-tracked /app/data/T0002/210801/b7232xo/odoo-210801/addons/hr_timesheet/report/__init__.py (ext=.py, size=1103)
2026-02-03 09:51:45,231 - Knowledge - INFO - Processing batch of 8 files
2026-02-03 09:51:45,273 - Knowledge - INFO - process ingested knowledge for /app/data/T0002/210801/b7232xo/odoo-210801/addons/account_chart/__terp__.py
2026-02-03 09:51:45,485 - Knowledge - INFO - Async storage completed for 8 embeddings
2026-02-03 09:51:45,534 - Knowledge - INFO - [LLM_CALL] Completed: base_module_record.py:chunk1, Duration: 9910ms, PromptTokens: 2498, CompletionTokens: 315, Cost: $0.00038
2026-02-03 09:51:45,551 - Knowledge - INFO - done ingest for /app/data/T0002/210801/b7232xo/odoo-210801/addons/base_module_record/wizard/base_module_record.py
2026-02-03 09:51:46,023 - Knowledge - INFO - [LLM_CALL] Completed: base_module_record_objects.py:chunk1, Duration: 10666ms, PromptTokens: 3574, CompletionTokens: 357, Cost: $0.00050
2026-02-03 09:51:46,036 - Knowledge - INFO - done ingest for /app/data/T0002/210801/b7232xo/odoo-210801/addons/base_module_record/wizard/base_module_record_objects.py
2026-02-03 09:51:46,682 - Knowledge - INFO - process ingested knowledge for /app/data/T0002/210801/b7232xo/odoo-210801/addons/board_document/board_document_view.xml
2026-02-03 09:51:48,124 - Knowledge - INFO - process ingested knowledge for /app/data/T0002/210801/b7232xo/odoo-210801/addons/account_chart/account_chart.xml
2026-02-03 09:51:48,232 - Knowledge - INFO - Processing batch of 8 files
2026-02-03 09:51:48,233 - Knowledge - INFO - process ingested knowledge for /app/data/T0002/210801/b7232xo/odoo-210801/addons/board_project/__terp__.py
2026-02-03 09:51:49,243 - Knowledge - INFO - Processing batch of 8 files
2026-02-03 09:51:49,262 - Knowledge - INFO - process ingested knowledge for /app/data/T0002/210801/b7232xo/odoo-210801/addons/account_invoice_layout/report/report_account_invoice_layout.py
2026-02-03 09:51:49,277 - Knowledge - INFO - process ingested knowledge for /app/data/T0002/210801/b7232xo/odoo-210801/addons/report_analytic_planning/__init__.py
2026-02-03 09:51:49,304 - Knowledge - INFO - process ingested knowledge for /app/data/T0002/210801/b7232xo/odoo-210801/addons/base_report_designer/base_report_designer_wizard.xml
2026-02-03 09:51:49,343 - Knowledge - INFO - process ingested knowledge for /app/data/T0002/210801/b7232xo/odoo-210801/addons/account_reporting/account.py
2026-02-03 09:51:49,999 - Knowledge - INFO - process ingested knowledge for /app/data/T0002/210801/b7232xo/odoo-210801/addons/account_chart/__init__.py
2026-02-03 09:51:50,013 - Knowledge - INFO - [kw9] Queue=677, InProgress=0, PendingWorkers=20/20, Completed=549/1263 (43.5%)
2026-02-03 09:51:50,024 - Knowledge - INFO - process ingested knowledge for /app/data/T0002/210801/b7232xo/odoo-210801/addons/board_project/board_project_manager_view.xml
2026-02-03 09:51:50,049 - Knowledge - INFO - [kw15] Queue=677, InProgress=0, PendingWorkers=20/20, Completed=549/1263 (43.5%)
2026-02-03 09:51:50,071 - Knowledge - INFO - process ingested knowledge for /app/data/T0002/210801/b7232xo/odoo-210801/addons/account_reporting/wizard/__init__.py
2026-02-03 09:51:50,084 - Knowledge - INFO - Batch sizing: calculated=8, max_allowed=10, queue=677, active_workers=20/20
2026-02-03 09:51:50,193 - Knowledge - INFO - Batch sizing: calculated=8, max_allowed=10, queue=677, active_workers=20/20
2026-02-03 09:51:51,967 - Knowledge - INFO - done ingest for /app/data/T0002/210801/b7232xo/odoo-210801/addons/base_module_record/base_module_record.py
2026-02-03 09:51:52,126 - Knowledge - INFO - process ingested knowledge for /app/data/T0002/210801/b7232xo/odoo-210801/addons/account_invoice_layout/report/__init__.py
2026-02-03 09:51:52,134 - Knowledge - INFO - process ingested knowledge for /app/data/T0002/210801/b7232xo/odoo-210801/addons/report_task/__terp__.py
2026-02-03 09:51:52,263 - Knowledge - INFO - [LLM_CALL] Completed: account_analytic_plans.py:chunk1, Duration: 17822ms, PromptTokens: 9600, CompletionTokens: 1451, Cost: $0.00154
2026-02-03 09:51:52,266 - Knowledge - INFO - done ingest for /app/data/T0002/210801/b7232xo/odoo-210801/addons/account_analytic_plans/account_analytic_plans.py
2026-02-03 09:51:52,629 - Knowledge - INFO - process ingested knowledge for /app/data/T0002/210801/b7232xo/odoo-210801/addons/board_project/board_project_demo.xml
2026-02-03 09:51:52,638 - Knowledge - INFO - Async storing batch of 8 embeddings
2026-02-03 09:51:52,651 - Knowledge - INFO - Worker kw9 processing /app/data/T0002/210801/b7232xo/odoo-210801/addons/hr_timesheet/hr_timesheet_view.xml
2026-02-03 09:51:52,667 - Knowledge - INFO - Async storing batch of 8 embeddings
2026-02-03 09:51:52,674 - Knowledge - INFO - Worker kw15 processing /app/data/T0002/210801/b7232xo/odoo-210801/addons/hr_timesheet/__init__.py
2026-02-03 09:51:52,678 - Knowledge - INFO - Fast-tracked /app/data/T0002/210801/b7232xo/odoo-210801/addons/hr_timesheet/hr_timesheet_view.xml (ext=.xml, size=6184)
2026-02-03 09:51:52,681 - Knowledge - INFO - Worker kw9 processing /app/data/T0002/210801/b7232xo/odoo-210801/addons/hr_timesheet/__terp__.py
2026-02-03 09:51:52,697 - Knowledge - INFO - Fast-tracked /app/data/T0002/210801/b7232xo/odoo-210801/addons/hr_timesheet/__init__.py (ext=.py, size=1106)
2026-02-03 09:51:52,702 - Knowledge - INFO - Worker kw15 processing /app/data/T0002/210801/b7232xo/odoo-210801/addons/hr_timesheet/process/hr_timesheet_process.xml
2026-02-03 09:51:52,731 - Knowledge - INFO - Worker kw9 processing /app/data/T0002/210801/b7232xo/odoo-210801/addons/hr_timesheet/wizard/wizard_print_timesheet_users.py
2026-02-03 09:51:52,744 - Knowledge - INFO - Fast-tracked /app/data/T0002/210801/b7232xo/odoo-210801/addons/hr_timesheet/process/hr_timesheet_process.xml (ext=.xml, size=466)
2026-02-03 09:51:52,830 - Knowledge - INFO - Worker kw9 processing /app/data/T0002/210801/b7232xo/odoo-210801/addons/hr_timesheet/wizard/sign_in_out.py
2026-02-03 09:51:52,927 - Knowledge - INFO - Worker kw15 processing /app/data/T0002/210801/b7232xo/odoo-210801/addons/profile_service/profile_service.xml
2026-02-03 09:51:52,981 - Knowledge - INFO - Fast-tracked /app/data/T0002/210801/b7232xo/odoo-210801/addons/profile_service/profile_service.xml (ext=.xml, size=2798)
2026-02-03 09:51:52,981 - Knowledge - INFO - Worker kw15 processing /app/data/T0002/210801/b7232xo/odoo-210801/addons/profile_service/profile_service.py
2026-02-03 09:51:53,039 - Knowledge - INFO - Worker kw9 processing /app/data/T0002/210801/b7232xo/odoo-210801/addons/hr_timesheet/wizard/wizard_print_timesheet.py
2026-02-03 09:51:53,046 - Knowledge - INFO - Worker kw15 processing /app/data/T0002/210801/b7232xo/odoo-210801/addons/profile_service/__terp__.py
2026-02-03 09:51:53,058 - Knowledge - INFO - Worker kw9 processing /app/data/T0002/210801/b7232xo/odoo-210801/addons/hr_timesheet/wizard/__init__.py
2026-02-03 09:51:53,161 - Knowledge - INFO - Fast-tracked /app/data/T0002/210801/b7232xo/odoo-210801/addons/profile_service/__terp__.py (ext=.py, size=1485)
2026-02-03 09:51:53,197 - Knowledge - INFO - Worker kw15 processing /app/data/T0002/210801/b7232xo/odoo-210801/addons/profile_service/__init__.py
2026-02-03 09:51:53,204 - Knowledge - INFO - Fast-tracked /app/data/T0002/210801/b7232xo/odoo-210801/addons/hr_timesheet/wizard/__init__.py (ext=.py, size=1144)
2026-02-03 09:51:53,228 - Knowledge - INFO - Fast-tracked /app/data/T0002/210801/b7232xo/odoo-210801/addons/profile_service/__init__.py (ext=.py, size=1081)
2026-02-03 09:51:53,233 - Knowledge - INFO - Worker kw9 processing /app/data/T0002/210801/b7232xo/odoo-210801/addons/hr_timesheet/hr_timesheet_data.xml
2026-02-03 09:51:53,264 - Knowledge - INFO - Worker kw15 processing /app/data/T0002/210801/b7232xo/odoo-210801/addons/l10n_be/account_demo.xml
2026-02-03 09:51:53,343 - Knowledge - INFO - Fast-tracked /app/data/T0002/210801/b7232xo/odoo-210801/addons/hr_timesheet/hr_timesheet_data.xml (ext=.xml, size=319)
2026-02-03 09:51:53,344 - Knowledge - INFO - Worker kw9 processing /app/data/T0002/210801/b7232xo/odoo-210801/addons/hr_timesheet/hr_timesheet_report.xml
2026-02-03 09:51:53,359 - Knowledge - INFO - Fast-tracked /app/data/T0002/210801/b7232xo/odoo-210801/addons/l10n_be/account_demo.xml (ext=.xml, size=5948)
2026-02-03 09:51:53,361 - Knowledge - INFO - Worker kw15 processing /app/data/T0002/210801/b7232xo/odoo-210801/addons/l10n_be/l10n_be_wizard.xml
2026-02-03 09:51:53,380 - Knowledge - INFO - Fast-tracked /app/data/T0002/210801/b7232xo/odoo-210801/addons/hr_timesheet/hr_timesheet_report.xml (ext=.xml, size=1643)
2026-02-03 09:51:53,454 - Knowledge - INFO - Fast-tracked /app/data/T0002/210801/b7232xo/odoo-210801/addons/l10n_be/l10n_be_wizard.xml (ext=.xml, size=2085)
2026-02-03 09:51:53,461 - Knowledge - INFO - process ingested knowledge for /app/data/T0002/210801/b7232xo/odoo-210801/addons/account_reporting/report/account_report_bs.py
2026-02-03 09:51:53,478 - Knowledge - INFO - Fast-tracked /app/data/T0002/210801/b7232xo/odoo-210801/addons/hr_timesheet/__terp__.py (small file (2132 bytes))
2026-02-03 09:51:53,537 - Knowledge - INFO - process ingested knowledge for /app/data/T0002/210801/b7232xo/odoo-210801/addons/report_analytic_planning/report_analytic_planning_view.xml
2026-02-03 09:51:53,543 - Knowledge - INFO - [kw17] Queue=661, InProgress=0, PendingWorkers=20/20, Completed=551/1263 (43.6%)
2026-02-03 09:51:53,551 - Knowledge - INFO - Fast-tracked /app/data/T0002/210801/b7232xo/odoo-210801/addons/hr_timesheet/wizard/wizard_print_timesheet_users.py (small file (2166 bytes))
2026-02-03 09:51:53,592 - Knowledge - INFO - Batch sizing: calculated=8, max_allowed=10, queue=661, active_workers=20/20
2026-02-03 09:51:53,645 - Knowledge - INFO - Async storage completed for 8 embeddings
2026-02-03 09:51:53,828 - Knowledge - INFO - Fast-tracked /app/data/T0002/210801/b7232xo/odoo-210801/addons/hr_timesheet/wizard/wizard_print_timesheet.py (small file (2901 bytes))
2026-02-03 09:51:53,830 - Knowledge - INFO - Async storage completed for 8 embeddings
2026-02-03 09:51:54,124 - Knowledge - INFO - process ingested knowledge for /app/data/T0002/210801/b7232xo/odoo-210801/addons/account_reporting/account_data.xml
2026-02-03 09:51:54,143 - Knowledge - INFO - process ingested knowledge for /app/data/T0002/210801/b7232xo/odoo-210801/addons/board_project/board_project_view.xml
2026-02-03 09:51:54,299 - Knowledge - INFO - [LLM_CALL] Completed: hr_expense.py:chunk1, Duration: 10512ms, PromptTokens: 5552, CompletionTokens: 762, Cost: $0.00086
2026-02-03 09:51:54,302 - Knowledge - INFO - done ingest for /app/data/T0002/210801/b7232xo/odoo-210801/addons/hr_expense/hr_expense.py
2026-02-03 09:51:54,651 - Knowledge - INFO - [kw6] Queue=661, InProgress=0, PendingWorkers=20/20, Completed=552/1263 (43.7%)
2026-02-03 09:51:54,651 - Knowledge - INFO - Batch sizing: calculated=8, max_allowed=10, queue=661, active_workers=20/20
2026-02-03 09:51:54,657 - Knowledge - INFO - process ingested knowledge for /app/data/T0002/210801/b7232xo/odoo-210801/addons/account_reporting/report/__init__.py
2026-02-03 09:51:54,680 - Knowledge - INFO - process ingested knowledge for /app/data/T0002/210801/b7232xo/odoo-210801/addons/report_task/report_task.py
2026-02-03 09:51:55,128 - Knowledge - INFO - Async storing batch of 8 embeddings
2026-02-03 09:51:55,137 - Knowledge - INFO - Worker kw17 processing /app/data/T0002/210801/b7232xo/odoo-210801/addons/l10n_be/l10n_be_sequence.xml
2026-02-03 09:51:55,152 - Knowledge - INFO - Fast-tracked /app/data/T0002/210801/b7232xo/odoo-210801/addons/l10n_be/l10n_be_sequence.xml (ext=.xml, size=949)
2026-02-03 09:51:55,152 - Knowledge - INFO - Worker kw17 processing /app/data/T0002/210801/b7232xo/odoo-210801/addons/l10n_be/company.py
2026-02-03 09:51:55,179 - Knowledge - INFO - Fast-tracked /app/data/T0002/210801/b7232xo/odoo-210801/addons/l10n_be/company.py (ext=.py, size=1758)
2026-02-03 09:51:55,185 - Knowledge - INFO - Worker kw17 processing /app/data/T0002/210801/b7232xo/odoo-210801/addons/l10n_be/__terp__.py
2026-02-03 09:51:55,208 - Knowledge - INFO - Worker kw17 processing /app/data/T0002/210801/b7232xo/odoo-210801/addons/l10n_be/wizard/partner_vat_listing.py
2026-02-03 09:51:55,323 - Knowledge - INFO - Worker kw17 processing /app/data/T0002/210801/b7232xo/odoo-210801/addons/l10n_be/wizard/account_vat_declaration.py
2026-02-03 09:51:55,349 - Knowledge - INFO - Worker kw17 processing /app/data/T0002/210801/b7232xo/odoo-210801/addons/l10n_be/wizard/__init__.py
2026-02-03 09:51:55,373 - Knowledge - INFO - [LLM_CALL] Completed: user_timesheet.py:chunk1, Duration: 9941ms, PromptTokens: 3324, CompletionTokens: 341, Cost: $0.00047
2026-02-03 09:51:55,373 - Knowledge - INFO - done ingest for /app/data/T0002/210801/b7232xo/odoo-210801/addons/hr_timesheet/report/user_timesheet.py
2026-02-03 09:51:55,374 - Knowledge - INFO - Fast-tracked /app/data/T0002/210801/b7232xo/odoo-210801/addons/l10n_be/wizard/__init__.py (ext=.py, size=1139)
2026-02-03 09:51:55,383 - Knowledge - INFO - Worker kw17 processing /app/data/T0002/210801/b7232xo/odoo-210801/addons/l10n_be/wizard/wizard_vat_intra.py
2026-02-03 09:51:55,396 - Knowledge - INFO - Worker kw17 processing /app/data/T0002/210801/b7232xo/odoo-210801/addons/l10n_be/account_pcmn_belgium.xml
2026-02-03 09:51:55,445 - Knowledge - INFO - Fast-tracked /app/data/T0002/210801/b7232xo/odoo-210801/addons/l10n_be/account_pcmn_belgium.xml (ext=.xml, size=364123)
2026-02-03 09:51:55,630 - Knowledge - INFO - Fast-tracked /app/data/T0002/210801/b7232xo/odoo-210801/addons/l10n_be/__terp__.py (small file (2930 bytes))
2026-02-03 09:51:56,024 - Knowledge - INFO - [LLM_CALL] Completed: users_timesheet.py:chunk1, Duration: 10675ms, PromptTokens: 3234, CompletionTokens: 320, Cost: $0.00045
2026-02-03 09:51:56,035 - Knowledge - INFO - done ingest for /app/data/T0002/210801/b7232xo/odoo-210801/addons/hr_timesheet/report/users_timesheet.py
2026-02-03 09:51:56,044 - Knowledge - INFO - process ingested knowledge for /app/data/T0002/210801/b7232xo/odoo-210801/addons/account_reporting/__init__.py
2026-02-03 09:51:56,053 - Knowledge - INFO - process ingested knowledge for /app/data/T0002/210801/b7232xo/odoo-210801/addons/board_project/__init__.py
2026-02-03 09:51:56,070 - Knowledge - INFO - process ingested knowledge for /app/data/T0002/210801/b7232xo/odoo-210801/addons/account_invoice_layout/__terp__.py
2026-02-03 09:51:56,105 - Knowledge - INFO - Async storing batch of 8 embeddings
2026-02-03 09:51:56,113 - Knowledge - INFO - Worker kw6 processing /app/data/T0002/210801/b7232xo/odoo-210801/addons/l10n_be/__init__.py
2026-02-03 09:51:56,141 - Knowledge - INFO - process ingested knowledge for /app/data/T0002/210801/b7232xo/odoo-210801/addons/account_reporting/account_view.xml
2026-02-03 09:51:56,151 - Knowledge - INFO - Fast-tracked /app/data/T0002/210801/b7232xo/odoo-210801/addons/l10n_be/__init__.py (ext=.py, size=1087)
2026-02-03 09:51:56,167 - Knowledge - INFO - Worker kw6 processing /app/data/T0002/210801/b7232xo/odoo-210801/addons/l10n_be/fiscal_templates.xml
2026-02-03 09:51:56,182 - Knowledge - INFO - Fast-tracked /app/data/T0002/210801/b7232xo/odoo-210801/addons/l10n_be/fiscal_templates.xml (ext=.xml, size=10953)
2026-02-03 09:51:56,183 - Knowledge - INFO - Worker kw6 processing /app/data/T0002/210801/b7232xo/odoo-210801/addons/mrp_repair/mrp_repair_wizard.xml
2026-02-03 09:51:56,203 - Knowledge - INFO - Async storage completed for 8 embeddings
2026-02-03 09:51:56,245 - Knowledge - INFO - Fast-tracked /app/data/T0002/210801/b7232xo/odoo-210801/addons/mrp_repair/mrp_repair_wizard.xml (ext=.xml, size=513)
2026-02-03 09:51:56,309 - Knowledge - INFO - Worker kw6 processing /app/data/T0002/210801/b7232xo/odoo-210801/addons/mrp_repair/mrp_repair_sequence.xml
2026-02-03 09:51:56,336 - Knowledge - INFO - Fast-tracked /app/data/T0002/210801/b7232xo/odoo-210801/addons/mrp_repair/mrp_repair_sequence.xml (ext=.xml, size=549)
2026-02-03 09:51:56,369 - Knowledge - INFO - Worker kw6 processing /app/data/T0002/210801/b7232xo/odoo-210801/addons/mrp_repair/mrp_repair.py
2026-02-03 09:51:56,375 - Knowledge - INFO - Worker kw6 processing /app/data/T0002/210801/b7232xo/odoo-210801/addons/mrp_repair/report/order.py
2026-02-03 09:51:56,425 - Knowledge - INFO - Worker kw6 processing /app/data/T0002/210801/b7232xo/odoo-210801/addons/mrp_repair/report/__init__.py
2026-02-03 09:51:56,463 - Knowledge - INFO - Fast-tracked /app/data/T0002/210801/b7232xo/odoo-210801/addons/mrp_repair/report/__init__.py (ext=.py, size=1072)
2026-02-03 09:51:56,465 - Knowledge - INFO - Worker kw6 processing /app/data/T0002/210801/b7232xo/odoo-210801/addons/mrp_repair/mrp_repair_workflow.xml
2026-02-03 09:51:56,543 - Knowledge - INFO - Fast-tracked /app/data/T0002/210801/b7232xo/odoo-210801/addons/mrp_repair/mrp_repair_workflow.xml (ext=.xml, size=9123)
2026-02-03 09:51:56,701 - Knowledge - INFO - Fast-tracked /app/data/T0002/210801/b7232xo/odoo-210801/addons/mrp_repair/report/order.py (small file (2269 bytes))
2026-02-03 09:51:56,767 - Knowledge - INFO - Async storage completed for 8 embeddings
2026-02-03 09:51:58,032 - Knowledge - INFO - process ingested knowledge for /app/data/T0002/210801/b7232xo/odoo-210801/addons/account_reporting/account_report.xml
2026-02-03 09:51:58,063 - Knowledge - INFO - process ingested knowledge for /app/data/T0002/210801/b7232xo/odoo-210801/addons/account_invoice_layout/wizard/invoice_special_message.py
2026-02-03 09:51:58,081 - Knowledge - INFO - process ingested knowledge for /app/data/T0002/210801/b7232xo/odoo-210801/addons/report_task/__init__.py
2026-02-03 09:51:58,565 - Knowledge - INFO - [LLM_CALL] Completed: profile_service.py:chunk1, Duration: 5029ms, PromptTokens: 2920, CompletionTokens: 330, Cost: $0.00042
2026-02-03 09:51:58,566 - Knowledge - INFO - done ingest for /app/data/T0002/210801/b7232xo/odoo-210801/addons/profile_service/profile_service.py
2026-02-03 09:51:59,105 - Knowledge - INFO - [LLM_CALL] Completed: hr_timesheet.py:chunk1, Duration: 13943ms, PromptTokens: 3816, CompletionTokens: 638, Cost: $0.00064
2026-02-03 09:51:59,107 - Knowledge - INFO - done ingest for /app/data/T0002/210801/b7232xo/odoo-210801/addons/hr_timesheet/hr_timesheet.py
2026-02-03 09:51:59,969 - Knowledge - INFO - process ingested knowledge for /app/data/T0002/210801/b7232xo/odoo-210801/addons/project_timesheet/__terp__.py
2026-02-03 09:51:59,975 - Knowledge - INFO - process ingested knowledge for /app/data/T0002/210801/b7232xo/odoo-210801/addons/account_invoice_layout/account_invoice_layout_report.xml
2026-02-03 09:51:59,977 - Knowledge - INFO - [LLM_CALL] Completed: sign_in_out.py:chunk1, Duration: 6324ms, PromptTokens: 4966, CompletionTokens: 512, Cost: $0.00070
2026-02-03 09:51:59,978 - Knowledge - INFO - process ingested knowledge for /app/data/T0002/210801/b7232xo/odoo-210801/addons/account_invoice_layout/wizard/__init__.py
2026-02-03 09:51:59,978 - Knowledge - INFO - process ingested knowledge for /app/data/T0002/210801/b7232xo/odoo-210801/addons/report_task/report_task_view.xml
2026-02-03 09:51:59,983 - Knowledge - INFO - done ingest for /app/data/T0002/210801/b7232xo/odoo-210801/addons/hr_timesheet/wizard/sign_in_out.py
2026-02-03 09:51:59,987 - Knowledge - INFO - [WEBSOCKET] Sent: Type=progress_update, Size: 292, Duration: 0ms
2026-02-03 09:52:00,000 - Knowledge - INFO - [WEBSOCKET] Sent: Type=unknown, Size: ?, Duration: 16ms
2026-02-03 09:52:00,025 - Knowledge - INFO - Progress: 44.0% | Files: 557/1263 | Rate: 2.26 files/sec | Queue: 645
2026-02-03 09:52:02,001 - Knowledge - INFO - process ingested knowledge for /app/data/T0002/210801/b7232xo/odoo-210801/addons/project_timesheet/project_timesheet.py
2026-02-03 09:52:02,029 - Knowledge - INFO - process ingested knowledge for /app/data/T0002/210801/b7232xo/odoo-210801/addons/account_analytic_plans/model_wizard.xml
2026-02-03 09:52:02,051 - Knowledge - INFO - [kw3] Queue=645, InProgress=0, PendingWorkers=20/20, Completed=563/1263 (44.6%)
2026-02-03 09:52:02,087 - Knowledge - INFO - Batch sizing: calculated=8, max_allowed=10, queue=645, active_workers=20/20
2026-02-03 09:52:02,485 - Knowledge - INFO - process ingested knowledge for /app/data/T0002/210801/b7232xo/odoo-210801/addons/account_invoice_layout/account_invoice_layout.py
2026-02-03 09:52:02,502 - Knowledge - INFO - [kw10] Queue=645, InProgress=0, PendingWorkers=20/20, Completed=570/1263 (45.1%)
2026-02-03 09:52:02,505 - Knowledge - INFO - Batch sizing: calculated=8, max_allowed=10, queue=645, active_workers=20/20
2026-02-03 09:52:03,199 - Knowledge - INFO - Processing batch of 8 files
2026-02-03 09:52:03,225 - Knowledge - INFO - Async storing batch of 8 embeddings
2026-02-03 09:52:03,226 - Knowledge - INFO - process ingested knowledge for /app/data/T0002/210801/b7232xo/odoo-210801/addons/base_module_record/base_module_record_wizard.xml
2026-02-03 09:52:03,232 - Knowledge - INFO - process ingested knowledge for /app/data/T0002/210801/b7232xo/odoo-210801/addons/account_invoice_layout/report/special_message_invoice.py
2026-02-03 09:52:03,266 - Knowledge - INFO - Worker kw3 processing /app/data/T0002/210801/b7232xo/odoo-210801/addons/mrp_repair/mrp_repair_view.xml
2026-02-03 09:52:03,267 - Knowledge - INFO - process ingested knowledge for /app/data/T0002/210801/b7232xo/odoo-210801/addons/project_timesheet/__init__.py
2026-02-03 09:52:03,269 - Knowledge - INFO - process ingested knowledge for /app/data/T0002/210801/b7232xo/odoo-210801/addons/account_invoice_layout/__init__.py
2026-02-03 09:52:03,365 - Knowledge - INFO - Fast-tracked /app/data/T0002/210801/b7232xo/odoo-210801/addons/mrp_repair/mrp_repair_view.xml (ext=.xml, size=14803)
2026-02-03 09:52:03,405 - Knowledge - INFO - Worker kw3 processing /app/data/T0002/210801/b7232xo/odoo-210801/addons/mrp_repair/__terp__.py
2026-02-03 09:52:03,436 - Knowledge - INFO - Fast-tracked /app/data/T0002/210801/b7232xo/odoo-210801/addons/mrp_repair/__terp__.py (ext=.py, size=1988)
2026-02-03 09:52:03,444 - Knowledge - INFO - Worker kw3 processing /app/data/T0002/210801/b7232xo/odoo-210801/addons/mrp_repair/wizard/wizard_make_invoice.py
2026-02-03 09:52:03,475 - Knowledge - INFO - Worker kw3 processing /app/data/T0002/210801/b7232xo/odoo-210801/addons/mrp_repair/wizard/__init__.py
2026-02-03 09:52:03,524 - Knowledge - INFO - Fast-tracked /app/data/T0002/210801/b7232xo/odoo-210801/addons/mrp_repair/wizard/__init__.py (ext=.py, size=1113)
2026-02-03 09:52:03,529 - Knowledge - INFO - Worker kw3 processing /app/data/T0002/210801/b7232xo/odoo-210801/addons/mrp_repair/wizard/wizard_cancel_repair.py
2026-02-03 09:52:03,559 - Knowledge - INFO - Worker kw3 processing /app/data/T0002/210801/b7232xo/odoo-210801/addons/mrp_repair/mrp_repair_report.xml
2026-02-03 09:52:03,572 - Knowledge - INFO - Fast-tracked /app/data/T0002/210801/b7232xo/odoo-210801/addons/mrp_repair/mrp_repair_report.xml (ext=.xml, size=242)
2026-02-03 09:52:03,630 - Knowledge - INFO - Worker kw3 processing /app/data/T0002/210801/b7232xo/odoo-210801/addons/mrp_repair/__init__.py
2026-02-03 09:52:03,637 - Knowledge - INFO - Async storing batch of 8 embeddings
2026-02-03 09:52:03,648 - Knowledge - INFO - Worker kw10 processing /app/data/T0002/210801/b7232xo/odoo-210801/addons/l10n_chart_uk_minimal/account_tax.xml
2026-02-03 09:52:03,654 - Knowledge - INFO - Fast-tracked /app/data/T0002/210801/b7232xo/odoo-210801/addons/mrp_repair/__init__.py (ext=.py, size=1105)
2026-02-03 09:52:03,660 - Knowledge - INFO - Worker kw3 processing /app/data/T0002/210801/b7232xo/odoo-210801/addons/l10n_chart_uk_minimal/account_types.xml
2026-02-03 09:52:03,668 - Knowledge - INFO - Fast-tracked /app/data/T0002/210801/b7232xo/odoo-210801/addons/l10n_chart_uk_minimal/account_tax.xml (ext=.xml, size=11739)
2026-02-03 09:52:03,678 - Knowledge - INFO - Fast-tracked /app/data/T0002/210801/b7232xo/odoo-210801/addons/l10n_chart_uk_minimal/account_types.xml (ext=.xml, size=2057)
2026-02-03 09:52:03,723 - Knowledge - INFO - Worker kw10 processing /app/data/T0002/210801/b7232xo/odoo-210801/addons/l10n_chart_uk_minimal/__terp__.py
2026-02-03 09:52:03,786 - Knowledge - INFO - Worker kw10 processing /app/data/T0002/210801/b7232xo/odoo-210801/addons/l10n_chart_uk_minimal/l10n_uk_wizard.xml
2026-02-03 09:52:03,803 - Knowledge - INFO - Fast-tracked /app/data/T0002/210801/b7232xo/odoo-210801/addons/l10n_chart_uk_minimal/l10n_uk_wizard.xml (ext=.xml, size=868)
2026-02-03 09:52:03,803 - Knowledge - INFO - Fast-tracked /app/data/T0002/210801/b7232xo/odoo-210801/addons/mrp_repair/wizard/wizard_make_invoice.py (small file (2667 bytes))
2026-02-03 09:52:03,823 - Knowledge - INFO - Worker kw10 processing /app/data/T0002/210801/b7232xo/odoo-210801/addons/l10n_chart_uk_minimal/account_chart.xml
2026-02-03 09:52:03,929 - Knowledge - INFO - Fast-tracked /app/data/T0002/210801/b7232xo/odoo-210801/addons/l10n_chart_uk_minimal/account_chart.xml (ext=.xml, size=7928)
2026-02-03 09:52:03,929 - Knowledge - INFO - Worker kw10 processing /app/data/T0002/210801/b7232xo/odoo-210801/addons/l10n_chart_uk_minimal/__init__.py
2026-02-03 09:52:03,937 - Knowledge - INFO - Fast-tracked /app/data/T0002/210801/b7232xo/odoo-210801/addons/l10n_chart_uk_minimal/__init__.py (ext=.py, size=1513)
2026-02-03 09:52:03,938 - Knowledge - INFO - Worker kw10 processing /app/data/T0002/210801/b7232xo/odoo-210801/addons/product/product_wizard.xml
2026-02-03 09:52:03,948 - Knowledge - INFO - Fast-tracked /app/data/T0002/210801/b7232xo/odoo-210801/addons/mrp_repair/wizard/wizard_cancel_repair.py (small file (2877 bytes))
2026-02-03 09:52:03,948 - Knowledge - INFO - Async storage completed for 8 embeddings
2026-02-03 09:52:03,961 - Knowledge - INFO - Fast-tracked /app/data/T0002/210801/b7232xo/odoo-210801/addons/product/product_wizard.xml (ext=.xml, size=216)
2026-02-03 09:52:03,962 - Knowledge - INFO - Worker kw10 processing /app/data/T0002/210801/b7232xo/odoo-210801/addons/product/pricelist_view.xml
2026-02-03 09:52:04,001 - Knowledge - INFO - Fast-tracked /app/data/T0002/210801/b7232xo/odoo-210801/addons/product/pricelist_view.xml (ext=.xml, size=9570)
2026-02-03 09:52:04,023 - Knowledge - INFO - Worker kw10 processing /app/data/T0002/210801/b7232xo/odoo-210801/addons/product/security/product_security.xml
2026-02-03 09:52:04,070 - Knowledge - INFO - Fast-tracked /app/data/T0002/210801/b7232xo/odoo-210801/addons/product/security/product_security.xml (ext=.xml, size=342)
2026-02-03 09:52:04,131 - Knowledge - INFO - [LLM_CALL] Completed: partner_vat_listing.py:chunk1, Duration: 8326ms, PromptTokens: 6058, CompletionTokens: 431, Cost: $0.00078
2026-02-03 09:52:04,131 - Knowledge - INFO - done ingest for /app/data/T0002/210801/b7232xo/odoo-210801/addons/l10n_be/wizard/partner_vat_listing.py
2026-02-03 09:52:04,379 - Knowledge - INFO - Async storage completed for 8 embeddings
2026-02-03 09:52:04,583 - Knowledge - INFO - [kw8] Queue=629, InProgress=0, PendingWorkers=20/20, Completed=576/1263 (45.6%)
2026-02-03 09:52:04,614 - Knowledge - INFO - Batch sizing: calculated=8, max_allowed=10, queue=629, active_workers=20/20
2026-02-03 09:52:04,937 - Knowledge - INFO - process ingested knowledge for /app/data/T0002/210801/b7232xo/odoo-210801/addons/base_module_record/__init__.py
2026-02-03 09:52:04,987 - Knowledge - INFO - process ingested knowledge for /app/data/T0002/210801/b7232xo/odoo-210801/addons/account_invoice_layout/account_invoice_layout_view.xml
2026-02-03 09:52:05,030 - Knowledge - INFO - [LLM_CALL] Completed: account_vat_declaration.py:chunk1, Duration: 9064ms, PromptTokens: 4264, CompletionTokens: 393, Cost: $0.00058
2026-02-03 09:52:05,040 - Knowledge - INFO - done ingest for /app/data/T0002/210801/b7232xo/odoo-210801/addons/l10n_be/wizard/account_vat_declaration.py
2026-02-03 09:52:05,595 - Knowledge - INFO - [LLM_CALL] Completed: wizard_vat_intra.py:chunk1, Duration: 9445ms, PromptTokens: 5374, CompletionTokens: 367, Cost: $0.00068
2026-02-03 09:52:05,596 - Knowledge - INFO - done ingest for /app/data/T0002/210801/b7232xo/odoo-210801/addons/l10n_be/wizard/wizard_vat_intra.py
2026-02-03 09:52:06,058 - Knowledge - INFO - Async storing batch of 8 embeddings
2026-02-03 09:52:06,103 - Knowledge - INFO - Worker kw8 processing /app/data/T0002/210801/b7232xo/odoo-210801/addons/product/product.py
2026-02-03 09:52:06,137 - Knowledge - INFO - Worker kw8 processing /app/data/T0002/210801/b7232xo/odoo-210801/addons/product/product_demo.xml
2026-02-03 09:52:06,166 - Knowledge - INFO - Fast-tracked /app/data/T0002/210801/b7232xo/odoo-210801/addons/product/product_demo.xml (ext=.xml, size=25628)
2026-02-03 09:52:06,175 - Knowledge - INFO - Worker kw8 processing /app/data/T0002/210801/b7232xo/odoo-210801/addons/product/report/product_pricelist.py
2026-02-03 09:52:06,195 - Knowledge - INFO - Worker kw8 processing /app/data/T0002/210801/b7232xo/odoo-210801/addons/product/report/pricelist.py
2026-02-03 09:52:06,218 - Knowledge - INFO - Worker kw8 processing /app/data/T0002/210801/b7232xo/odoo-210801/addons/product/report/__init__.py
2026-02-03 09:52:06,239 - Knowledge - INFO - Fast-tracked /app/data/T0002/210801/b7232xo/odoo-210801/addons/product/report/__init__.py (ext=.py, size=1083)
2026-02-03 09:52:06,246 - Knowledge - INFO - Worker kw8 processing /app/data/T0002/210801/b7232xo/odoo-210801/addons/product/report/product_label.xml
2026-02-03 09:52:06,275 - Knowledge - INFO - Fast-tracked /app/data/T0002/210801/b7232xo/odoo-210801/addons/product/report/product_label.xml (ext=.xml, size=406)
2026-02-03 09:52:06,275 - Knowledge - INFO - Worker kw8 processing /app/data/T0002/210801/b7232xo/odoo-210801/addons/product/product_view.xml
2026-02-03 09:52:06,287 - Knowledge - INFO - Fast-tracked /app/data/T0002/210801/b7232xo/odoo-210801/addons/product/product_view.xml (ext=.xml, size=28238)
2026-02-03 09:52:06,288 - Knowledge - INFO - Worker kw8 processing /app/data/T0002/210801/b7232xo/odoo-210801/addons/product/pricelist.py
2026-02-03 09:52:06,400 - Knowledge - INFO - process ingested knowledge for /app/data/T0002/210801/b7232xo/odoo-210801/addons/product_margin/__terp__.py
2026-02-03 09:52:06,473 - Knowledge - INFO - [WEBSOCKET] Sent: Type=progress_update, Size: 293, Duration: 0ms
2026-02-03 09:52:06,509 - Knowledge - INFO - [WEBSOCKET] Sent: Type=unknown, Size: ?, Duration: 36ms
2026-02-03 09:52:06,510 - Knowledge - INFO - Progress: 46.4% | Files: 588/1263 | Rate: 2.32 files/sec | Queue: 621
2026-02-03 09:52:06,703 - Knowledge - INFO - Async storage completed for 8 embeddings
2026-02-03 09:52:07,150 - Knowledge - INFO - process ingested knowledge for /app/data/T0002/210801/b7232xo/odoo-210801/addons/product_margin/wizard/wizard_product_margin.py
2026-02-03 09:52:07,227 - Knowledge - INFO - [LLM_CALL] Completed: __terp__.py:chunk1, Duration: 3019ms, PromptTokens: 2640, CompletionTokens: 218, Cost: $0.00035
2026-02-03 09:52:07,232 - Knowledge - INFO - done ingest for /app/data/T0002/210801/b7232xo/odoo-210801/addons/l10n_chart_uk_minimal/__terp__.py
2026-02-03 09:52:07,867 - Knowledge - INFO - [kw12] Queue=621, InProgress=0, PendingWorkers=20/20, Completed=593/1263 (47.0%)
2026-02-03 09:52:07,872 - Knowledge - INFO - Batch sizing: calculated=8, max_allowed=10, queue=621, active_workers=20/20
2026-02-03 09:52:08,274 - Knowledge - INFO - Processing batch of 8 files
2026-02-03 09:52:08,277 - Knowledge - INFO - [kw11] Queue=621, InProgress=0, PendingWorkers=20/20, Completed=598/1263 (47.3%)
2026-02-03 09:52:08,278 - Knowledge - INFO - process ingested knowledge for /app/data/T0002/210801/b7232xo/odoo-210801/addons/hr_expense/hr_expense.py
2026-02-03 09:52:08,307 - Knowledge - INFO - Batch sizing: calculated=8, max_allowed=10, queue=621, active_workers=20/20
2026-02-03 09:52:09,727 - Knowledge - INFO - Async storing batch of 8 embeddings
2026-02-03 09:52:09,730 - Knowledge - INFO - Worker kw12 processing /app/data/T0002/210801/b7232xo/odoo-210801/addons/product/__terp__.py
2026-02-03 09:52:09,742 - Knowledge - INFO - Worker kw12 processing /app/data/T0002/210801/b7232xo/odoo-210801/addons/product/wizard/wizard_price.py
2026-02-03 09:52:09,829 - Knowledge - INFO - Worker kw12 processing /app/data/T0002/210801/b7232xo/odoo-210801/addons/product/wizard/__init__.py
2026-02-03 09:52:09,851 - Knowledge - INFO - Fast-tracked /app/data/T0002/210801/b7232xo/odoo-210801/addons/product/wizard/__init__.py (ext=.py, size=1078)
2026-02-03 09:52:09,860 - Knowledge - INFO - Worker kw12 processing /app/data/T0002/210801/b7232xo/odoo-210801/addons/product/product_data.xml
2026-02-03 09:52:09,889 - Knowledge - INFO - Fast-tracked /app/data/T0002/210801/b7232xo/odoo-210801/addons/product/product_data.xml (ext=.xml, size=3091)
2026-02-03 09:52:09,890 - Knowledge - INFO - Worker kw12 processing /app/data/T0002/210801/b7232xo/odoo-210801/addons/product/partner_view.xml
2026-02-03 09:52:09,927 - Knowledge - INFO - Fast-tracked /app/data/T0002/210801/b7232xo/odoo-210801/addons/product/partner_view.xml (ext=.xml, size=804)
2026-02-03 09:52:09,941 - Knowledge - INFO - Worker kw12 processing /app/data/T0002/210801/b7232xo/odoo-210801/addons/product/partner.py
2026-02-03 09:52:09,969 - Knowledge - INFO - Fast-tracked /app/data/T0002/210801/b7232xo/odoo-210801/addons/product/partner.py (ext=.py, size=1637)
2026-02-03 09:52:09,981 - Knowledge - INFO - Worker kw12 processing /app/data/T0002/210801/b7232xo/odoo-210801/addons/product/product_report.xml
2026-02-03 09:52:09,997 - Knowledge - INFO - Fast-tracked /app/data/T0002/210801/b7232xo/odoo-210801/addons/product/product_report.xml (ext=.xml, size=560)
2026-02-03 09:52:09,997 - Knowledge - INFO - Worker kw12 processing /app/data/T0002/210801/b7232xo/odoo-210801/addons/product/__init__.py
2026-02-03 09:52:10,021 - Knowledge - INFO - Fast-tracked /app/data/T0002/210801/b7232xo/odoo-210801/addons/product/__init__.py (ext=.py, size=1133)
2026-02-03 09:52:10,065 - Knowledge - INFO - Processing batch of 8 files
2026-02-03 09:52:10,089 - Knowledge - INFO - process ingested knowledge for /app/data/T0002/210801/b7232xo/odoo-210801/addons/hr_timesheet/__init__.py
2026-02-03 09:52:10,136 - Knowledge - INFO - Fast-tracked /app/data/T0002/210801/b7232xo/odoo-210801/addons/product/__terp__.py (small file (2312 bytes))
2026-02-03 09:52:10,194 - Knowledge - INFO - Fast-tracked /app/data/T0002/210801/b7232xo/odoo-210801/addons/product/wizard/wizard_price.py (small file (2285 bytes))
2026-02-03 09:52:10,194 - Knowledge - INFO - Async storage completed for 8 embeddings
2026-02-03 09:52:10,335 - Knowledge - INFO - Processing batch of 8 files
2026-02-03 09:52:10,349 - Knowledge - INFO - process ingested knowledge for /app/data/T0002/210801/b7232xo/odoo-210801/addons/account_analytic_plans/__init__.py
2026-02-03 09:52:10,623 - Knowledge - INFO - process ingested knowledge for /app/data/T0002/210801/b7232xo/odoo-210801/addons/product_margin/wizard/__init__.py
2026-02-03 09:52:10,645 - Knowledge - INFO - process ingested knowledge for /app/data/T0002/210801/b7232xo/odoo-210801/addons/hr_expense/hr_expense_sequence.xml
2026-02-03 09:52:11,445 - Knowledge - INFO - Processing batch of 8 files
2026-02-03 09:52:11,450 - Knowledge - INFO - process ingested knowledge for /app/data/T0002/210801/b7232xo/odoo-210801/addons/hr_timesheet/hr_timesheet_view.xml
2026-02-03 09:52:11,491 - Knowledge - INFO - Processing batch of 8 files
2026-02-03 09:52:11,497 - Knowledge - INFO - process ingested knowledge for /app/data/T0002/210801/b7232xo/odoo-210801/addons/hr_expense/__init__.py
2026-02-03 09:52:11,851 - Knowledge - INFO - process ingested knowledge for /app/data/T0002/210801/b7232xo/odoo-210801/addons/hr_timesheet/process/hr_timesheet_process.xml
2026-02-03 09:52:12,139 - Knowledge - INFO - process ingested knowledge for /app/data/T0002/210801/b7232xo/odoo-210801/addons/account_analytic_plans/account_analytic_plans_view.xml
2026-02-03 09:52:12,149 - Knowledge - INFO - process ingested knowledge for /app/data/T0002/210801/b7232xo/odoo-210801/addons/product_margin/product_margin.py
2026-02-03 09:52:12,156 - Knowledge - INFO - process ingested knowledge for /app/data/T0002/210801/b7232xo/odoo-210801/addons/hr_expense/report/__init__.py
2026-02-03 09:52:12,163 - Knowledge - INFO - [WEBSOCKET] Sent: Type=progress_update, Size: 291, Duration: 0ms
2026-02-03 09:52:12,171 - Knowledge - INFO - process ingested knowledge for /app/data/T0002/210801/b7232xo/odoo-210801/addons/hr_timesheet/__terp__.py
2026-02-03 09:52:12,176 - Knowledge - INFO - [WEBSOCKET] Sent: Type=unknown, Size: ?, Duration: 12ms
2026-02-03 09:52:12,176 - Knowledge - INFO - Progress: 48.5% | Files: 614/1263 | Rate: 2.37 files/sec | Queue: 613
2026-02-03 09:52:12,548 - Knowledge - INFO - process ingested knowledge for /app/data/T0002/210801/b7232xo/odoo-210801/addons/profile_service/profile_service.xml
2026-02-03 09:52:12,853 - Knowledge - INFO - process ingested knowledge for /app/data/T0002/210801/b7232xo/odoo-210801/addons/base_module_record/__terp__.py
2026-02-03 09:52:13,358 - Knowledge - INFO - process ingested knowledge for /app/data/T0002/210801/b7232xo/odoo-210801/addons/product_margin/__init__.py
2026-02-03 09:52:13,380 - Knowledge - INFO - process ingested knowledge for /app/data/T0002/210801/b7232xo/odoo-210801/addons/hr_expense/report/expense.py
2026-02-03 09:52:13,469 - Knowledge - INFO - process ingested knowledge for /app/data/T0002/210801/b7232xo/odoo-210801/addons/hr_timesheet/wizard/wizard_print_timesheet_users.py
2026-02-03 09:52:13,965 - Knowledge - INFO - Async storing batch of 8 embeddings
2026-02-03 09:52:13,971 - Knowledge - INFO - Worker kw11 processing /app/data/T0002/210801/b7232xo/odoo-210801/addons/product/_common.py
2026-02-03 09:52:13,972 - Knowledge - INFO - process ingested knowledge for /app/data/T0002/210801/b7232xo/odoo-210801/addons/profile_service/profile_service.py
2026-02-03 09:52:14,023 - Knowledge - INFO - Fast-tracked /app/data/T0002/210801/b7232xo/odoo-210801/addons/product/_common.py (ext=.py, size=1139)
2026-02-03 09:52:14,029 - Knowledge - INFO - Worker kw11 processing /app/data/T0002/210801/b7232xo/odoo-210801/addons/product/process/product_process.xml
2026-02-03 09:52:14,057 - Knowledge - INFO - Fast-tracked /app/data/T0002/210801/b7232xo/odoo-210801/addons/product/process/product_process.xml (ext=.xml, size=2587)
2026-02-03 09:52:14,065 - Knowledge - INFO - Worker kw11 processing /app/data/T0002/210801/b7232xo/odoo-210801/addons/mrp_subproduct/mrp_subproduct.py
2026-02-03 09:52:14,080 - Knowledge - INFO - [LLM_CALL] Completed: mrp_repair.py:chunk1, Duration: 17456ms, PromptTokens: 14526, CompletionTokens: 1472, Cost: $0.00204
2026-02-03 09:52:14,087 - Knowledge - INFO - Worker kw11 processing /app/data/T0002/210801/b7232xo/odoo-210801/addons/mrp_subproduct/mrp_subproduct_view.xml
2026-02-03 09:52:14,088 - Knowledge - INFO - done ingest for /app/data/T0002/210801/b7232xo/odoo-210801/addons/mrp_repair/mrp_repair.py
2026-02-03 09:52:14,127 - Knowledge - INFO - Fast-tracked /app/data/T0002/210801/b7232xo/odoo-210801/addons/mrp_subproduct/mrp_subproduct_view.xml (ext=.xml, size=1443)
2026-02-03 09:52:14,144 - Knowledge - INFO - Worker kw11 processing /app/data/T0002/210801/b7232xo/odoo-210801/addons/mrp_subproduct/__terp__.py
2026-02-03 09:52:14,250 - Knowledge - INFO - Fast-tracked /app/data/T0002/210801/b7232xo/odoo-210801/addons/mrp_subproduct/__terp__.py (ext=.py, size=1704)
2026-02-03 09:52:14,252 - Knowledge - INFO - Worker kw11 processing /app/data/T0002/210801/b7232xo/odoo-210801/addons/mrp_subproduct/__init__.py
2026-02-03 09:52:14,262 - Knowledge - INFO - Fast-tracked /app/data/T0002/210801/b7232xo/odoo-210801/addons/mrp_subproduct/__init__.py (ext=.py, size=1078)
2026-02-03 09:52:14,262 - Knowledge - INFO - Worker kw11 processing /app/data/T0002/210801/b7232xo/odoo-210801/addons/crm_configuration/crm_config_view.xml
2026-02-03 09:52:14,272 - Knowledge - INFO - Fast-tracked /app/data/T0002/210801/b7232xo/odoo-210801/addons/crm_configuration/crm_config_view.xml (ext=.xml, size=4604)
2026-02-03 09:52:14,272 - Knowledge - INFO - Worker kw11 processing /app/data/T0002/210801/b7232xo/odoo-210801/addons/crm_configuration/crm_phonecall_view.xml
2026-02-03 09:52:14,302 - Knowledge - INFO - Fast-tracked /app/data/T0002/210801/b7232xo/odoo-210801/addons/crm_configuration/crm_phonecall_view.xml (ext=.xml, size=6895)
2026-02-03 09:52:14,341 - Knowledge - INFO - Processing batch of 8 files
2026-02-03 09:52:14,351 - Knowledge - INFO - process ingested knowledge for /app/data/T0002/210801/b7232xo/odoo-210801/addons/account_analytic_plans/account_analytic_plans_report.xml
2026-02-03 09:52:14,474 - Knowledge - INFO - Async storage completed for 8 embeddings
2026-02-03 09:52:14,579 - Knowledge - INFO - process ingested knowledge for /app/data/T0002/210801/b7232xo/odoo-210801/addons/base_module_record/wizard/base_module_record_objects.py
2026-02-03 09:52:14,582 - Knowledge - INFO - process ingested knowledge for /app/data/T0002/210801/b7232xo/odoo-210801/addons/hr_expense/process/hr_expense_process.xml
2026-02-03 09:52:14,584 - Knowledge - INFO - [kw14] Queue=605, InProgress=0, PendingWorkers=20/20, Completed=620/1263 (49.1%)
2026-02-03 09:52:14,599 - Knowledge - INFO - Batch sizing: calculated=8, max_allowed=10, queue=605, active_workers=20/20
2026-02-03 09:52:14,611 - Knowledge - INFO - process ingested knowledge for /app/data/T0002/210801/b7232xo/odoo-210801/addons/hr_timesheet/wizard/sign_in_out.py
2026-02-03 09:52:15,082 - Knowledge - INFO - process ingested knowledge for /app/data/T0002/210801/b7232xo/odoo-210801/addons/profile_service/__terp__.py
2026-02-03 09:52:15,083 - Knowledge - INFO - [kw1] Queue=605, InProgress=0, PendingWorkers=20/20, Completed=622/1263 (49.2%)
2026-02-03 09:52:15,094 - Knowledge - INFO - process ingested knowledge for /app/data/T0002/210801/b7232xo/odoo-210801/addons/account_analytic_plans/report/crossovered_analytic.py
2026-02-03 09:52:15,100 - Knowledge - INFO - Batch sizing: calculated=8, max_allowed=10, queue=605, active_workers=20/20
2026-02-03 09:52:15,482 - Knowledge - INFO - process ingested knowledge for /app/data/T0002/210801/b7232xo/odoo-210801/addons/product_margin/product_margin_view.xml
2026-02-03 09:52:15,496 - Knowledge - INFO - process ingested knowledge for /app/data/T0002/210801/b7232xo/odoo-210801/addons/base_module_record/wizard/base_module_save.py
2026-02-03 09:52:15,497 - Knowledge - INFO - process ingested knowledge for /app/data/T0002/210801/b7232xo/odoo-210801/addons/hr_timesheet/hr_timesheet_wizard.xml
2026-02-03 09:52:15,511 - Knowledge - INFO - process ingested knowledge for /app/data/T0002/210801/b7232xo/odoo-210801/addons/hr_timesheet/wizard/wizard_print_timesheet.py
2026-02-03 09:52:16,044 - Knowledge - INFO - [LLM_CALL] Completed: pricelist.py:chunk1, Duration: 9352ms, PromptTokens: 3068, CompletionTokens: 353, Cost: $0.00045
2026-02-03 09:52:16,062 - Knowledge - INFO - done ingest for /app/data/T0002/210801/b7232xo/odoo-210801/addons/product/report/pricelist.py
2026-02-03 09:52:16,269 - Knowledge - INFO - process ingested knowledge for /app/data/T0002/210801/b7232xo/odoo-210801/addons/profile_service/__init__.py
2026-02-03 09:52:16,283 - Knowledge - INFO - process ingested knowledge for /app/data/T0002/210801/b7232xo/odoo-210801/addons/account_analytic_plans/report/__init__.py
2026-02-03 09:52:16,650 - Knowledge - INFO - Async storing batch of 8 embeddings
2026-02-03 09:52:16,650 - Knowledge - INFO - Processing batch of 8 files
2026-02-03 09:52:16,663 - Knowledge - INFO - process ingested knowledge for /app/data/T0002/210801/b7232xo/odoo-210801/addons/base_module_record/wizard/base_module_record.py
2026-02-03 09:52:16,665 - Knowledge - INFO - process ingested knowledge for /app/data/T0002/210801/b7232xo/odoo-210801/addons/hr_timesheet/wizard/__init__.py
2026-02-03 09:52:16,665 - Knowledge - INFO - process ingested knowledge for /app/data/T0002/210801/b7232xo/odoo-210801/addons/l10n_chart_uk_minimal/account_tax.xml
2026-02-03 09:52:16,666 - Knowledge - INFO - Worker kw14 processing /app/data/T0002/210801/b7232xo/odoo-210801/addons/crm_configuration/crm_lead_view.xml
2026-02-03 09:52:16,740 - Knowledge - INFO - Fast-tracked /app/data/T0002/210801/b7232xo/odoo-210801/addons/crm_configuration/crm_lead_view.xml (ext=.xml, size=7937)
2026-02-03 09:52:16,744 - Knowledge - INFO - Worker kw14 processing /app/data/T0002/210801/b7232xo/odoo-210801/addons/crm_configuration/crm_configuration_wizard.xml
2026-02-03 09:52:16,783 - Knowledge - INFO - Fast-tracked /app/data/T0002/210801/b7232xo/odoo-210801/addons/crm_configuration/crm_configuration_wizard.xml (ext=.xml, size=794)
2026-02-03 09:52:16,789 - Knowledge - INFO - Worker kw14 processing /app/data/T0002/210801/b7232xo/odoo-210801/addons/crm_configuration/crm_jobs_view.xml
2026-02-03 09:52:16,828 - Knowledge - INFO - Fast-tracked /app/data/T0002/210801/b7232xo/odoo-210801/addons/crm_configuration/crm_jobs_view.xml (ext=.xml, size=8287)
2026-02-03 09:52:16,834 - Knowledge - INFO - Worker kw14 processing /app/data/T0002/210801/b7232xo/odoo-210801/addons/crm_configuration/crm_helpdesk_menu.xml
2026-02-03 09:52:16,868 - Knowledge - INFO - Fast-tracked /app/data/T0002/210801/b7232xo/odoo-210801/addons/crm_configuration/crm_helpdesk_menu.xml (ext=.xml, size=20354)
2026-02-03 09:52:16,869 - Knowledge - INFO - Worker kw14 processing /app/data/T0002/210801/b7232xo/odoo-210801/addons/crm_configuration/crm_helpdesk_demo.xml
2026-02-03 09:52:16,876 - Knowledge - INFO - Fast-tracked /app/data/T0002/210801/b7232xo/odoo-210801/addons/crm_configuration/crm_helpdesk_demo.xml (ext=.xml, size=72)
2026-02-03 09:52:16,876 - Knowledge - INFO - Worker kw14 processing /app/data/T0002/210801/b7232xo/odoo-210801/addons/crm_configuration/report/crm_report.py
2026-02-03 09:52:16,880 - Knowledge - INFO - Worker kw14 processing /app/data/T0002/210801/b7232xo/odoo-210801/addons/crm_configuration/report/__init__.py
2026-02-03 09:52:16,909 - Knowledge - INFO - Fast-tracked /app/data/T0002/210801/b7232xo/odoo-210801/addons/crm_configuration/report/__init__.py (ext=.py, size=1075)
2026-02-03 09:52:16,910 - Knowledge - INFO - Worker kw14 processing /app/data/T0002/210801/b7232xo/odoo-210801/addons/crm_configuration/crm_jobs_demo.xml
2026-02-03 09:52:16,927 - Knowledge - INFO - Fast-tracked /app/data/T0002/210801/b7232xo/odoo-210801/addons/crm_configuration/crm_jobs_demo.xml (ext=.xml, size=7786)
2026-02-03 09:52:17,073 - Knowledge - INFO - Processing batch of 8 files
2026-02-03 09:52:17,081 - Knowledge - INFO - Async storing batch of 8 embeddings
2026-02-03 09:52:17,081 - Knowledge - INFO - process ingested knowledge for /app/data/T0002/210801/b7232xo/odoo-210801/addons/mrp_repair/mrp_repair_view.xml
2026-02-03 09:52:17,093 - Knowledge - INFO - process ingested knowledge for /app/data/T0002/210801/b7232xo/odoo-210801/addons/hr_expense/hr_expense_view.xml
2026-02-03 09:52:17,131 - Knowledge - INFO - Worker kw1 processing /app/data/T0002/210801/b7232xo/odoo-210801/addons/crm_configuration/crm_claims_data.xml
2026-02-03 09:52:17,155 - Knowledge - INFO - Async storage completed for 8 embeddings
2026-02-03 09:52:17,199 - Knowledge - INFO - Fast-tracked /app/data/T0002/210801/b7232xo/odoo-210801/addons/crm_configuration/crm_claims_data.xml (ext=.xml, size=1929)
2026-02-03 09:52:17,249 - Knowledge - INFO - Worker kw1 processing /app/data/T0002/210801/b7232xo/odoo-210801/addons/crm_configuration/crm_jobs_menu.xml
2026-02-03 09:52:17,268 - Knowledge - INFO - Fast-tracked /app/data/T0002/210801/b7232xo/odoo-210801/addons/crm_configuration/crm_jobs_menu.xml (ext=.xml, size=24012)
2026-02-03 09:52:17,288 - Knowledge - INFO - Worker kw1 processing /app/data/T0002/210801/b7232xo/odoo-210801/addons/crm_configuration/crm_meeting_data.xml
2026-02-03 09:52:17,354 - Knowledge - INFO - Fast-tracked /app/data/T0002/210801/b7232xo/odoo-210801/addons/crm_configuration/crm_meeting_data.xml (ext=.xml, size=2288)
2026-02-03 09:52:17,366 - Knowledge - INFO - Worker kw1 processing /app/data/T0002/210801/b7232xo/odoo-210801/addons/crm_configuration/crm_phonecall_demo.xml
2026-02-03 09:52:17,372 - Knowledge - INFO - process ingested knowledge for /app/data/T0002/210801/b7232xo/odoo-210801/addons/account_analytic_plans/__terp__.py
2026-02-03 09:52:17,396 - Knowledge - INFO - Fast-tracked /app/data/T0002/210801/b7232xo/odoo-210801/addons/crm_configuration/crm_phonecall_demo.xml (ext=.xml, size=5270)
2026-02-03 09:52:17,397 - Knowledge - INFO - process ingested knowledge for /app/data/T0002/210801/b7232xo/odoo-210801/addons/hr_timesheet/hr_timesheet.py
2026-02-03 09:52:17,415 - Knowledge - INFO - Worker kw1 processing /app/data/T0002/210801/b7232xo/odoo-210801/addons/crm_configuration/crm_bugs_data.xml
2026-02-03 09:52:17,465 - Knowledge - INFO - Fast-tracked /app/data/T0002/210801/b7232xo/odoo-210801/addons/crm_configuration/crm_bugs_data.xml (ext=.xml, size=2523)
2026-02-03 09:52:17,472 - Knowledge - INFO - Worker kw1 processing /app/data/T0002/210801/b7232xo/odoo-210801/addons/crm_configuration/crm_lead_menu.xml
2026-02-03 09:52:17,491 - Knowledge - INFO - Fast-tracked /app/data/T0002/210801/b7232xo/odoo-210801/addons/crm_configuration/crm_lead_menu.xml (ext=.xml, size=17005)
2026-02-03 09:52:17,562 - Knowledge - INFO - Worker kw1 processing /app/data/T0002/210801/b7232xo/odoo-210801/addons/crm_configuration/crm_phonecall_menu.xml
2026-02-03 09:52:17,590 - Knowledge - INFO - Fast-tracked /app/data/T0002/210801/b7232xo/odoo-210801/addons/crm_configuration/crm_phonecall_menu.xml (ext=.xml, size=13301)
2026-02-03 09:52:17,596 - Knowledge - INFO - Worker kw1 processing /app/data/T0002/210801/b7232xo/odoo-210801/addons/crm_configuration/crm_lead_demo.xml
2026-02-03 09:52:17,623 - Knowledge - INFO - Fast-tracked /app/data/T0002/210801/b7232xo/odoo-210801/addons/crm_configuration/crm_lead_demo.xml (ext=.xml, size=7219)
2026-02-03 09:52:17,634 - Knowledge - INFO - Async storage completed for 8 embeddings
2026-02-03 09:52:17,750 - Knowledge - INFO - process ingested knowledge for /app/data/T0002/210801/b7232xo/odoo-210801/addons/base_module_record/wizard/__init__.py
2026-02-03 09:52:17,761 - Knowledge - INFO - process ingested knowledge for /app/data/T0002/210801/b7232xo/odoo-210801/addons/hr_timesheet/hr_timesheet_data.xml
2026-02-03 09:52:17,876 - Knowledge - INFO - done ingest for /app/data/T0002/210801/b7232xo/odoo-210801/addons/product/pricelist.py
2026-02-03 09:52:18,152 - Knowledge - INFO - process ingested knowledge for /app/data/T0002/210801/b7232xo/odoo-210801/addons/mrp_repair/__terp__.py
2026-02-03 09:52:18,173 - Knowledge - INFO - process ingested knowledge for /app/data/T0002/210801/b7232xo/odoo-210801/addons/hr_expense/hr_expense_workflow.xml
2026-02-03 09:52:18,637 - Knowledge - INFO - process ingested knowledge for /app/data/T0002/210801/b7232xo/odoo-210801/addons/account_analytic_plans/wizard/wizard_crossovered_analytic.py
2026-02-03 09:52:18,639 - Knowledge - INFO - process ingested knowledge for /app/data/T0002/210801/b7232xo/odoo-210801/addons/hr_timesheet/hr_timesheet_demo.xml
2026-02-03 09:52:18,656 - Knowledge - INFO - process ingested knowledge for /app/data/T0002/210801/b7232xo/odoo-210801/addons/l10n_be/account_demo.xml
2026-02-03 09:52:18,665 - Knowledge - INFO - process ingested knowledge for /app/data/T0002/210801/b7232xo/odoo-210801/addons/hr_timesheet/hr_timesheet_report.xml
2026-02-03 09:52:19,095 - Knowledge - INFO - process ingested knowledge for /app/data/T0002/210801/b7232xo/odoo-210801/addons/hr_expense/__terp__.py
2026-02-03 09:52:19,567 - Knowledge - INFO - process ingested knowledge for /app/data/T0002/210801/b7232xo/odoo-210801/addons/account_analytic_plans/wizard/create_model.py
2026-02-03 09:52:19,571 - Knowledge - INFO - [LLM_CALL] Completed: mrp_subproduct.py:chunk1, Duration: 5190ms, PromptTokens: 2624, CompletionTokens: 411, Cost: $0.00043
2026-02-03 09:52:19,582 - Knowledge - INFO - process ingested knowledge for /app/data/T0002/210801/b7232xo/odoo-210801/addons/hr_timesheet/report/users_timesheet.py
2026-02-03 09:52:19,585 - Knowledge - INFO - done ingest for /app/data/T0002/210801/b7232xo/odoo-210801/addons/mrp_subproduct/mrp_subproduct.py
2026-02-03 09:52:19,605 - Knowledge - INFO - process ingested knowledge for /app/data/T0002/210801/b7232xo/odoo-210801/addons/base_module_record/base_module_record.py
2026-02-03 09:52:20,183 - Knowledge - INFO - process ingested knowledge for /app/data/T0002/210801/b7232xo/odoo-210801/addons/l10n_be/l10n_be_wizard.xml
2026-02-03 09:52:20,216 - Knowledge - INFO - Processing batch of 8 files
2026-02-03 09:52:20,236 - Knowledge - INFO - process ingested knowledge for /app/data/T0002/210801/b7232xo/odoo-210801/addons/l10n_be/l10n_be_sequence.xml
2026-02-03 09:52:20,488 - Knowledge - INFO - process ingested knowledge for /app/data/T0002/210801/b7232xo/odoo-210801/addons/hr_expense/hr_expense_report.xml
2026-02-03 09:52:20,833 - Knowledge - INFO - process ingested knowledge for /app/data/T0002/210801/b7232xo/odoo-210801/addons/account_analytic_plans/wizard/__init__.py
2026-02-03 09:52:20,850 - Knowledge - INFO - process ingested knowledge for /app/data/T0002/210801/b7232xo/odoo-210801/addons/l10n_chart_uk_minimal/__terp__.py
2026-02-03 09:52:20,856 - Knowledge - INFO - process ingested knowledge for /app/data/T0002/210801/b7232xo/odoo-210801/addons/mrp_repair/wizard/wizard_make_invoice.py
2026-02-03 09:52:21,694 - Knowledge - INFO - [LLM_CALL] Completed: crm_report.py:chunk1, Duration: 4569ms, PromptTokens: 4770, CompletionTokens: 380, Cost: $0.00063
2026-02-03 09:52:21,694 - Knowledge - INFO - done ingest for /app/data/T0002/210801/b7232xo/odoo-210801/addons/crm_configuration/report/crm_report.py
2026-02-03 09:52:21,727 - Knowledge - INFO - Processing batch of 8 files
2026-02-03 09:52:21,732 - Knowledge - INFO - process ingested knowledge for /app/data/T0002/210801/b7232xo/odoo-210801/addons/product/__terp__.py
2026-02-03 09:52:21,994 - Knowledge - INFO - process ingested knowledge for /app/data/T0002/210801/b7232xo/odoo-210801/addons/hr_timesheet/report/user_timesheet.py
2026-02-03 09:52:22,010 - Knowledge - INFO - process ingested knowledge for /app/data/T0002/210801/b7232xo/odoo-210801/addons/l10n_chart_uk_minimal/l10n_uk_wizard.xml
2026-02-03 09:52:22,025 - Knowledge - INFO - process ingested knowledge for /app/data/T0002/210801/b7232xo/odoo-210801/addons/mrp_repair/wizard/__init__.py
2026-02-03 09:52:22,128 - Knowledge - INFO - [LLM_CALL] Completed: product_pricelist.py:chunk1, Duration: 15566ms, PromptTokens: 2994, CompletionTokens: 546, Cost: $0.00052
2026-02-03 09:52:22,133 - Knowledge - INFO - done ingest for /app/data/T0002/210801/b7232xo/odoo-210801/addons/product/report/product_pricelist.py
2026-02-03 09:52:22,556 - Knowledge - INFO - [LLM_CALL] Completed: product.py:chunk1, Duration: 16115ms, PromptTokens: 15556, CompletionTokens: 1154, Cost: $0.00202
2026-02-03 09:52:22,559 - Knowledge - INFO - done ingest for /app/data/T0002/210801/b7232xo/odoo-210801/addons/product/product.py
2026-02-03 09:52:22,562 - Knowledge - INFO - process ingested knowledge for /app/data/T0002/210801/b7232xo/odoo-210801/addons/l10n_be/company.py
2026-02-03 09:52:22,571 - Knowledge - INFO - [kw20] Queue=589, InProgress=0, PendingWorkers=20/20, Completed=642/1263 (50.8%)
2026-02-03 09:52:22,574 - Knowledge - INFO - Batch sizing: calculated=8, max_allowed=10, queue=589, active_workers=20/20
2026-02-03 09:52:22,576 - Knowledge - INFO - process ingested knowledge for /app/data/T0002/210801/b7232xo/odoo-210801/addons/product/wizard/wizard_price.py
2026-02-03 09:52:22,577 - Knowledge - INFO - process ingested knowledge for /app/data/T0002/210801/b7232xo/odoo-210801/addons/account_analytic_plans/account_analytic_plans.py
2026-02-03 09:52:22,579 - Knowledge - INFO - process ingested knowledge for /app/data/T0002/210801/b7232xo/odoo-210801/addons/l10n_chart_uk_minimal/account_chart.xml
2026-02-03 09:52:22,703 - Knowledge - INFO - [WEBSOCKET] Sent: Type=progress_update, Size: 293, Duration: 0ms
2026-02-03 09:52:22,704 - Knowledge - INFO - [WEBSOCKET] Sent: Type=unknown, Size: ?, Duration: 2ms
2026-02-03 09:52:22,705 - Knowledge - INFO - process ingested knowledge for /app/data/T0002/210801/b7232xo/odoo-210801/addons/l10n_be/__terp__.py
2026-02-03 09:52:22,705 - Knowledge - INFO - Progress: 51.3% | Files: 650/1263 | Rate: 2.40 files/sec | Queue: 589
2026-02-03 09:52:22,815 - Knowledge - INFO - process ingested knowledge for /app/data/T0002/210801/b7232xo/odoo-210801/addons/hr_timesheet/report/__init__.py
2026-02-03 09:52:22,900 - Knowledge - INFO - process ingested knowledge for /app/data/T0002/210801/b7232xo/odoo-210801/addons/mrp_repair/wizard/wizard_cancel_repair.py
2026-02-03 09:52:22,901 - Knowledge - INFO - process ingested knowledge for /app/data/T0002/210801/b7232xo/odoo-210801/addons/l10n_chart_uk_minimal/__init__.py
2026-02-03 09:52:22,901 - Knowledge - INFO - Processing batch of 8 files
2026-02-03 09:52:22,904 - Knowledge - INFO - process ingested knowledge for /app/data/T0002/210801/b7232xo/odoo-210801/addons/l10n_be/__init__.py
2026-02-03 09:52:22,905 - Knowledge - INFO - Async storing batch of 8 embeddings
2026-02-03 09:52:22,906 - Knowledge - INFO - Worker kw20 processing /app/data/T0002/210801/b7232xo/odoo-210801/addons/crm_configuration/crm_report_view.xml
2026-02-03 09:52:22,907 - Knowledge - INFO - [kw4] Queue=581, InProgress=0, PendingWorkers=20/20, Completed=654/1263 (51.8%)
2026-02-03 09:52:22,908 - Knowledge - INFO - Batch sizing: calculated=8, max_allowed=10, queue=581, active_workers=20/20
2026-02-03 09:52:22,909 - Knowledge - INFO - Fast-tracked /app/data/T0002/210801/b7232xo/odoo-210801/addons/crm_configuration/crm_report_view.xml (ext=.xml, size=11682)
2026-02-03 09:52:22,909 - Knowledge - INFO - Worker kw20 processing /app/data/T0002/210801/b7232xo/odoo-210801/addons/crm_configuration/crm_opportunity_data.xml
2026-02-03 09:52:22,911 - Knowledge - INFO - Fast-tracked /app/data/T0002/210801/b7232xo/odoo-210801/addons/crm_configuration/crm_opportunity_data.xml (ext=.xml, size=3337)
2026-02-03 09:52:22,911 - Knowledge - INFO - Worker kw20 processing /app/data/T0002/210801/b7232xo/odoo-210801/addons/crm_configuration/crm_fund_data.xml
2026-02-03 09:52:22,913 - Knowledge - INFO - Fast-tracked /app/data/T0002/210801/b7232xo/odoo-210801/addons/crm_configuration/crm_fund_data.xml (ext=.xml, size=1847)
2026-02-03 09:52:22,913 - Knowledge - INFO - Worker kw20 processing /app/data/T0002/210801/b7232xo/odoo-210801/addons/crm_configuration/__terp__.py
2026-02-03 09:52:22,915 - Knowledge - INFO - Worker kw20 processing /app/data/T0002/210801/b7232xo/odoo-210801/addons/crm_configuration/crm_config.py
2026-02-03 09:52:22,917 - Knowledge - INFO - Worker kw20 processing /app/data/T0002/210801/b7232xo/odoo-210801/addons/crm_configuration/crm_opportunity_demo.xml
2026-02-03 09:52:22,919 - Knowledge - INFO - Fast-tracked /app/data/T0002/210801/b7232xo/odoo-210801/addons/crm_configuration/crm_opportunity_demo.xml (ext=.xml, size=5943)
2026-02-03 09:52:22,919 - Knowledge - INFO - Worker kw20 processing /app/data/T0002/210801/b7232xo/odoo-210801/addons/crm_configuration/wizard/meeting_planify.py
2026-02-03 09:52:22,924 - Knowledge - INFO - Worker kw20 processing /app/data/T0002/210801/b7232xo/odoo-210801/addons/crm_configuration/wizard/wizard_partner_create.py
2026-02-03 09:52:22,930 - Knowledge - INFO - Fast-tracked /app/data/T0002/210801/b7232xo/odoo-210801/addons/crm_configuration/__terp__.py (small file (2295 bytes))
2026-02-03 09:52:22,946 - Knowledge - INFO - Fast-tracked /app/data/T0002/210801/b7232xo/odoo-210801/addons/crm_configuration/wizard/meeting_planify.py (small file (2760 bytes))
2026-02-03 09:52:22,957 - Knowledge - INFO - Async storage completed for 8 embeddings
2026-02-03 09:52:23,299 - Knowledge - INFO - [kw5] Queue=581, InProgress=0, PendingWorkers=20/20, Completed=657/1263 (52.0%)
2026-02-03 09:52:23,299 - Knowledge - INFO - process ingested knowledge for /app/data/T0002/210801/b7232xo/odoo-210801/addons/l10n_be/fiscal_templates.xml
2026-02-03 09:52:23,301 - Knowledge - INFO - process ingested knowledge for /app/data/T0002/210801/b7232xo/odoo-210801/addons/l10n_be/wizard/partner_vat_listing.py
2026-02-03 09:52:23,302 - Knowledge - INFO - Batch sizing: calculated=8, max_allowed=10, queue=581, active_workers=20/20
2026-02-03 09:52:23,309 - Knowledge - INFO - Async storing batch of 8 embeddings
2026-02-03 09:52:23,311 - Knowledge - INFO - [kw7] Queue=573, InProgress=0, PendingWorkers=20/20, Completed=659/1263 (52.2%)
2026-02-03 09:52:23,320 - Knowledge - INFO - Batch sizing: calculated=8, max_allowed=10, queue=573, active_workers=20/20
2026-02-03 09:52:23,320 - Knowledge - INFO - Worker kw4 processing /app/data/T0002/210801/b7232xo/odoo-210801/addons/crm_configuration/wizard/__init__.py
2026-02-03 09:52:23,323 - Knowledge - INFO - Fast-tracked /app/data/T0002/210801/b7232xo/odoo-210801/addons/crm_configuration/wizard/__init__.py (ext=.py, size=1139)
2026-02-03 09:52:23,323 - Knowledge - INFO - Worker kw4 processing /app/data/T0002/210801/b7232xo/odoo-210801/addons/crm_configuration/wizard/wizard_opportunity_set.py
2026-02-03 09:52:23,325 - Knowledge - INFO - Worker kw4 processing /app/data/T0002/210801/b7232xo/odoo-210801/addons/crm_configuration/crm_fund_menu.xml
2026-02-03 09:52:23,327 - Knowledge - INFO - Fast-tracked /app/data/T0002/210801/b7232xo/odoo-210801/addons/crm_configuration/crm_fund_menu.xml (ext=.xml, size=11453)
2026-02-03 09:52:23,327 - Knowledge - INFO - Worker kw4 processing /app/data/T0002/210801/b7232xo/odoo-210801/addons/crm_configuration/crm_fund_demo.xml
2026-02-03 09:52:23,329 - Knowledge - INFO - Fast-tracked /app/data/T0002/210801/b7232xo/odoo-210801/addons/crm_configuration/crm_fund_demo.xml (ext=.xml, size=7940)
2026-02-03 09:52:23,332 - Knowledge - INFO - Worker kw4 processing /app/data/T0002/210801/b7232xo/odoo-210801/addons/crm_configuration/crm_opportunity_menu.xml
2026-02-03 09:52:23,334 - Knowledge - INFO - Fast-tracked /app/data/T0002/210801/b7232xo/odoo-210801/addons/crm_configuration/crm_opportunity_menu.xml (ext=.xml, size=16639)
2026-02-03 09:52:23,335 - Knowledge - INFO - Worker kw4 processing /app/data/T0002/210801/b7232xo/odoo-210801/addons/crm_configuration/crm_helpdesk_data.xml
2026-02-03 09:52:23,337 - Knowledge - INFO - Fast-tracked /app/data/T0002/210801/b7232xo/odoo-210801/addons/crm_configuration/crm_helpdesk_data.xml (ext=.xml, size=267)
2026-02-03 09:52:23,337 - Knowledge - INFO - Worker kw4 processing /app/data/T0002/210801/b7232xo/odoo-210801/addons/crm_configuration/crm_bugs_demo.xml
2026-02-03 09:52:23,339 - Knowledge - INFO - Fast-tracked /app/data/T0002/210801/b7232xo/odoo-210801/addons/crm_configuration/crm_bugs_demo.xml (ext=.xml, size=13574)
2026-02-03 09:52:23,340 - Knowledge - INFO - Worker kw4 processing /app/data/T0002/210801/b7232xo/odoo-210801/addons/crm_configuration/crm_bugs_menu.xml
2026-02-03 09:52:23,342 - Knowledge - INFO - Fast-tracked /app/data/T0002/210801/b7232xo/odoo-210801/addons/crm_configuration/crm_bugs_menu.xml (ext=.xml, size=35795)
2026-02-03 09:52:23,351 - Knowledge - INFO - Async storage completed for 8 embeddings
2026-02-03 09:52:23,683 - Knowledge - INFO - process ingested knowledge for /app/data/T0002/210801/b7232xo/odoo-210801/addons/product/product_wizard.xml
2026-02-03 09:52:24,148 - Knowledge - INFO - process ingested knowledge for /app/data/T0002/210801/b7232xo/odoo-210801/addons/mrp_repair/mrp_repair_report.xml
2026-02-03 09:52:24,153 - Knowledge - INFO - process ingested knowledge for /app/data/T0002/210801/b7232xo/odoo-210801/addons/l10n_be/wizard/account_vat_declaration.py
2026-02-03 09:52:24,159 - Knowledge - INFO - Async storing batch of 8 embeddings
2026-02-03 09:52:24,160 - Knowledge - INFO - Worker kw5 processing /app/data/T0002/210801/b7232xo/odoo-210801/addons/crm_configuration/crm_meeting_demo.xml
2026-02-03 09:52:24,178 - Knowledge - INFO - Fast-tracked /app/data/T0002/210801/b7232xo/odoo-210801/addons/crm_configuration/crm_meeting_demo.xml (ext=.xml, size=5756)
2026-02-03 09:52:24,178 - Knowledge - INFO - Worker kw5 processing /app/data/T0002/210801/b7232xo/odoo-210801/addons/crm_configuration/crm_claims_demo.xml
2026-02-03 09:52:24,194 - Knowledge - INFO - Fast-tracked /app/data/T0002/210801/b7232xo/odoo-210801/addons/crm_configuration/crm_claims_demo.xml (ext=.xml, size=6574)
2026-02-03 09:52:24,197 - Knowledge - INFO - Worker kw5 processing /app/data/T0002/210801/b7232xo/odoo-210801/addons/crm_configuration/crm_meeting_menu.xml
2026-02-03 09:52:24,237 - Knowledge - INFO - Fast-tracked /app/data/T0002/210801/b7232xo/odoo-210801/addons/crm_configuration/crm_meeting_menu.xml (ext=.xml, size=7248)
2026-02-03 09:52:24,241 - Knowledge - INFO - Worker kw5 processing /app/data/T0002/210801/b7232xo/odoo-210801/addons/crm_configuration/crm_claims_menu.xml
2026-02-03 09:52:24,268 - Knowledge - INFO - Fast-tracked /app/data/T0002/210801/b7232xo/odoo-210801/addons/crm_configuration/crm_claims_menu.xml (ext=.xml, size=9320)
2026-02-03 09:52:24,273 - Knowledge - INFO - Worker kw5 processing /app/data/T0002/210801/b7232xo/odoo-210801/addons/crm_configuration/crm_meeting_view.xml
2026-02-03 09:52:24,286 - Knowledge - INFO - Fast-tracked /app/data/T0002/210801/b7232xo/odoo-210801/addons/crm_configuration/crm_meeting_view.xml (ext=.xml, size=7073)
2026-02-03 09:52:24,286 - Knowledge - INFO - Worker kw5 processing /app/data/T0002/210801/b7232xo/odoo-210801/addons/crm_configuration/crm_claims_view.xml
2026-02-03 09:52:24,323 - Knowledge - INFO - Fast-tracked /app/data/T0002/210801/b7232xo/odoo-210801/addons/crm_configuration/crm_claims_view.xml (ext=.xml, size=6930)
2026-02-03 09:52:24,324 - Knowledge - INFO - Worker kw5 processing /app/data/T0002/210801/b7232xo/odoo-210801/addons/crm_configuration/crm_bugs_view.xml
2026-02-03 09:52:24,340 - Knowledge - INFO - Fast-tracked /app/data/T0002/210801/b7232xo/odoo-210801/addons/crm_configuration/crm_bugs_view.xml (ext=.xml, size=7199)
2026-02-03 09:52:24,346 - Knowledge - INFO - Worker kw5 processing /app/data/T0002/210801/b7232xo/odoo-210801/addons/crm_configuration/crm_fund_view.xml
2026-02-03 09:52:24,361 - Knowledge - INFO - Fast-tracked /app/data/T0002/210801/b7232xo/odoo-210801/addons/crm_configuration/crm_fund_view.xml (ext=.xml, size=7484)
2026-02-03 09:52:24,373 - Knowledge - INFO - Async storage completed for 8 embeddings
2026-02-03 09:52:24,899 - Knowledge - INFO - Processing batch of 8 files
2026-02-03 09:52:24,899 - Knowledge - INFO - process ingested knowledge for /app/data/T0002/210801/b7232xo/odoo-210801/addons/crm_configuration/crm_lead_view.xml
2026-02-03 09:52:25,668 - Knowledge - INFO - process ingested knowledge for /app/data/T0002/210801/b7232xo/odoo-210801/addons/product/pricelist_view.xml
2026-02-03 09:52:25,944 - Knowledge - INFO - Processing batch of 8 files
2026-02-03 09:52:25,950 - Knowledge - INFO - process ingested knowledge for /app/data/T0002/210801/b7232xo/odoo-210801/addons/crm_configuration/crm_claims_data.xml
2026-02-03 09:52:25,953 - Knowledge - INFO - process ingested knowledge for /app/data/T0002/210801/b7232xo/odoo-210801/addons/product/wizard/__init__.py
2026-02-03 09:52:25,953 - Knowledge - INFO - process ingested knowledge for /app/data/T0002/210801/b7232xo/odoo-210801/addons/product/product_data.xml
2026-02-03 09:52:25,960 - Knowledge - INFO - process ingested knowledge for /app/data/T0002/210801/b7232xo/odoo-210801/addons/mrp_repair/__init__.py
2026-02-03 09:52:26,554 - Knowledge - INFO - process ingested knowledge for /app/data/T0002/210801/b7232xo/odoo-210801/addons/crm_configuration/crm_configuration_wizard.xml
2026-02-03 09:52:26,965 - Knowledge - INFO - [LLM_CALL] Completed: wizard_partner_create.py:chunk1, Duration: 4016ms, PromptTokens: 2604, CompletionTokens: 374, Cost: $0.00041
2026-02-03 09:52:26,976 - Knowledge - INFO - done ingest for /app/data/T0002/210801/b7232xo/odoo-210801/addons/crm_configuration/wizard/wizard_partner_create.py
2026-02-03 09:52:27,166 - Knowledge - INFO - process ingested knowledge for /app/data/T0002/210801/b7232xo/odoo-210801/addons/product/security/product_security.xml
2026-02-03 09:52:27,437 - Knowledge - INFO - process ingested knowledge for /app/data/T0002/210801/b7232xo/odoo-210801/addons/mrp_repair/mrp_repair_wizard.xml
2026-02-03 09:52:27,450 - Knowledge - INFO - process ingested knowledge for /app/data/T0002/210801/b7232xo/odoo-210801/addons/product/partner_view.xml
2026-02-03 09:52:27,463 - Knowledge - INFO - process ingested knowledge for /app/data/T0002/210801/b7232xo/odoo-210801/addons/l10n_chart_uk_minimal/account_types.xml
2026-02-03 09:52:28,032 - Knowledge - INFO - [LLM_CALL] Completed: wizard_opportunity_set.py:chunk1, Duration: 4686ms, PromptTokens: 2944, CompletionTokens: 385, Cost: $0.00045
2026-02-03 09:52:28,033 - Knowledge - INFO - done ingest for /app/data/T0002/210801/b7232xo/odoo-210801/addons/crm_configuration/wizard/wizard_opportunity_set.py
2026-02-03 09:52:28,035 - Knowledge - INFO - process ingested knowledge for /app/data/T0002/210801/b7232xo/odoo-210801/addons/crm_configuration/crm_jobs_view.xml
2026-02-03 09:52:28,167 - Knowledge - INFO - process ingested knowledge for /app/data/T0002/210801/b7232xo/odoo-210801/addons/crm_configuration/crm_jobs_menu.xml
2026-02-03 09:52:28,178 - Knowledge - INFO - Async storing batch of 8 embeddings
2026-02-03 09:52:28,179 - Knowledge - INFO - process ingested knowledge for /app/data/T0002/210801/b7232xo/odoo-210801/addons/l10n_be/wizard/__init__.py
2026-02-03 09:52:28,180 - Knowledge - INFO - Worker kw7 processing /app/data/T0002/210801/b7232xo/odoo-210801/addons/crm_configuration/crm_jobs_data.xml
2026-02-03 09:52:28,180 - Knowledge - INFO - process ingested knowledge for /app/data/T0002/210801/b7232xo/odoo-210801/addons/product/partner.py
2026-02-03 09:52:28,184 - Knowledge - INFO - Fast-tracked /app/data/T0002/210801/b7232xo/odoo-210801/addons/crm_configuration/crm_jobs_data.xml (ext=.xml, size=2536)
2026-02-03 09:52:28,185 - Knowledge - INFO - Worker kw7 processing /app/data/T0002/210801/b7232xo/odoo-210801/addons/crm_configuration/__init__.py
2026-02-03 09:52:28,187 - Knowledge - INFO - Fast-tracked /app/data/T0002/210801/b7232xo/odoo-210801/addons/crm_configuration/__init__.py (ext=.py, size=1103)
2026-02-03 09:52:28,187 - Knowledge - INFO - Worker kw7 processing /app/data/T0002/210801/b7232xo/odoo-210801/addons/crm_configuration/crm_opportunity_view.xml
2026-02-03 09:52:28,189 - Knowledge - INFO - Fast-tracked /app/data/T0002/210801/b7232xo/odoo-210801/addons/crm_configuration/crm_opportunity_view.xml (ext=.xml, size=7575)
2026-02-03 09:52:28,190 - Knowledge - INFO - Worker kw7 processing /app/data/T0002/210801/b7232xo/odoo-210801/addons/crm_configuration/crm_phonecall_data.xml
2026-02-03 09:52:28,191 - Knowledge - INFO - Fast-tracked /app/data/T0002/210801/b7232xo/odoo-210801/addons/crm_configuration/crm_phonecall_data.xml (ext=.xml, size=1055)
2026-02-03 09:52:28,191 - Knowledge - INFO - Worker kw7 processing /app/data/T0002/210801/b7232xo/odoo-210801/addons/crm_configuration/process/crm_configuration_process.xml
2026-02-03 09:52:28,203 - Knowledge - INFO - Fast-tracked /app/data/T0002/210801/b7232xo/odoo-210801/addons/crm_configuration/process/crm_configuration_process.xml (ext=.xml, size=4522)
2026-02-03 09:52:28,204 - Knowledge - INFO - Worker kw7 processing /app/data/T0002/210801/b7232xo/odoo-210801/addons/crm_configuration/crm_lead_data.xml
2026-02-03 09:52:28,208 - Knowledge - INFO - Fast-tracked /app/data/T0002/210801/b7232xo/odoo-210801/addons/crm_configuration/crm_lead_data.xml (ext=.xml, size=4056)
2026-02-03 09:52:28,208 - Knowledge - INFO - Worker kw7 processing /app/data/T0002/210801/b7232xo/odoo-210801/addons/hr_timesheet_sheet/hr_timesheet_sheet.py
2026-02-03 09:52:28,212 - Knowledge - INFO - Worker kw7 processing /app/data/T0002/210801/b7232xo/odoo-210801/addons/hr_timesheet_sheet/hr_timesheet_sheet_demo.xml
2026-02-03 09:52:28,215 - Knowledge - INFO - Fast-tracked /app/data/T0002/210801/b7232xo/odoo-210801/addons/hr_timesheet_sheet/hr_timesheet_sheet_demo.xml (ext=.xml, size=3520)
2026-02-03 09:52:28,224 - Knowledge - INFO - Async storage completed for 8 embeddings
2026-02-03 09:52:28,393 - Knowledge - INFO - Processing batch of 8 files
2026-02-03 09:52:28,394 - Knowledge - INFO - process ingested knowledge for /app/data/T0002/210801/b7232xo/odoo-210801/addons/product/product.py
2026-02-03 09:52:28,518 - Knowledge - INFO - process ingested knowledge for /app/data/T0002/210801/b7232xo/odoo-210801/addons/crm_configuration/crm_helpdesk_menu.xml
2026-02-03 09:52:28,644 - Knowledge - INFO - process ingested knowledge for /app/data/T0002/210801/b7232xo/odoo-210801/addons/mrp_repair/mrp_repair_sequence.xml
2026-02-03 09:52:28,808 - Knowledge - INFO - process ingested knowledge for /app/data/T0002/210801/b7232xo/odoo-210801/addons/l10n_be/wizard/wizard_vat_intra.py
2026-02-03 09:52:28,809 - Knowledge - INFO - process ingested knowledge for /app/data/T0002/210801/b7232xo/odoo-210801/addons/product/product_report.xml
2026-02-03 09:52:29,082 - Knowledge - INFO - process ingested knowledge for /app/data/T0002/210801/b7232xo/odoo-210801/addons/crm_configuration/crm_helpdesk_demo.xml
2026-02-03 09:52:29,083 - Knowledge - INFO - process ingested knowledge for /app/data/T0002/210801/b7232xo/odoo-210801/addons/crm_configuration/crm_meeting_data.xml
2026-02-03 09:52:29,249 - Knowledge - INFO - process ingested knowledge for /app/data/T0002/210801/b7232xo/odoo-210801/addons/mrp_repair/mrp_repair.py
2026-02-03 09:52:29,354 - Knowledge - INFO - process ingested knowledge for /app/data/T0002/210801/b7232xo/odoo-210801/addons/product/product_demo.xml
2026-02-03 09:52:29,355 - Knowledge - INFO - process ingested knowledge for /app/data/T0002/210801/b7232xo/odoo-210801/addons/product/__init__.py
2026-02-03 09:52:29,873 - Knowledge - INFO - process ingested knowledge for /app/data/T0002/210801/b7232xo/odoo-210801/addons/crm_configuration/report/crm_report.py
2026-02-03 09:52:29,874 - Knowledge - INFO - process ingested knowledge for /app/data/T0002/210801/b7232xo/odoo-210801/addons/crm_configuration/crm_phonecall_demo.xml
2026-02-03 09:52:30,073 - Knowledge - INFO - Processing batch of 8 files
2026-02-03 09:52:30,073 - Knowledge - INFO - process ingested knowledge for /app/data/T0002/210801/b7232xo/odoo-210801/addons/crm_configuration/crm_meeting_demo.xml
2026-02-03 09:52:30,556 - Knowledge - INFO - process ingested knowledge for /app/data/T0002/210801/b7232xo/odoo-210801/addons/l10n_be/account_pcmn_belgium.xml
2026-02-03 09:52:31,343 - Knowledge - INFO - process ingested knowledge for /app/data/T0002/210801/b7232xo/odoo-210801/addons/crm_configuration/report/__init__.py
2026-02-03 09:52:31,571 - Knowledge - INFO - [WEBSOCKET] Sent: Type=progress_update, Size: 293, Duration: 0ms
2026-02-03 09:52:31,573 - Knowledge - INFO - process ingested knowledge for /app/data/T0002/210801/b7232xo/odoo-210801/addons/mrp_repair/report/order.py
2026-02-03 09:52:31,579 - Knowledge - INFO - process ingested knowledge for /app/data/T0002/210801/b7232xo/odoo-210801/addons/crm_configuration/crm_claims_demo.xml
2026-02-03 09:52:31,623 - Knowledge - INFO - Processing batch of 8 files
2026-02-03 09:52:31,623 - Knowledge - INFO - [WEBSOCKET] Sent: Type=unknown, Size: ?, Duration: 52ms
2026-02-03 09:52:31,626 - Knowledge - INFO - process ingested knowledge for /app/data/T0002/210801/b7232xo/odoo-210801/addons/product/report/product_pricelist.py
2026-02-03 09:52:31,652 - Knowledge - INFO - process ingested knowledge for /app/data/T0002/210801/b7232xo/odoo-210801/addons/product/_common.py
2026-02-03 09:52:31,671 - Knowledge - INFO - Progress: 54.2% | Files: 685/1263 | Rate: 2.46 files/sec | Queue: 557
2026-02-03 09:52:32,063 - Knowledge - INFO - process ingested knowledge for /app/data/T0002/210801/b7232xo/odoo-210801/addons/crm_configuration/crm_bugs_data.xml
2026-02-03 09:52:33,026 - Knowledge - INFO - process ingested knowledge for /app/data/T0002/210801/b7232xo/odoo-210801/addons/mrp_repair/report/__init__.py
2026-02-03 09:52:33,267 - Knowledge - INFO - process ingested knowledge for /app/data/T0002/210801/b7232xo/odoo-210801/addons/crm_configuration/crm_meeting_menu.xml
2026-02-03 09:52:33,268 - Knowledge - INFO - process ingested knowledge for /app/data/T0002/210801/b7232xo/odoo-210801/addons/product/process/product_process.xml
2026-02-03 09:52:33,270 - Knowledge - INFO - [kw19] Queue=557, InProgress=0, PendingWorkers=20/20, Completed=686/1263 (54.3%)
2026-02-03 09:52:33,276 - Knowledge - INFO - Batch sizing: calculated=8, max_allowed=10, queue=557, active_workers=20/20
2026-02-03 09:52:33,460 - Knowledge - INFO - process ingested knowledge for /app/data/T0002/210801/b7232xo/odoo-210801/addons/crm_configuration/crm_jobs_demo.xml
2026-02-03 09:52:33,582 - Knowledge - INFO - [kw15] Queue=557, InProgress=0, PendingWorkers=20/20, Completed=688/1263 (54.5%)
2026-02-03 09:52:33,582 - Knowledge - INFO - Batch sizing: calculated=8, max_allowed=10, queue=557, active_workers=20/20
2026-02-03 09:52:33,744 - Knowledge - INFO - process ingested knowledge for /app/data/T0002/210801/b7232xo/odoo-210801/addons/mrp_repair/mrp_repair_workflow.xml
2026-02-03 09:52:33,938 - Knowledge - INFO - process ingested knowledge for /app/data/T0002/210801/b7232xo/odoo-210801/addons/crm_configuration/crm_claims_menu.xml
2026-02-03 09:52:34,074 - Knowledge - INFO - Async storing batch of 8 embeddings
2026-02-03 09:52:34,075 - Knowledge - INFO - Worker kw19 processing /app/data/T0002/210801/b7232xo/odoo-210801/addons/hr_timesheet_sheet/hr_timesheet_sheet_view.xml
2026-02-03 09:52:34,082 - Knowledge - INFO - Fast-tracked /app/data/T0002/210801/b7232xo/odoo-210801/addons/hr_timesheet_sheet/hr_timesheet_sheet_view.xml (ext=.xml, size=20544)
2026-02-03 09:52:34,083 - Knowledge - INFO - Worker kw19 processing /app/data/T0002/210801/b7232xo/odoo-210801/addons/hr_timesheet_sheet/hr_timesheet_workflow.xml
2026-02-03 09:52:34,085 - Knowledge - INFO - Fast-tracked /app/data/T0002/210801/b7232xo/odoo-210801/addons/hr_timesheet_sheet/hr_timesheet_workflow.xml (ext=.xml, size=2769)
2026-02-03 09:52:34,085 - Knowledge - INFO - Worker kw19 processing /app/data/T0002/210801/b7232xo/odoo-210801/addons/hr_timesheet_sheet/__terp__.py
2026-02-03 09:52:34,088 - Knowledge - INFO - Worker kw19 processing /app/data/T0002/210801/b7232xo/odoo-210801/addons/hr_timesheet_sheet/wizard/wizard_timesheet_department.py
2026-02-03 09:52:34,091 - Knowledge - INFO - Worker kw19 processing /app/data/T0002/210801/b7232xo/odoo-210801/addons/hr_timesheet_sheet/wizard/wizard_timesheet_current.py
2026-02-03 09:52:34,097 - Knowledge - INFO - Worker kw19 processing /app/data/T0002/210801/b7232xo/odoo-210801/addons/hr_timesheet_sheet/wizard/__init__.py
2026-02-03 09:52:34,099 - Knowledge - INFO - Fast-tracked /app/data/T0002/210801/b7232xo/odoo-210801/addons/hr_timesheet_sheet/wizard/__init__.py (ext=.py, size=1126)
2026-02-03 09:52:34,099 - Knowledge - INFO - Worker kw19 processing /app/data/T0002/210801/b7232xo/odoo-210801/addons/hr_timesheet_sheet/__init__.py
2026-02-03 09:52:34,101 - Knowledge - INFO - Fast-tracked /app/data/T0002/210801/b7232xo/odoo-210801/addons/hr_timesheet_sheet/__init__.py (ext=.py, size=1098)
2026-02-03 09:52:34,101 - Knowledge - INFO - Worker kw19 processing /app/data/T0002/210801/b7232xo/odoo-210801/addons/hr_timesheet_sheet/process/hr_timesheet_sheet_process.xml
2026-02-03 09:52:34,127 - Knowledge - INFO - Fast-tracked /app/data/T0002/210801/b7232xo/odoo-210801/addons/hr_timesheet_sheet/process/hr_timesheet_sheet_process.xml (ext=.xml, size=17705)
2026-02-03 09:52:34,134 - Knowledge - INFO - Fast-tracked /app/data/T0002/210801/b7232xo/odoo-210801/addons/hr_timesheet_sheet/__terp__.py (small file (2355 bytes))
2026-02-03 09:52:34,146 - Knowledge - INFO - Fast-tracked /app/data/T0002/210801/b7232xo/odoo-210801/addons/hr_timesheet_sheet/wizard/wizard_timesheet_current.py (small file (2717 bytes))
2026-02-03 09:52:34,152 - Knowledge - INFO - Async storage completed for 8 embeddings
2026-02-03 09:52:34,249 - Knowledge - INFO - process ingested knowledge for /app/data/T0002/210801/b7232xo/odoo-210801/addons/crm_configuration/crm_lead_menu.xml
2026-02-03 09:52:34,362 - Knowledge - INFO - Async storing batch of 8 embeddings
2026-02-03 09:52:34,384 - Knowledge - INFO - Worker kw15 processing /app/data/T0002/210801/b7232xo/odoo-210801/addons/project_mrp/project_workflow.xml
2026-02-03 09:52:34,392 - Knowledge - INFO - Fast-tracked /app/data/T0002/210801/b7232xo/odoo-210801/addons/project_mrp/project_workflow.xml (ext=.xml, size=299)
2026-02-03 09:52:34,392 - Knowledge - INFO - Worker kw15 processing /app/data/T0002/210801/b7232xo/odoo-210801/addons/project_mrp/mrp.py
2026-02-03 09:52:34,425 - Knowledge - INFO - Worker kw15 processing /app/data/T0002/210801/b7232xo/odoo-210801/addons/project_mrp/project.py
2026-02-03 09:52:34,470 - Knowledge - INFO - Worker kw15 processing /app/data/T0002/210801/b7232xo/odoo-210801/addons/project_mrp/__terp__.py
2026-02-03 09:52:34,489 - Knowledge - INFO - Fast-tracked /app/data/T0002/210801/b7232xo/odoo-210801/addons/project_mrp/__terp__.py (ext=.py, size=1761)
2026-02-03 09:52:34,523 - Knowledge - INFO - Worker kw15 processing /app/data/T0002/210801/b7232xo/odoo-210801/addons/project_mrp/__init__.py
2026-02-03 09:52:34,556 - Knowledge - INFO - Fast-tracked /app/data/T0002/210801/b7232xo/odoo-210801/addons/project_mrp/__init__.py (ext=.py, size=1083)
2026-02-03 09:52:34,569 - Knowledge - INFO - Worker kw15 processing /app/data/T0002/210801/b7232xo/odoo-210801/addons/project_mrp/process/project_mrp_process.xml
2026-02-03 09:52:34,632 - Knowledge - INFO - Fast-tracked /app/data/T0002/210801/b7232xo/odoo-210801/addons/project_mrp/process/project_mrp_process.xml (ext=.xml, size=6063)
2026-02-03 09:52:34,633 - Knowledge - INFO - Worker kw15 processing /app/data/T0002/210801/b7232xo/odoo-210801/addons/account_analytic_default/account_analytic_default.py
2026-02-03 09:52:34,663 - Knowledge - INFO - [kw18] Queue=541, InProgress=0, PendingWorkers=20/20, Completed=689/1263 (54.6%)
2026-02-03 09:52:34,663 - Knowledge - INFO - Batch sizing: calculated=8, max_allowed=10, queue=541, active_workers=20/20
2026-02-03 09:52:34,672 - Knowledge - INFO - Worker kw15 processing /app/data/T0002/210801/b7232xo/odoo-210801/addons/account_analytic_default/account_analytic_default_view.xml
2026-02-03 09:52:34,695 - Knowledge - INFO - Fast-tracked /app/data/T0002/210801/b7232xo/odoo-210801/addons/account_analytic_default/account_analytic_default_view.xml (ext=.xml, size=3275)
2026-02-03 09:52:34,869 - Knowledge - INFO - Fast-tracked /app/data/T0002/210801/b7232xo/odoo-210801/addons/project_mrp/project.py (small file (2144 bytes))
2026-02-03 09:52:34,980 - Knowledge - INFO - Async storage completed for 8 embeddings
2026-02-03 09:52:35,182 - Knowledge - INFO - process ingested knowledge for /app/data/T0002/210801/b7232xo/odoo-210801/addons/crm_configuration/crm_meeting_view.xml
2026-02-03 09:52:35,935 - Knowledge - INFO - Processing batch of 8 files
2026-02-03 09:52:35,974 - Knowledge - INFO - process ingested knowledge for /app/data/T0002/210801/b7232xo/odoo-210801/addons/crm_configuration/wizard/__init__.py
2026-02-03 09:52:36,462 - Knowledge - INFO - process ingested knowledge for /app/data/T0002/210801/b7232xo/odoo-210801/addons/crm_configuration/crm_phonecall_menu.xml
2026-02-03 09:52:37,243 - Knowledge - INFO - process ingested knowledge for /app/data/T0002/210801/b7232xo/odoo-210801/addons/product/report/pricelist.py
2026-02-03 09:52:37,244 - Knowledge - INFO - Async storing batch of 8 embeddings
2026-02-03 09:52:37,324 - Knowledge - INFO - Worker kw18 processing /app/data/T0002/210801/b7232xo/odoo-210801/addons/account_analytic_default/__terp__.py
2026-02-03 09:52:37,378 - Knowledge - INFO - Fast-tracked /app/data/T0002/210801/b7232xo/odoo-210801/addons/account_analytic_default/__terp__.py (ext=.py, size=1625)
2026-02-03 09:52:37,395 - Knowledge - INFO - Worker kw18 processing /app/data/T0002/210801/b7232xo/odoo-210801/addons/account_analytic_default/__init__.py
2026-02-03 09:52:37,424 - Knowledge - INFO - Fast-tracked /app/data/T0002/210801/b7232xo/odoo-210801/addons/account_analytic_default/__init__.py (ext=.py, size=1088)
2026-02-03 09:52:37,427 - Knowledge - INFO - Worker kw18 processing /app/data/T0002/210801/b7232xo/odoo-210801/addons/report_intrastat/intrastat_report.xml
2026-02-03 09:52:37,465 - Knowledge - INFO - Fast-tracked /app/data/T0002/210801/b7232xo/odoo-210801/addons/report_intrastat/intrastat_report.xml (ext=.xml, size=254)
2026-02-03 09:52:37,472 - Knowledge - INFO - Worker kw18 processing /app/data/T0002/210801/b7232xo/odoo-210801/addons/report_intrastat/report_intrastat.py
2026-02-03 09:52:37,541 - Knowledge - INFO - Worker kw18 processing /app/data/T0002/210801/b7232xo/odoo-210801/addons/report_intrastat/report/invoice.py
2026-02-03 09:52:37,571 - Knowledge - INFO - Fast-tracked /app/data/T0002/210801/b7232xo/odoo-210801/addons/report_intrastat/report/invoice.py (ext=.py, size=1557)
2026-02-03 09:52:37,656 - Knowledge - INFO - Worker kw18 processing /app/data/T0002/210801/b7232xo/odoo-210801/addons/report_intrastat/report/__init__.py
2026-02-03 09:52:37,670 - Knowledge - INFO - Fast-tracked /app/data/T0002/210801/b7232xo/odoo-210801/addons/report_intrastat/report/__init__.py (ext=.py, size=1071)
2026-02-03 09:52:37,671 - Knowledge - INFO - [kw9] Queue=533, InProgress=0, PendingWorkers=20/20, Completed=690/1263 (54.6%)
2026-02-03 09:52:37,687 - Knowledge - INFO - Worker kw18 processing /app/data/T0002/210801/b7232xo/odoo-210801/addons/report_intrastat/report_intrastat_view.xml
2026-02-03 09:52:37,733 - Knowledge - INFO - Batch sizing: calculated=8, max_allowed=10, queue=533, active_workers=20/20
2026-02-03 09:52:37,801 - Knowledge - INFO - Fast-tracked /app/data/T0002/210801/b7232xo/odoo-210801/addons/report_intrastat/report_intrastat_view.xml (ext=.xml, size=5110)
2026-02-03 09:52:37,823 - Knowledge - INFO - Worker kw18 processing /app/data/T0002/210801/b7232xo/odoo-210801/addons/report_intrastat/__terp__.py
2026-02-03 09:52:37,865 - Knowledge - INFO - Fast-tracked /app/data/T0002/210801/b7232xo/odoo-210801/addons/report_intrastat/__terp__.py (ext=.py, size=1660)
2026-02-03 09:52:38,167 - Knowledge - INFO - Async storage completed for 8 embeddings
2026-02-03 09:52:38,878 - Knowledge - INFO - process ingested knowledge for /app/data/T0002/210801/b7232xo/odoo-210801/addons/mrp_subproduct/mrp_subproduct.py
2026-02-03 09:52:38,895 - Knowledge - INFO - process ingested knowledge for /app/data/T0002/210801/b7232xo/odoo-210801/addons/product/report/__init__.py
2026-02-03 09:52:38,897 - Knowledge - INFO - process ingested knowledge for /app/data/T0002/210801/b7232xo/odoo-210801/addons/crm_configuration/crm_claims_view.xml
2026-02-03 09:52:38,901 - Knowledge - INFO - [kw2] Queue=533, InProgress=0, PendingWorkers=20/20, Completed=690/1263 (54.6%)
2026-02-03 09:52:38,906 - Knowledge - INFO - Async storing batch of 8 embeddings
2026-02-03 09:52:38,930 - Knowledge - INFO - Batch sizing: calculated=8, max_allowed=10, queue=533, active_workers=20/20
2026-02-03 09:52:38,931 - Knowledge - INFO - [LLM_CALL] Completed: wizard_timesheet_department.py:chunk1, Duration: 4794ms, PromptTokens: 2780, CompletionTokens: 354, Cost: $0.00042
2026-02-03 09:52:38,956 - Knowledge - INFO - Worker kw9 processing /app/data/T0002/210801/b7232xo/odoo-210801/addons/report_intrastat/report_intrastat_data.xml
2026-02-03 09:52:38,972 - Knowledge - INFO - done ingest for /app/data/T0002/210801/b7232xo/odoo-210801/addons/hr_timesheet_sheet/wizard/wizard_timesheet_department.py
2026-02-03 09:52:39,043 - Knowledge - INFO - Fast-tracked /app/data/T0002/210801/b7232xo/odoo-210801/addons/report_intrastat/report_intrastat_data.xml (ext=.xml, size=2928)
2026-02-03 09:52:39,091 - Knowledge - INFO - Worker kw9 processing /app/data/T0002/210801/b7232xo/odoo-210801/addons/report_intrastat/__init__.py
2026-02-03 09:52:39,133 - Knowledge - INFO - Fast-tracked /app/data/T0002/210801/b7232xo/odoo-210801/addons/report_intrastat/__init__.py (ext=.py, size=1097)
2026-02-03 09:52:39,164 - Knowledge - INFO - Worker kw9 processing /app/data/T0002/210801/b7232xo/odoo-210801/addons/subscription/subscription.py
2026-02-03 09:52:39,187 - Knowledge - INFO - Worker kw9 processing /app/data/T0002/210801/b7232xo/odoo-210801/addons/subscription/subscription_view.xml
2026-02-03 09:52:39,251 - Knowledge - INFO - Fast-tracked /app/data/T0002/210801/b7232xo/odoo-210801/addons/subscription/subscription_view.xml (ext=.xml, size=7431)
2026-02-03 09:52:39,251 - Knowledge - INFO - Worker kw9 processing /app/data/T0002/210801/b7232xo/odoo-210801/addons/subscription/__terp__.py
2026-02-03 09:52:39,323 - Knowledge - INFO - Fast-tracked /app/data/T0002/210801/b7232xo/odoo-210801/addons/subscription/__terp__.py (ext=.py, size=1528)
2026-02-03 09:52:39,349 - Knowledge - INFO - Worker kw9 processing /app/data/T0002/210801/b7232xo/odoo-210801/addons/subscription/__init__.py
2026-02-03 09:52:39,380 - Knowledge - INFO - Fast-tracked /app/data/T0002/210801/b7232xo/odoo-210801/addons/subscription/__init__.py (ext=.py, size=1079)
2026-02-03 09:52:39,413 - Knowledge - INFO - Worker kw9 processing /app/data/T0002/210801/b7232xo/odoo-210801/addons/l10n_ch/dta.py
2026-02-03 09:52:39,467 - Knowledge - INFO - Worker kw9 processing /app/data/T0002/210801/b7232xo/odoo-210801/addons/l10n_ch/zip_code_default.xml
2026-02-03 09:52:39,523 - Knowledge - INFO - Fast-tracked /app/data/T0002/210801/b7232xo/odoo-210801/addons/l10n_ch/zip_code_default.xml (ext=.xml, size=1528013)
2026-02-03 09:52:39,981 - Knowledge - INFO - [kw16] Queue=525, InProgress=0, PendingWorkers=20/20, Completed=690/1263 (54.6%)
2026-02-03 09:52:40,001 - Knowledge - INFO - Batch sizing: calculated=8, max_allowed=10, queue=525, active_workers=20/20
2026-02-03 09:52:40,039 - Knowledge - INFO - Async storage completed for 8 embeddings
2026-02-03 09:52:40,230 - Knowledge - INFO - [LLM_CALL] Completed: hr_timesheet_sheet.py:chunk1, Duration: 12013ms, PromptTokens: 15748, CompletionTokens: 1118, Cost: $0.00202
2026-02-03 09:52:40,238 - Knowledge - INFO - done ingest for /app/data/T0002/210801/b7232xo/odoo-210801/addons/hr_timesheet_sheet/hr_timesheet_sheet.py
2026-02-03 09:52:40,484 - Knowledge - INFO - process ingested knowledge for /app/data/T0002/210801/b7232xo/odoo-210801/addons/crm_configuration/crm_lead_demo.xml
2026-02-03 09:52:41,276 - Knowledge - INFO - process ingested knowledge for /app/data/T0002/210801/b7232xo/odoo-210801/addons/mrp_subproduct/mrp_subproduct_view.xml
2026-02-03 09:52:41,768 - Knowledge - INFO - process ingested knowledge for /app/data/T0002/210801/b7232xo/odoo-210801/addons/product/report/product_label.xml
2026-02-03 09:52:41,780 - Knowledge - INFO - process ingested knowledge for /app/data/T0002/210801/b7232xo/odoo-210801/addons/crm_configuration/crm_bugs_view.xml
2026-02-03 09:52:42,562 - Knowledge - INFO - Async storing batch of 8 embeddings
2026-02-03 09:52:42,589 - Knowledge - INFO - Worker kw16 processing /app/data/T0002/210801/b7232xo/odoo-210801/addons/l10n_ch/account_journal_view.xml
2026-02-03 09:52:42,664 - Knowledge - INFO - Fast-tracked /app/data/T0002/210801/b7232xo/odoo-210801/addons/l10n_ch/account_journal_view.xml (ext=.xml, size=2140)
2026-02-03 09:52:42,665 - Knowledge - INFO - Worker kw16 processing /app/data/T0002/210801/b7232xo/odoo-210801/addons/l10n_ch/company_view.xml
2026-02-03 09:52:42,672 - Knowledge - INFO - Fast-tracked /app/data/T0002/210801/b7232xo/odoo-210801/addons/l10n_ch/company_view.xml (ext=.xml, size=626)
2026-02-03 09:52:42,672 - Knowledge - INFO - Worker kw16 processing /app/data/T0002/210801/b7232xo/odoo-210801/addons/l10n_ch/account_invoice.xml
2026-02-03 09:52:42,732 - Knowledge - INFO - Fast-tracked /app/data/T0002/210801/b7232xo/odoo-210801/addons/l10n_ch/account_invoice.xml (ext=.xml, size=2104)
2026-02-03 09:52:42,732 - Knowledge - INFO - Worker kw16 processing /app/data/T0002/210801/b7232xo/odoo-210801/addons/l10n_ch/l10n_ch_wizard.xml
2026-02-03 09:52:42,769 - Knowledge - INFO - Fast-tracked /app/data/T0002/210801/b7232xo/odoo-210801/addons/l10n_ch/l10n_ch_wizard.xml (ext=.xml, size=464)
2026-02-03 09:52:42,804 - Knowledge - INFO - Worker kw16 processing /app/data/T0002/210801/b7232xo/odoo-210801/addons/l10n_ch/invoice.py
2026-02-03 09:52:42,847 - Knowledge - INFO - Worker kw16 processing /app/data/T0002/210801/b7232xo/odoo-210801/addons/l10n_ch/report/bvr.py
2026-02-03 09:52:42,943 - Knowledge - INFO - Worker kw16 processing /app/data/T0002/210801/b7232xo/odoo-210801/addons/l10n_ch/report/__init__.py
2026-02-03 09:52:43,023 - Knowledge - INFO - Fast-tracked /app/data/T0002/210801/b7232xo/odoo-210801/addons/l10n_ch/report/__init__.py (ext=.py, size=1426)
2026-02-03 09:52:43,033 - Knowledge - INFO - Worker kw16 processing /app/data/T0002/210801/b7232xo/odoo-210801/addons/l10n_ch/readme.txt
2026-02-03 09:52:43,056 - Knowledge - INFO - Fast-tracked /app/data/T0002/210801/b7232xo/odoo-210801/addons/l10n_ch/readme.txt (ext=.txt, size=1388)
2026-02-03 09:52:43,133 - Knowledge - INFO - process ingested knowledge for /app/data/T0002/210801/b7232xo/odoo-210801/addons/crm_configuration/wizard/wizard_opportunity_set.py
2026-02-03 09:52:43,482 - Knowledge - INFO - process ingested knowledge for /app/data/T0002/210801/b7232xo/odoo-210801/addons/product/product_view.xml
2026-02-03 09:52:43,483 - Knowledge - INFO - Async storage completed for 8 embeddings
2026-02-03 09:52:43,901 - Knowledge - INFO - [LLM_CALL] Completed: mrp.py:chunk1, Duration: 9114ms, PromptTokens: 2600, CompletionTokens: 350, Cost: $0.00040
2026-02-03 09:52:43,967 - Knowledge - INFO - done ingest for /app/data/T0002/210801/b7232xo/odoo-210801/addons/project_mrp/mrp.py
2026-02-03 09:52:45,005 - Knowledge - INFO - process ingested knowledge for /app/data/T0002/210801/b7232xo/odoo-210801/addons/mrp_subproduct/__terp__.py
2026-02-03 09:52:45,050 - Knowledge - INFO - Async storing batch of 8 embeddings
2026-02-03 09:52:45,056 - Knowledge - INFO - process ingested knowledge for /app/data/T0002/210801/b7232xo/odoo-210801/addons/crm_configuration/crm_fund_menu.xml
2026-02-03 09:52:45,065 - Knowledge - INFO - Worker kw2 processing /app/data/T0002/210801/b7232xo/odoo-210801/addons/l10n_ch/dta_view.xml
2026-02-03 09:52:45,146 - Knowledge - INFO - Fast-tracked /app/data/T0002/210801/b7232xo/odoo-210801/addons/l10n_ch/dta_view.xml (ext=.xml, size=1478)
2026-02-03 09:52:45,147 - Knowledge - INFO - Worker kw2 processing /app/data/T0002/210801/b7232xo/odoo-210801/addons/l10n_ch/company.py
2026-02-03 09:52:45,192 - Knowledge - INFO - Worker kw2 processing /app/data/T0002/210801/b7232xo/odoo-210801/addons/l10n_ch/__terp__.py
2026-02-03 09:52:45,201 - Knowledge - INFO - [LLM_CALL] Completed: report_intrastat.py:chunk1, Duration: 7230ms, PromptTokens: 3128, CompletionTokens: 428, Cost: $0.00048
2026-02-03 09:52:45,202 - Knowledge - INFO - done ingest for /app/data/T0002/210801/b7232xo/odoo-210801/addons/report_intrastat/report_intrastat.py
2026-02-03 09:52:45,224 - Knowledge - INFO - Worker kw2 processing /app/data/T0002/210801/b7232xo/odoo-210801/addons/l10n_ch/wizard/dta_wizard.py
2026-02-03 09:52:45,242 - Knowledge - INFO - Worker kw2 processing /app/data/T0002/210801/b7232xo/odoo-210801/addons/l10n_ch/wizard/opae_wizard.py
2026-02-03 09:52:45,274 - Knowledge - INFO - Worker kw2 processing /app/data/T0002/210801/b7232xo/odoo-210801/addons/l10n_ch/wizard/wizard_bvr.py
2026-02-03 09:52:45,361 - Knowledge - INFO - Worker kw2 processing /app/data/T0002/210801/b7232xo/odoo-210801/addons/l10n_ch/wizard/bvr_import.py
2026-02-03 09:52:45,374 - Knowledge - INFO - Worker kw2 processing /app/data/T0002/210801/b7232xo/odoo-210801/addons/l10n_ch/wizard/__init__.py
2026-02-03 09:52:45,423 - Knowledge - INFO - Fast-tracked /app/data/T0002/210801/b7232xo/odoo-210801/addons/l10n_ch/wizard/__init__.py (ext=.py, size=1560)
2026-02-03 09:52:45,526 - Knowledge - INFO - Fast-tracked /app/data/T0002/210801/b7232xo/odoo-210801/addons/l10n_ch/company.py (small file (2036 bytes))
2026-02-03 09:52:45,595 - Knowledge - INFO - process ingested knowledge for /app/data/T0002/210801/b7232xo/odoo-210801/addons/product/pricelist.py
2026-02-03 09:52:46,745 - Knowledge - INFO - [LLM_CALL] Completed: account_analytic_default.py:chunk1, Duration: 11809ms, PromptTokens: 3380, CompletionTokens: 539, Cost: $0.00055
2026-02-03 09:52:46,751 - Knowledge - INFO - done ingest for /app/data/T0002/210801/b7232xo/odoo-210801/addons/account_analytic_default/account_analytic_default.py
2026-02-03 09:52:47,003 - Knowledge - INFO - Async storage completed for 8 embeddings
2026-02-03 09:52:47,188 - Knowledge - INFO - process ingested knowledge for /app/data/T0002/210801/b7232xo/odoo-210801/addons/crm_configuration/crm_fund_view.xml
2026-02-03 09:52:47,254 - Knowledge - INFO - process ingested knowledge for /app/data/T0002/210801/b7232xo/odoo-210801/addons/crm_configuration/crm_fund_demo.xml
2026-02-03 09:52:48,135 - Knowledge - INFO - [kw13] Queue=509, InProgress=0, PendingWorkers=20/20, Completed=701/1263 (55.5%)
2026-02-03 09:52:48,143 - Knowledge - INFO - Batch sizing: calculated=8, max_allowed=10, queue=509, active_workers=20/20
2026-02-03 09:52:48,190 - Knowledge - INFO - process ingested knowledge for /app/data/T0002/210801/b7232xo/odoo-210801/addons/mrp_subproduct/__init__.py
2026-02-03 09:52:49,555 - Knowledge - INFO - [kw10] Queue=509, InProgress=0, PendingWorkers=20/20, Completed=703/1263 (55.7%)
2026-02-03 09:52:49,564 - Knowledge - INFO - Batch sizing: calculated=8, max_allowed=10, queue=509, active_workers=20/20
2026-02-03 09:52:49,967 - Knowledge - INFO - Async storing batch of 8 embeddings
2026-02-03 09:52:49,995 - Knowledge - INFO - Worker kw13 processing /app/data/T0002/210801/b7232xo/odoo-210801/addons/l10n_ch/wizard/journal_config.py
2026-02-03 09:52:50,007 - Knowledge - INFO - process ingested knowledge for /app/data/T0002/210801/b7232xo/odoo-210801/addons/crm_configuration/crm_config_view.xml
2026-02-03 09:52:50,090 - Knowledge - INFO - Worker kw13 processing /app/data/T0002/210801/b7232xo/odoo-210801/addons/l10n_ch/dta_data.xml
2026-02-03 09:52:50,123 - Knowledge - INFO - Fast-tracked /app/data/T0002/210801/b7232xo/odoo-210801/addons/l10n_ch/dta_data.xml (ext=.xml, size=5472)
2026-02-03 09:52:50,123 - Knowledge - INFO - Worker kw13 processing /app/data/T0002/210801/b7232xo/odoo-210801/addons/l10n_ch/account_move_line.py
2026-02-03 09:52:50,130 - Knowledge - INFO - Worker kw13 processing /app/data/T0002/210801/b7232xo/odoo-210801/addons/l10n_ch/data.xml
2026-02-03 09:52:50,145 - Knowledge - INFO - Fast-tracked /app/data/T0002/210801/b7232xo/odoo-210801/addons/l10n_ch/data.xml (ext=.xml, size=4834)
2026-02-03 09:52:50,180 - Knowledge - INFO - Worker kw13 processing /app/data/T0002/210801/b7232xo/odoo-210801/addons/l10n_ch/bvr_wizard.xml
2026-02-03 09:52:50,223 - Knowledge - INFO - Fast-tracked /app/data/T0002/210801/b7232xo/odoo-210801/addons/l10n_ch/bvr_wizard.xml (ext=.xml, size=681)
2026-02-03 09:52:50,263 - Knowledge - INFO - Worker kw13 processing /app/data/T0002/210801/b7232xo/odoo-210801/addons/l10n_ch/bank_ch.xml
2026-02-03 09:52:50,287 - Knowledge - INFO - Fast-tracked /app/data/T0002/210801/b7232xo/odoo-210801/addons/l10n_ch/bank_ch.xml (ext=.xml, size=2016242)
2026-02-03 09:52:50,302 - Knowledge - INFO - Worker kw13 processing /app/data/T0002/210801/b7232xo/odoo-210801/addons/l10n_ch/bank_view.xml
2026-02-03 09:52:50,380 - Knowledge - INFO - Fast-tracked /app/data/T0002/210801/b7232xo/odoo-210801/addons/l10n_ch/bank_view.xml (ext=.xml, size=2367)
2026-02-03 09:52:50,432 - Knowledge - INFO - Worker kw13 processing /app/data/T0002/210801/b7232xo/odoo-210801/addons/l10n_ch/demo/data_demo.xml
2026-02-03 09:52:50,447 - Knowledge - INFO - Fast-tracked /app/data/T0002/210801/b7232xo/odoo-210801/addons/l10n_ch/demo/data_demo.xml (ext=.xml, size=11489)
2026-02-03 09:52:50,873 - Knowledge - INFO - process ingested knowledge for /app/data/T0002/210801/b7232xo/odoo-210801/addons/crm_configuration/crm_opportunity_menu.xml
2026-02-03 09:52:51,059 - Knowledge - INFO - Async storage completed for 8 embeddings
2026-02-03 09:52:52,191 - Knowledge - INFO - Async storing batch of 8 embeddings
2026-02-03 09:52:52,217 - Knowledge - INFO - Worker kw10 processing /app/data/T0002/210801/b7232xo/odoo-210801/addons/l10n_ch/payment.py
2026-02-03 09:52:52,223 - Knowledge - INFO - Processing batch of 8 files
2026-02-03 09:52:52,235 - Knowledge - INFO - process ingested knowledge for /app/data/T0002/210801/b7232xo/odoo-210801/addons/crm_configuration/crm_jobs_data.xml
2026-02-03 09:52:52,246 - Knowledge - INFO - process ingested knowledge for /app/data/T0002/210801/b7232xo/odoo-210801/addons/crm_configuration/crm_phonecall_view.xml
2026-02-03 09:52:52,294 - Knowledge - INFO - Worker kw10 processing /app/data/T0002/210801/b7232xo/odoo-210801/addons/l10n_ch/bvr_view.xml
2026-02-03 09:52:52,353 - Knowledge - INFO - Fast-tracked /app/data/T0002/210801/b7232xo/odoo-210801/addons/l10n_ch/bvr_view.xml (ext=.xml, size=669)
2026-02-03 09:52:52,418 - Knowledge - INFO - Worker kw10 processing /app/data/T0002/210801/b7232xo/odoo-210801/addons/l10n_ch/bank.py
2026-02-03 09:52:52,467 - Knowledge - INFO - Worker kw10 processing /app/data/T0002/210801/b7232xo/odoo-210801/addons/l10n_ch/partner.py
2026-02-03 09:52:52,499 - Knowledge - INFO - Fast-tracked /app/data/T0002/210801/b7232xo/odoo-210801/addons/l10n_ch/partner.py (ext=.py, size=1686)
2026-02-03 09:52:52,523 - Knowledge - INFO - Worker kw10 processing /app/data/T0002/210801/b7232xo/odoo-210801/addons/l10n_ch/__init__.py
2026-02-03 09:52:52,563 - Knowledge - INFO - Fast-tracked /app/data/T0002/210801/b7232xo/odoo-210801/addons/l10n_ch/__init__.py (ext=.py, size=1557)
2026-02-03 09:52:52,572 - Knowledge - INFO - Worker kw10 processing /app/data/T0002/210801/b7232xo/odoo-210801/addons/l10n_ch/l10n_ch_report.xml
2026-02-03 09:52:52,634 - Knowledge - INFO - Fast-tracked /app/data/T0002/210801/b7232xo/odoo-210801/addons/l10n_ch/l10n_ch_report.xml (ext=.xml, size=589)
2026-02-03 09:52:52,635 - Knowledge - INFO - Worker kw10 processing /app/data/T0002/210801/b7232xo/odoo-210801/addons/base_report_creator/base_report_creator_demo.xml
2026-02-03 09:52:52,665 - Knowledge - INFO - Fast-tracked /app/data/T0002/210801/b7232xo/odoo-210801/addons/base_report_creator/base_report_creator_demo.xml (ext=.xml, size=2541)
2026-02-03 09:52:52,671 - Knowledge - INFO - Worker kw10 processing /app/data/T0002/210801/b7232xo/odoo-210801/addons/base_report_creator/base_report_creator_wizard.xml
2026-02-03 09:52:52,763 - Knowledge - INFO - Fast-tracked /app/data/T0002/210801/b7232xo/odoo-210801/addons/base_report_creator/base_report_creator_wizard.xml (ext=.xml, size=305)
2026-02-03 09:52:52,892 - Knowledge - INFO - [LLM_CALL] Completed: subscription.py:chunk1, Duration: 13224ms, PromptTokens: 4374, CompletionTokens: 723, Cost: $0.00073
2026-02-03 09:52:52,898 - Knowledge - INFO - Fast-tracked /app/data/T0002/210801/b7232xo/odoo-210801/addons/l10n_ch/payment.py (small file (2328 bytes))
2026-02-03 09:52:52,930 - Knowledge - INFO - done ingest for /app/data/T0002/210801/b7232xo/odoo-210801/addons/subscription/subscription.py
2026-02-03 09:52:53,200 - Knowledge - INFO - Async storage completed for 8 embeddings
2026-02-03 09:52:53,469 - Knowledge - INFO - process ingested knowledge for /app/data/T0002/210801/b7232xo/odoo-210801/addons/crm_configuration/crm_helpdesk_data.xml
2026-02-03 09:52:54,083 - Knowledge - INFO - [LLM_CALL] Completed: dta.py:chunk1, Duration: 14074ms, PromptTokens: 2824, CompletionTokens: 373, Cost: $0.00043
2026-02-03 09:52:54,088 - Knowledge - INFO - done ingest for /app/data/T0002/210801/b7232xo/odoo-210801/addons/l10n_ch/dta.py
2026-02-03 09:52:54,392 - Knowledge - INFO - [kw3] Queue=493, InProgress=0, PendingWorkers=20/20, Completed=710/1263 (56.2%)
2026-02-03 09:52:54,432 - Knowledge - INFO - Batch sizing: calculated=6, max_allowed=10, queue=493, active_workers=20/20
2026-02-03 09:52:54,775 - Knowledge - INFO - process ingested knowledge for /app/data/T0002/210801/b7232xo/odoo-210801/addons/crm_configuration/__init__.py
2026-02-03 09:52:54,999 - Knowledge - INFO - [LLM_CALL] Completed: invoice.py:chunk1, Duration: 11787ms, PromptTokens: 4026, CompletionTokens: 478, Cost: $0.00059
2026-02-03 09:52:54,999 - Knowledge - INFO - done ingest for /app/data/T0002/210801/b7232xo/odoo-210801/addons/l10n_ch/invoice.py
2026-02-03 09:52:55,786 - Knowledge - INFO - process ingested knowledge for /app/data/T0002/210801/b7232xo/odoo-210801/addons/crm_configuration/crm_bugs_demo.xml
2026-02-03 09:52:56,348 - Knowledge - INFO - Async storing batch of 8 embeddings
2026-02-03 09:52:56,385 - Knowledge - INFO - Worker kw3 processing /app/data/T0002/210801/b7232xo/odoo-210801/addons/base_report_creator/base_report_creator.py
2026-02-03 09:52:56,410 - Knowledge - INFO - Worker kw3 processing /app/data/T0002/210801/b7232xo/odoo-210801/addons/base_report_creator/__terp__.py
2026-02-03 09:52:56,445 - Knowledge - INFO - Fast-tracked /app/data/T0002/210801/b7232xo/odoo-210801/addons/base_report_creator/__terp__.py (ext=.py, size=1755)
2026-02-03 09:52:56,469 - Knowledge - INFO - Worker kw3 processing /app/data/T0002/210801/b7232xo/odoo-210801/addons/base_report_creator/base_report_creator_view.xml
2026-02-03 09:52:56,481 - Knowledge - INFO - Fast-tracked /app/data/T0002/210801/b7232xo/odoo-210801/addons/base_report_creator/base_report_creator_view.xml (ext=.xml, size=7244)
2026-02-03 09:52:56,544 - Knowledge - INFO - Worker kw3 processing /app/data/T0002/210801/b7232xo/odoo-210801/addons/base_report_creator/wizard/report_menu_create.py
2026-02-03 09:52:56,600 - Knowledge - INFO - Worker kw3 processing /app/data/T0002/210801/b7232xo/odoo-210801/addons/base_report_creator/wizard/base_report_creator_open.py
2026-02-03 09:52:56,637 - Knowledge - INFO - Worker kw3 processing /app/data/T0002/210801/b7232xo/odoo-210801/addons/base_report_creator/wizard/__init__.py
2026-02-03 09:52:56,724 - Knowledge - INFO - Fast-tracked /app/data/T0002/210801/b7232xo/odoo-210801/addons/base_report_creator/wizard/__init__.py (ext=.py, size=1145)
2026-02-03 09:52:57,137 - Knowledge - INFO - Fast-tracked /app/data/T0002/210801/b7232xo/odoo-210801/addons/base_report_creator/wizard/report_menu_create.py (small file (2914 bytes))
2026-02-03 09:52:57,282 - Knowledge - INFO - Fast-tracked /app/data/T0002/210801/b7232xo/odoo-210801/addons/base_report_creator/wizard/base_report_creator_open.py (small file (2256 bytes))
2026-02-03 09:52:57,289 - Knowledge - INFO - Async storage completed for 8 embeddings
2026-02-03 09:52:57,446 - Knowledge - INFO - Processing batch of 8 files
2026-02-03 09:52:57,452 - Knowledge - INFO - process ingested knowledge for /app/data/T0002/210801/b7232xo/odoo-210801/addons/hr_timesheet_sheet/hr_timesheet_sheet_view.xml
2026-02-03 09:52:57,697 - Knowledge - INFO - [LLM_CALL] Completed: bvr.py:chunk1, Duration: 14285ms, PromptTokens: 2960, CompletionTokens: 512, Cost: $0.00050
2026-02-03 09:52:57,705 - Knowledge - INFO - done ingest for /app/data/T0002/210801/b7232xo/odoo-210801/addons/l10n_ch/report/bvr.py
2026-02-03 09:52:58,052 - Knowledge - INFO - process ingested knowledge for /app/data/T0002/210801/b7232xo/odoo-210801/addons/crm_configuration/crm_opportunity_view.xml
2026-02-03 09:52:58,158 - Knowledge - INFO - [WEBSOCKET] Sent: Type=progress_update, Size: 293, Duration: 0ms
2026-02-03 09:52:58,224 - Knowledge - INFO - [WEBSOCKET] Sent: Type=unknown, Size: ?, Duration: 65ms
2026-02-03 09:52:58,224 - Knowledge - INFO - Progress: 56.6% | Files: 715/1263 | Rate: 2.36 files/sec | Queue: 487
2026-02-03 09:52:58,650 - Knowledge - INFO - process ingested knowledge for /app/data/T0002/210801/b7232xo/odoo-210801/addons/crm_configuration/crm_bugs_menu.xml
2026-02-03 09:52:58,887 - Knowledge - INFO - [LLM_CALL] Completed: bank.py:chunk1, Duration: 5741ms, PromptTokens: 2890, CompletionTokens: 325, Cost: $0.00042
2026-02-03 09:52:58,891 - Knowledge - INFO - done ingest for /app/data/T0002/210801/b7232xo/odoo-210801/addons/l10n_ch/bank.py
2026-02-03 09:52:59,048 - Knowledge - INFO - process ingested knowledge for /app/data/T0002/210801/b7232xo/odoo-210801/addons/hr_timesheet_sheet/hr_timesheet_workflow.xml
2026-02-03 09:52:59,456 - Knowledge - INFO - process ingested knowledge for /app/data/T0002/210801/b7232xo/odoo-210801/addons/crm_configuration/crm_phonecall_data.xml
2026-02-03 09:53:01,355 - Knowledge - INFO - [kw12] Queue=487, InProgress=0, PendingWorkers=20/20, Completed=723/1263 (57.2%)
2026-02-03 09:53:01,367 - Knowledge - INFO - process ingested knowledge for /app/data/T0002/210801/b7232xo/odoo-210801/addons/crm_configuration/process/crm_configuration_process.xml
2026-02-03 09:53:01,375 - Knowledge - INFO - Batch sizing: calculated=6, max_allowed=10, queue=487, active_workers=20/20
2026-02-03 09:53:02,186 - Knowledge - INFO - [LLM_CALL] Completed: journal_config.py:chunk1, Duration: 11508ms, PromptTokens: 3220, CompletionTokens: 474, Cost: $0.00051
2026-02-03 09:53:02,268 - Knowledge - INFO - done ingest for /app/data/T0002/210801/b7232xo/odoo-210801/addons/l10n_ch/wizard/journal_config.py
2026-02-03 09:53:02,365 - Knowledge - INFO - Processing batch of 8 files
2026-02-03 09:53:02,365 - Knowledge - INFO - process ingested knowledge for /app/data/T0002/210801/b7232xo/odoo-210801/addons/project_mrp/project_workflow.xml
2026-02-03 09:53:02,614 - Knowledge - INFO - [LLM_CALL] Completed: account_move_line.py:chunk1, Duration: 11653ms, PromptTokens: 2110, CompletionTokens: 277, Cost: $0.00032
2026-02-03 09:53:02,649 - Knowledge - INFO - done ingest for /app/data/T0002/210801/b7232xo/odoo-210801/addons/l10n_ch/account_move_line.py
2026-02-03 09:53:03,659 - Knowledge - INFO - [LLM_CALL] Completed: __terp__.py:chunk1, Duration: 18016ms, PromptTokens: 2380, CompletionTokens: 297, Cost: $0.00036
2026-02-03 09:53:03,663 - Knowledge - INFO - done ingest for /app/data/T0002/210801/b7232xo/odoo-210801/addons/l10n_ch/__terp__.py
2026-02-03 09:53:03,992 - Knowledge - INFO - [kw14] Queue=487, InProgress=0, PendingWorkers=20/20, Completed=725/1263 (57.4%)
2026-02-03 09:53:03,992 - Knowledge - INFO - Batch sizing: calculated=6, max_allowed=10, queue=487, active_workers=20/20
2026-02-03 09:53:04,004 - Knowledge - INFO - [kw17] Queue=487, InProgress=0, PendingWorkers=20/20, Completed=727/1263 (57.6%)
2026-02-03 09:53:04,024 - Knowledge - INFO - Batch sizing: calculated=6, max_allowed=10, queue=487, active_workers=20/20
2026-02-03 09:53:04,141 - Knowledge - INFO - Async storing batch of 8 embeddings
2026-02-03 09:53:04,207 - Knowledge - INFO - Worker kw12 processing /app/data/T0002/210801/b7232xo/odoo-210801/addons/base_report_creator/wizard/wiz_set_filter_fields.py
2026-02-03 09:53:04,250 - Knowledge - INFO - Worker kw12 processing /app/data/T0002/210801/b7232xo/odoo-210801/addons/base_report_creator/__init__.py
2026-02-03 09:53:04,298 - Knowledge - INFO - Fast-tracked /app/data/T0002/210801/b7232xo/odoo-210801/addons/base_report_creator/__init__.py (ext=.py, size=1099)
2026-02-03 09:53:04,328 - Knowledge - INFO - Worker kw12 processing /app/data/T0002/210801/b7232xo/odoo-210801/addons/sale/test/invoice_packing.xml
2026-02-03 09:53:04,396 - Knowledge - INFO - Fast-tracked /app/data/T0002/210801/b7232xo/odoo-210801/addons/sale/test/invoice_packing.xml (ext=.xml, size=7462)
2026-02-03 09:53:04,397 - Knowledge - INFO - Worker kw12 processing /app/data/T0002/210801/b7232xo/odoo-210801/addons/sale/test/bug399817.xml
2026-02-03 09:53:04,433 - Knowledge - INFO - Fast-tracked /app/data/T0002/210801/b7232xo/odoo-210801/addons/sale/test/bug399817.xml (ext=.xml, size=3061)
2026-02-03 09:53:04,445 - Knowledge - INFO - Worker kw12 processing /app/data/T0002/210801/b7232xo/odoo-210801/addons/sale/test/bug461801.xml
2026-02-03 09:53:04,497 - Knowledge - INFO - Fast-tracked /app/data/T0002/210801/b7232xo/odoo-210801/addons/sale/test/bug461801.xml (ext=.xml, size=3750)
2026-02-03 09:53:04,628 - Knowledge - INFO - Worker kw12 processing /app/data/T0002/210801/b7232xo/odoo-210801/addons/sale/test/sale_test.xml
2026-02-03 09:53:04,697 - Knowledge - INFO - process ingested knowledge for /app/data/T0002/210801/b7232xo/odoo-210801/addons/project_mrp/mrp.py
2026-02-03 09:53:04,698 - Knowledge - INFO - Fast-tracked /app/data/T0002/210801/b7232xo/odoo-210801/addons/sale/test/sale_test.xml (ext=.xml, size=20810)
2026-02-03 09:53:05,025 - Knowledge - INFO - Async storage completed for 8 embeddings
2026-02-03 09:53:05,345 - Knowledge - INFO - [LLM_CALL] Completed: wizard_bvr.py:chunk1, Duration: 18573ms, PromptTokens: 2440, CompletionTokens: 309, Cost: $0.00037
2026-02-03 09:53:05,346 - Knowledge - INFO - done ingest for /app/data/T0002/210801/b7232xo/odoo-210801/addons/l10n_ch/wizard/wizard_bvr.py
2026-02-03 09:53:05,569 - Knowledge - INFO - process ingested knowledge for /app/data/T0002/210801/b7232xo/odoo-210801/addons/hr_timesheet_sheet/__terp__.py
2026-02-03 09:53:05,595 - Knowledge - INFO - Async storing batch of 8 embeddings
2026-02-03 09:53:05,626 - Knowledge - INFO - Async storing batch of 8 embeddings
2026-02-03 09:53:05,654 - Knowledge - INFO - Worker kw17 processing /app/data/T0002/210801/b7232xo/odoo-210801/addons/sale/sale.py
2026-02-03 09:53:05,692 - Knowledge - INFO - Worker kw14 processing /app/data/T0002/210801/b7232xo/odoo-210801/addons/sale/sale_demo.xml
2026-02-03 09:53:05,740 - Knowledge - INFO - Worker kw17 processing /app/data/T0002/210801/b7232xo/odoo-210801/addons/sale/report/sale_prepare_allot.py
2026-02-03 09:53:05,763 - Knowledge - INFO - Fast-tracked /app/data/T0002/210801/b7232xo/odoo-210801/addons/sale/sale_demo.xml (ext=.xml, size=9162)
2026-02-03 09:53:05,771 - Knowledge - INFO - Worker kw14 processing /app/data/T0002/210801/b7232xo/odoo-210801/addons/sale/security/sale_security.xml
2026-02-03 09:53:05,772 - Knowledge - INFO - Fast-tracked /app/data/T0002/210801/b7232xo/odoo-210801/addons/sale/report/sale_prepare_allot.py (ext=.py, size=1940)
2026-02-03 09:53:05,787 - Knowledge - INFO - Worker kw17 processing /app/data/T0002/210801/b7232xo/odoo-210801/addons/sale/report/order.py
2026-02-03 09:53:05,828 - Knowledge - INFO - Fast-tracked /app/data/T0002/210801/b7232xo/odoo-210801/addons/sale/security/sale_security.xml (ext=.xml, size=471)
2026-02-03 09:53:05,829 - Knowledge - INFO - Worker kw14 processing /app/data/T0002/210801/b7232xo/odoo-210801/addons/sale/mrp_view.xml
2026-02-03 09:53:05,851 - Knowledge - INFO - Fast-tracked /app/data/T0002/210801/b7232xo/odoo-210801/addons/sale/report/order.py (ext=.py, size=1445)
2026-02-03 09:53:05,852 - Knowledge - INFO - Fast-tracked /app/data/T0002/210801/b7232xo/odoo-210801/addons/sale/mrp_view.xml (ext=.xml, size=557)
2026-02-03 09:53:05,867 - Knowledge - INFO - Worker kw17 processing /app/data/T0002/210801/b7232xo/odoo-210801/addons/sale/report/__init__.py
2026-02-03 09:53:05,877 - Knowledge - INFO - Worker kw14 processing /app/data/T0002/210801/b7232xo/odoo-210801/addons/sale/product.py
2026-02-03 09:53:05,932 - Knowledge - INFO - Fast-tracked /app/data/T0002/210801/b7232xo/odoo-210801/addons/sale/report/__init__.py (ext=.py, size=1096)
2026-02-03 09:53:05,933 - Knowledge - INFO - Worker kw17 processing /app/data/T0002/210801/b7232xo/odoo-210801/addons/sale/mrp.py
2026-02-03 09:53:05,945 - Knowledge - INFO - Worker kw14 processing /app/data/T0002/210801/b7232xo/odoo-210801/addons/sale/sale_wizard.xml
2026-02-03 09:53:06,028 - Knowledge - INFO - Worker kw17 processing /app/data/T0002/210801/b7232xo/odoo-210801/addons/sale/sale_workflow.xml
2026-02-03 09:53:06,044 - Knowledge - INFO - Fast-tracked /app/data/T0002/210801/b7232xo/odoo-210801/addons/sale/sale_wizard.xml (ext=.xml, size=761)
2026-02-03 09:53:06,050 - Knowledge - INFO - Worker kw14 processing /app/data/T0002/210801/b7232xo/odoo-210801/addons/sale/sale_sequence.xml
2026-02-03 09:53:06,055 - Knowledge - INFO - Fast-tracked /app/data/T0002/210801/b7232xo/odoo-210801/addons/sale/sale_workflow.xml (ext=.xml, size=11639)
2026-02-03 09:53:06,063 - Knowledge - INFO - Fast-tracked /app/data/T0002/210801/b7232xo/odoo-210801/addons/sale/sale_sequence.xml (ext=.xml, size=586)
2026-02-03 09:53:06,199 - Knowledge - INFO - Fast-tracked /app/data/T0002/210801/b7232xo/odoo-210801/addons/sale/product.py (small file (3006 bytes))
2026-02-03 09:53:06,234 - Knowledge - INFO - Async storage completed for 8 embeddings
2026-02-03 09:53:06,294 - Knowledge - INFO - Fast-tracked /app/data/T0002/210801/b7232xo/odoo-210801/addons/sale/mrp.py (small file (2936 bytes))
2026-02-03 09:53:06,384 - Knowledge - INFO - Async storage completed for 8 embeddings
2026-02-03 09:53:06,385 - Knowledge - INFO - process ingested knowledge for /app/data/T0002/210801/b7232xo/odoo-210801/addons/project_mrp/project.py
2026-02-03 09:53:07,484 - Knowledge - INFO - process ingested knowledge for /app/data/T0002/210801/b7232xo/odoo-210801/addons/crm_configuration/crm_lead_data.xml
2026-02-03 09:53:07,490 - Knowledge - INFO - process ingested knowledge for /app/data/T0002/210801/b7232xo/odoo-210801/addons/hr_timesheet_sheet/wizard/wizard_timesheet_department.py
2026-02-03 09:53:07,523 - Knowledge - INFO - [kw6] Queue=469, InProgress=0, PendingWorkers=20/20, Completed=734/1263 (58.1%)
2026-02-03 09:53:08,079 - Knowledge - INFO - process ingested knowledge for /app/data/T0002/210801/b7232xo/odoo-210801/addons/project_mrp/__terp__.py
2026-02-03 09:53:08,110 - Knowledge - INFO - Batch sizing: calculated=6, max_allowed=10, queue=469, active_workers=20/20
2026-02-03 09:53:08,742 - Knowledge - INFO - process ingested knowledge for /app/data/T0002/210801/b7232xo/odoo-210801/addons/hr_timesheet_sheet/hr_timesheet_sheet.py
2026-02-03 09:53:08,763 - Knowledge - INFO - [kw1] Queue=469, InProgress=0, PendingWorkers=20/20, Completed=740/1263 (58.6%)
2026-02-03 09:53:08,816 - Knowledge - INFO - Batch sizing: calculated=6, max_allowed=10, queue=469, active_workers=20/20
2026-02-03 09:53:09,156 - Knowledge - INFO - process ingested knowledge for /app/data/T0002/210801/b7232xo/odoo-210801/addons/hr_timesheet_sheet/wizard/wizard_timesheet_current.py
2026-02-03 09:53:09,832 - Knowledge - INFO - [LLM_CALL] Completed: dta_wizard.py:chunk1, Duration: 23779ms, PromptTokens: 11960, CompletionTokens: 631, Cost: $0.00145
2026-02-03 09:53:09,832 - Knowledge - INFO - done ingest for /app/data/T0002/210801/b7232xo/odoo-210801/addons/l10n_ch/wizard/dta_wizard.py
2026-02-03 09:53:09,850 - Knowledge - INFO - Async storing batch of 8 embeddings
2026-02-03 09:53:09,867 - Knowledge - INFO - Processing batch of 8 files
2026-02-03 09:53:09,869 - Knowledge - INFO - process ingested knowledge for /app/data/T0002/210801/b7232xo/odoo-210801/addons/project_mrp/__init__.py
2026-02-03 09:53:09,886 - Knowledge - INFO - process ingested knowledge for /app/data/T0002/210801/b7232xo/odoo-210801/addons/l10n_ch/account_journal_view.xml
2026-02-03 09:53:09,925 - Knowledge - INFO - process ingested knowledge for /app/data/T0002/210801/b7232xo/odoo-210801/addons/hr_timesheet_sheet/hr_timesheet_sheet_demo.xml
2026-02-03 09:53:09,946 - Knowledge - INFO - Worker kw6 processing /app/data/T0002/210801/b7232xo/odoo-210801/addons/sale/__terp__.py
2026-02-03 09:53:09,972 - Knowledge - INFO - Async storing batch of 8 embeddings
2026-02-03 09:53:10,241 - Knowledge - INFO - Worker kw6 processing /app/data/T0002/210801/b7232xo/odoo-210801/addons/sale/sale_view.xml
2026-02-03 09:53:10,242 - Knowledge - INFO - Worker kw1 processing /app/data/T0002/210801/b7232xo/odoo-210801/addons/sale/stock_view.xml
2026-02-03 09:53:10,280 - Knowledge - INFO - Fast-tracked /app/data/T0002/210801/b7232xo/odoo-210801/addons/sale/stock_view.xml (ext=.xml, size=1183)
2026-02-03 09:53:10,292 - Knowledge - INFO - Worker kw1 processing /app/data/T0002/210801/b7232xo/odoo-210801/addons/sale/sale_data.xml
2026-02-03 09:53:10,305 - Knowledge - INFO - Fast-tracked /app/data/T0002/210801/b7232xo/odoo-210801/addons/sale/sale_data.xml (ext=.xml, size=1126)
2026-02-03 09:53:10,305 - Knowledge - INFO - Worker kw1 processing /app/data/T0002/210801/b7232xo/odoo-210801/addons/sale/stock.py
2026-02-03 09:53:10,323 - Knowledge - INFO - Fast-tracked /app/data/T0002/210801/b7232xo/odoo-210801/addons/sale/sale_view.xml (ext=.xml, size=30759)
2026-02-03 09:53:10,323 - Knowledge - INFO - Worker kw6 processing /app/data/T0002/210801/b7232xo/odoo-210801/addons/sale/wizard/make_invoice_advance.py
2026-02-03 09:53:10,341 - Knowledge - INFO - Worker kw1 processing /app/data/T0002/210801/b7232xo/odoo-210801/addons/sale/__init__.py
2026-02-03 09:53:10,358 - Knowledge - INFO - Fast-tracked /app/data/T0002/210801/b7232xo/odoo-210801/addons/sale/__init__.py (ext=.py, size=1273)
2026-02-03 09:53:10,359 - Knowledge - INFO - Worker kw6 processing /app/data/T0002/210801/b7232xo/odoo-210801/addons/sale/wizard/make_invoice.py
2026-02-03 09:53:10,371 - Knowledge - INFO - Worker kw1 processing /app/data/T0002/210801/b7232xo/odoo-210801/addons/sale/sale_report.xml
2026-02-03 09:53:10,472 - Knowledge - INFO - Worker kw6 processing /app/data/T0002/210801/b7232xo/odoo-210801/addons/sale/wizard/__init__.py
2026-02-03 09:53:10,494 - Knowledge - INFO - process ingested knowledge for /app/data/T0002/210801/b7232xo/odoo-210801/addons/hr_timesheet_sheet/wizard/__init__.py
2026-02-03 09:53:10,533 - Knowledge - INFO - Fast-tracked /app/data/T0002/210801/b7232xo/odoo-210801/addons/sale/sale_report.xml (ext=.xml, size=231)
2026-02-03 09:53:10,535 - Knowledge - INFO - Fast-tracked /app/data/T0002/210801/b7232xo/odoo-210801/addons/sale/wizard/__init__.py (ext=.py, size=1157)
2026-02-03 09:53:10,629 - Knowledge - INFO - Worker kw1 processing /app/data/T0002/210801/b7232xo/odoo-210801/addons/sale/process/sale_process.xml
2026-02-03 09:53:10,663 - Knowledge - INFO - Worker kw6 processing /app/data/T0002/210801/b7232xo/odoo-210801/addons/sale/wizard/wizard_sale_line_invoice.py
2026-02-03 09:53:10,868 - Knowledge - INFO - Fast-tracked /app/data/T0002/210801/b7232xo/odoo-210801/addons/sale/process/sale_process.xml (ext=.xml, size=18887)
2026-02-03 09:53:11,042 - Knowledge - INFO - Fast-tracked /app/data/T0002/210801/b7232xo/odoo-210801/addons/sale/__terp__.py (small file (2441 bytes))
2026-02-03 09:53:11,043 - Knowledge - INFO - process ingested knowledge for /app/data/T0002/210801/b7232xo/odoo-210801/addons/project_mrp/process/project_mrp_process.xml
2026-02-03 09:53:11,167 - Knowledge - INFO - [LLM_CALL] Completed: base_report_creator.py:chunk1, Duration: 14195ms, PromptTokens: 11360, CompletionTokens: 962, Cost: $0.00152
2026-02-03 09:53:11,178 - Knowledge - INFO - done ingest for /app/data/T0002/210801/b7232xo/odoo-210801/addons/base_report_creator/base_report_creator.py
2026-02-03 09:53:11,194 - Knowledge - INFO - Async storage completed for 8 embeddings
2026-02-03 09:53:11,750 - Knowledge - INFO - Async storage completed for 8 embeddings
2026-02-03 09:53:12,040 - Knowledge - INFO - process ingested knowledge for /app/data/T0002/210801/b7232xo/odoo-210801/addons/l10n_ch/company_view.xml
2026-02-03 09:53:12,065 - Knowledge - INFO - Processing batch of 8 files
2026-02-03 09:53:12,086 - Knowledge - INFO - process ingested knowledge for /app/data/T0002/210801/b7232xo/odoo-210801/addons/report_intrastat/report_intrastat_data.xml
2026-02-03 09:53:12,087 - Knowledge - INFO - Processing batch of 6 files
2026-02-03 09:53:12,171 - Knowledge - INFO - process ingested knowledge for /app/data/T0002/210801/b7232xo/odoo-210801/addons/sale/sale_demo.xml
2026-02-03 09:53:12,238 - Knowledge - INFO - Processing batch of 8 files
2026-02-03 09:53:12,244 - Knowledge - INFO - process ingested knowledge for /app/data/T0002/210801/b7232xo/odoo-210801/addons/account_analytic_default/__terp__.py
2026-02-03 09:53:12,660 - Knowledge - INFO - Processing batch of 8 files
2026-02-03 09:53:12,729 - Knowledge - INFO - process ingested knowledge for /app/data/T0002/210801/b7232xo/odoo-210801/addons/l10n_ch/payment.py
2026-02-03 09:53:13,056 - Knowledge - INFO - process ingested knowledge for /app/data/T0002/210801/b7232xo/odoo-210801/addons/l10n_ch/account_invoice.xml
2026-02-03 09:53:13,071 - Knowledge - INFO - process ingested knowledge for /app/data/T0002/210801/b7232xo/odoo-210801/addons/report_intrastat/__init__.py
2026-02-03 09:53:13,145 - Knowledge - INFO - [WEBSOCKET] Sent: Type=progress_update, Size: 293, Duration: 0ms
2026-02-03 09:53:13,156 - Knowledge - INFO - process ingested knowledge for /app/data/T0002/210801/b7232xo/odoo-210801/addons/account_analytic_default/__init__.py
2026-02-03 09:53:13,168 - Knowledge - INFO - process ingested knowledge for /app/data/T0002/210801/b7232xo/odoo-210801/addons/account_analytic_default/account_analytic_default.py
2026-02-03 09:53:13,170 - Knowledge - INFO - process ingested knowledge for /app/data/T0002/210801/b7232xo/odoo-210801/addons/l10n_ch/bvr_view.xml
2026-02-03 09:53:13,174 - Knowledge - INFO - process ingested knowledge for /app/data/T0002/210801/b7232xo/odoo-210801/addons/hr_timesheet_sheet/__init__.py
2026-02-03 09:53:13,186 - Knowledge - INFO - process ingested knowledge for /app/data/T0002/210801/b7232xo/odoo-210801/addons/l10n_ch/l10n_ch_wizard.xml
2026-02-03 09:53:13,187 - Knowledge - INFO - process ingested knowledge for /app/data/T0002/210801/b7232xo/odoo-210801/addons/subscription/subscription.py
2026-02-03 09:53:13,253 - Knowledge - INFO - [WEBSOCKET] Sent: Type=unknown, Size: ?, Duration: 108ms
2026-02-03 09:53:13,423 - Knowledge - INFO - Progress: 59.8% | Files: 756/1263 | Rate: 2.36 files/sec | Queue: 457
2026-02-03 09:53:13,445 - Knowledge - INFO - [LLM_CALL] Completed: wiz_set_filter_fields.py:chunk1, Duration: 8588ms, PromptTokens: 5934, CompletionTokens: 470, Cost: $0.00078
2026-02-03 09:53:13,456 - Knowledge - INFO - done ingest for /app/data/T0002/210801/b7232xo/odoo-210801/addons/base_report_creator/wizard/wiz_set_filter_fields.py
2026-02-03 09:53:14,796 - Knowledge - INFO - [LLM_CALL] Completed: bvr_import.py:chunk1, Duration: 27820ms, PromptTokens: 5460, CompletionTokens: 406, Cost: $0.00071
2026-02-03 09:53:14,796 - Knowledge - INFO - done ingest for /app/data/T0002/210801/b7232xo/odoo-210801/addons/l10n_ch/wizard/bvr_import.py
2026-02-03 09:53:14,934 - Knowledge - INFO - process ingested knowledge for /app/data/T0002/210801/b7232xo/odoo-210801/addons/sale/security/sale_security.xml
2026-02-03 09:53:15,045 - Knowledge - INFO - process ingested knowledge for /app/data/T0002/210801/b7232xo/odoo-210801/addons/account_analytic_default/account_analytic_default_view.xml
2026-02-03 09:53:15,069 - Knowledge - INFO - process ingested knowledge for /app/data/T0002/210801/b7232xo/odoo-210801/addons/l10n_ch/bank.py
2026-02-03 09:53:15,089 - Knowledge - INFO - process ingested knowledge for /app/data/T0002/210801/b7232xo/odoo-210801/addons/l10n_ch/invoice.py
2026-02-03 09:53:15,103 - Knowledge - INFO - [kw8] Queue=457, InProgress=0, PendingWorkers=20/20, Completed=757/1263 (59.9%)
2026-02-03 09:53:15,103 - Knowledge - INFO - Batch sizing: calculated=6, max_allowed=10, queue=457, active_workers=20/20
2026-02-03 09:53:15,918 - Knowledge - INFO - process ingested knowledge for /app/data/T0002/210801/b7232xo/odoo-210801/addons/report_intrastat/intrastat_report.xml
2026-02-03 09:53:15,934 - Knowledge - INFO - process ingested knowledge for /app/data/T0002/210801/b7232xo/odoo-210801/addons/sale/mrp_view.xml
2026-02-03 09:53:15,957 - Knowledge - INFO - process ingested knowledge for /app/data/T0002/210801/b7232xo/odoo-210801/addons/subscription/subscription_view.xml
2026-02-03 09:53:16,072 - Knowledge - INFO - Async storing batch of 8 embeddings
2026-02-03 09:53:16,099 - Knowledge - INFO - Worker kw8 processing /app/data/T0002/210801/b7232xo/odoo-210801/addons/mrp_jit/test/mrp_jit_test.xml
2026-02-03 09:53:16,128 - Knowledge - INFO - Fast-tracked /app/data/T0002/210801/b7232xo/odoo-210801/addons/mrp_jit/test/mrp_jit_test.xml (ext=.xml, size=19262)
2026-02-03 09:53:16,139 - Knowledge - INFO - Worker kw8 processing /app/data/T0002/210801/b7232xo/odoo-210801/addons/mrp_jit/mrp_jit.xml
2026-02-03 09:53:16,183 - Knowledge - INFO - Fast-tracked /app/data/T0002/210801/b7232xo/odoo-210801/addons/mrp_jit/mrp_jit.xml (ext=.xml, size=349)
2026-02-03 09:53:16,191 - Knowledge - INFO - Worker kw8 processing /app/data/T0002/210801/b7232xo/odoo-210801/addons/mrp_jit/__terp__.py
2026-02-03 09:53:16,287 - Knowledge - INFO - Worker kw8 processing /app/data/T0002/210801/b7232xo/odoo-210801/addons/mrp_jit/__init__.py
2026-02-03 09:53:16,396 - Knowledge - INFO - Fast-tracked /app/data/T0002/210801/b7232xo/odoo-210801/addons/mrp_jit/__init__.py (ext=.py, size=1058)
2026-02-03 09:53:16,463 - Knowledge - INFO - Worker kw8 processing /app/data/T0002/210801/b7232xo/odoo-210801/addons/base_vat/__terp__.py
2026-02-03 09:53:16,485 - Knowledge - INFO - Fast-tracked /app/data/T0002/210801/b7232xo/odoo-210801/addons/base_vat/__terp__.py (ext=.py, size=1428)
2026-02-03 09:53:16,541 - Knowledge - INFO - Worker kw8 processing /app/data/T0002/210801/b7232xo/odoo-210801/addons/base_vat/base_vat_data.xml
2026-02-03 09:53:16,588 - Knowledge - INFO - Fast-tracked /app/data/T0002/210801/b7232xo/odoo-210801/addons/base_vat/base_vat_data.xml (ext=.xml, size=665)
2026-02-03 09:53:16,692 - Knowledge - INFO - Fast-tracked /app/data/T0002/210801/b7232xo/odoo-210801/addons/mrp_jit/__terp__.py (small file (2042 bytes))
2026-02-03 09:53:16,698 - Knowledge - INFO - Async storage completed for 8 embeddings
2026-02-03 09:53:16,783 - Knowledge - INFO - [kw5] Queue=451, InProgress=0, PendingWorkers=20/20, Completed=761/1263 (60.3%)
2026-02-03 09:53:16,784 - Knowledge - INFO - Batch sizing: calculated=6, max_allowed=10, queue=451, active_workers=20/20
2026-02-03 09:53:16,787 - Knowledge - INFO - process ingested knowledge for /app/data/T0002/210801/b7232xo/odoo-210801/addons/l10n_ch/partner.py
2026-02-03 09:53:17,346 - Knowledge - INFO - process ingested knowledge for /app/data/T0002/210801/b7232xo/odoo-210801/addons/l10n_ch/report/bvr.py
2026-02-03 09:53:17,366 - Knowledge - INFO - process ingested knowledge for /app/data/T0002/210801/b7232xo/odoo-210801/addons/subscription/__terp__.py
2026-02-03 09:53:17,641 - Knowledge - INFO - [kw11] Queue=451, InProgress=0, PendingWorkers=20/20, Completed=764/1263 (60.5%)
2026-02-03 09:53:17,661 - Knowledge - INFO - process ingested knowledge for /app/data/T0002/210801/b7232xo/odoo-210801/addons/report_intrastat/report_intrastat.py
2026-02-03 09:53:17,661 - Knowledge - INFO - Batch sizing: calculated=6, max_allowed=10, queue=451, active_workers=20/20
2026-02-03 09:53:17,695 - Knowledge - INFO - process ingested knowledge for /app/data/T0002/210801/b7232xo/odoo-210801/addons/hr_timesheet_sheet/process/hr_timesheet_sheet_process.xml
2026-02-03 09:53:17,769 - Knowledge - INFO - process ingested knowledge for /app/data/T0002/210801/b7232xo/odoo-210801/addons/l10n_ch/__init__.py
2026-02-03 09:53:18,541 - Knowledge - INFO - process ingested knowledge for /app/data/T0002/210801/b7232xo/odoo-210801/addons/l10n_ch/report/__init__.py
2026-02-03 09:53:19,861 - Knowledge - INFO - Processing batch of 8 files
2026-02-03 09:53:19,877 - Knowledge - INFO - Async storing batch of 8 embeddings
2026-02-03 09:53:19,878 - Knowledge - INFO - process ingested knowledge for /app/data/T0002/210801/b7232xo/odoo-210801/addons/l10n_ch/wizard/journal_config.py
2026-02-03 09:53:19,890 - Knowledge - INFO - process ingested knowledge for /app/data/T0002/210801/b7232xo/odoo-210801/addons/sale/product.py
2026-02-03 09:53:19,902 - Knowledge - INFO - Worker kw5 processing /app/data/T0002/210801/b7232xo/odoo-210801/addons/base_vat/partner.py
2026-02-03 09:53:19,910 - Knowledge - INFO - process ingested knowledge for /app/data/T0002/210801/b7232xo/odoo-210801/addons/report_intrastat/report/invoice.py
2026-02-03 09:53:19,929 - Knowledge - INFO - process ingested knowledge for /app/data/T0002/210801/b7232xo/odoo-210801/addons/l10n_ch/l10n_ch_report.xml
2026-02-03 09:53:19,937 - Knowledge - INFO - process ingested knowledge for /app/data/T0002/210801/b7232xo/odoo-210801/addons/subscription/__init__.py
2026-02-03 09:53:19,962 - Knowledge - INFO - [kw4] Queue=445, InProgress=0, PendingWorkers=20/20, Completed=766/1263 (60.6%)
2026-02-03 09:53:20,023 - Knowledge - INFO - Worker kw5 processing /app/data/T0002/210801/b7232xo/odoo-210801/addons/base_vat/__init__.py
2026-02-03 09:53:20,111 - Knowledge - INFO - [LLM_CALL] Completed: opae_wizard.py:chunk1, Duration: 33661ms, PromptTokens: 12038, CompletionTokens: 713, Cost: $0.00149
2026-02-03 09:53:20,128 - Knowledge - INFO - Batch sizing: calculated=6, max_allowed=10, queue=445, active_workers=20/20
2026-02-03 09:53:20,178 - Knowledge - INFO - done ingest for /app/data/T0002/210801/b7232xo/odoo-210801/addons/l10n_ch/wizard/opae_wizard.py
2026-02-03 09:53:20,196 - Knowledge - INFO - Fast-tracked /app/data/T0002/210801/b7232xo/odoo-210801/addons/base_vat/__init__.py (ext=.py, size=1074)
2026-02-03 09:53:20,308 - Knowledge - INFO - Worker kw5 processing /app/data/T0002/210801/b7232xo/odoo-210801/addons/project_gtd/project_gtd_demo.xml
2026-02-03 09:53:20,402 - Knowledge - INFO - Fast-tracked /app/data/T0002/210801/b7232xo/odoo-210801/addons/project_gtd/project_gtd_demo.xml (ext=.xml, size=4576)
2026-02-03 09:53:20,406 - Knowledge - INFO - Worker kw5 processing /app/data/T0002/210801/b7232xo/odoo-210801/addons/project_gtd/project_gtd_wizard.xml
2026-02-03 09:53:20,415 - Knowledge - INFO - Fast-tracked /app/data/T0002/210801/b7232xo/odoo-210801/addons/project_gtd/project_gtd_wizard.xml (ext=.xml, size=668)
2026-02-03 09:53:20,432 - Knowledge - INFO - Worker kw5 processing /app/data/T0002/210801/b7232xo/odoo-210801/addons/project_gtd/project_gtd.py
2026-02-03 09:53:20,531 - Knowledge - INFO - Worker kw5 processing /app/data/T0002/210801/b7232xo/odoo-210801/addons/project_gtd/__terp__.py
2026-02-03 09:53:20,567 - Knowledge - INFO - [LLM_CALL] Completed: make_invoice_advance.py:chunk1, Duration: 9483ms, PromptTokens: 3912, CompletionTokens: 370, Cost: $0.00054
2026-02-03 09:53:20,579 - Knowledge - INFO - done ingest for /app/data/T0002/210801/b7232xo/odoo-210801/addons/sale/wizard/make_invoice_advance.py
2026-02-03 09:53:20,761 - Knowledge - INFO - process ingested knowledge for /app/data/T0002/210801/b7232xo/odoo-210801/addons/sale/sale_wizard.xml
2026-02-03 09:53:20,781 - Knowledge - INFO - process ingested knowledge for /app/data/T0002/210801/b7232xo/odoo-210801/addons/l10n_ch/readme.txt
2026-02-03 09:53:20,823 - Knowledge - INFO - process ingested knowledge for /app/data/T0002/210801/b7232xo/odoo-210801/addons/l10n_ch/dta_data.xml
2026-02-03 09:53:20,844 - Knowledge - INFO - process ingested knowledge for /app/data/T0002/210801/b7232xo/odoo-210801/addons/report_intrastat/report/__init__.py
2026-02-03 09:53:20,864 - Knowledge - INFO - process ingested knowledge for /app/data/T0002/210801/b7232xo/odoo-210801/addons/base_report_creator/base_report_creator_demo.xml
2026-02-03 09:53:20,912 - Knowledge - INFO - process ingested knowledge for /app/data/T0002/210801/b7232xo/odoo-210801/addons/l10n_ch/dta.py
2026-02-03 09:53:21,172 - Knowledge - INFO - Fast-tracked /app/data/T0002/210801/b7232xo/odoo-210801/addons/project_gtd/__terp__.py (small file (2126 bytes))
2026-02-03 09:53:21,246 - Knowledge - INFO - Async storage completed for 8 embeddings
2026-02-03 09:53:21,391 - Knowledge - INFO - process ingested knowledge for /app/data/T0002/210801/b7232xo/odoo-210801/addons/sale/sale_sequence.xml
2026-02-03 09:53:21,410 - Knowledge - INFO - Processing batch of 6 files
2026-02-03 09:53:21,411 - Knowledge - INFO - process ingested knowledge for /app/data/T0002/210801/b7232xo/odoo-210801/addons/base_report_creator/wizard/wiz_set_filter_fields.py
2026-02-03 09:53:21,412 - Knowledge - INFO - process ingested knowledge for /app/data/T0002/210801/b7232xo/odoo-210801/addons/report_intrastat/report_intrastat_view.xml
2026-02-03 09:53:21,437 - Knowledge - INFO - Async storing batch of 8 embeddings
2026-02-03 09:53:21,467 - Knowledge - INFO - Async storing batch of 8 embeddings
2026-02-03 09:53:21,488 - Knowledge - INFO - Worker kw4 processing /app/data/T0002/210801/b7232xo/odoo-210801/addons/project_gtd/project_gtd_view.xml
2026-02-03 09:53:21,563 - Knowledge - INFO - Fast-tracked /app/data/T0002/210801/b7232xo/odoo-210801/addons/project_gtd/project_gtd_view.xml (ext=.xml, size=10378)
2026-02-03 09:53:21,579 - Knowledge - INFO - Worker kw4 processing /app/data/T0002/210801/b7232xo/odoo-210801/addons/project_gtd/wizard/project_gtd_fill.py
2026-02-03 09:53:21,637 - Knowledge - INFO - Worker kw4 processing /app/data/T0002/210801/b7232xo/odoo-210801/addons/project_gtd/wizard/project_gtd_empty.py
2026-02-03 09:53:21,637 - Knowledge - INFO - Worker kw11 processing /app/data/T0002/210801/b7232xo/odoo-210801/addons/account/account_demo.xml
2026-02-03 09:53:21,652 - Knowledge - INFO - Worker kw4 processing /app/data/T0002/210801/b7232xo/odoo-210801/addons/project_gtd/wizard/project_gtd_daily.py
2026-02-03 09:53:21,667 - Knowledge - INFO - Fast-tracked /app/data/T0002/210801/b7232xo/odoo-210801/addons/account/account_demo.xml (ext=.xml, size=5383)
2026-02-03 09:53:21,668 - Knowledge - INFO - Worker kw11 processing /app/data/T0002/210801/b7232xo/odoo-210801/addons/account/sequence.py
2026-02-03 09:53:21,746 - Knowledge - INFO - Worker kw11 processing /app/data/T0002/210801/b7232xo/odoo-210801/addons/account/test/test_parent_structure.py
2026-02-03 09:53:21,779 - Knowledge - INFO - Worker kw4 processing /app/data/T0002/210801/b7232xo/odoo-210801/addons/project_gtd/wizard/__init__.py
2026-02-03 09:53:21,799 - Knowledge - INFO - Fast-tracked /app/data/T0002/210801/b7232xo/odoo-210801/addons/account/test/test_parent_structure.py (ext=.py, size=2010)
2026-02-03 09:53:21,846 - Knowledge - INFO - Worker kw11 processing /app/data/T0002/210801/b7232xo/odoo-210801/addons/account/test/invoice_bug452854_test.xml
2026-02-03 09:53:21,846 - Knowledge - INFO - Fast-tracked /app/data/T0002/210801/b7232xo/odoo-210801/addons/project_gtd/wizard/__init__.py (ext=.py, size=1132)
2026-02-03 09:53:21,969 - Knowledge - INFO - Worker kw4 processing /app/data/T0002/210801/b7232xo/odoo-210801/addons/project_gtd/__init__.py
2026-02-03 09:53:22,007 - Knowledge - INFO - [LLM_CALL] Completed: make_invoice.py:chunk1, Duration: 10736ms, PromptTokens: 2488, CompletionTokens: 295, Cost: $0.00037
2026-02-03 09:53:22,007 - Knowledge - INFO - Fast-tracked /app/data/T0002/210801/b7232xo/odoo-210801/addons/account/test/invoice_bug452854_test.xml (ext=.xml, size=2818)
2026-02-03 09:53:22,023 - Knowledge - INFO - done ingest for /app/data/T0002/210801/b7232xo/odoo-210801/addons/sale/wizard/make_invoice.py
2026-02-03 09:53:22,043 - Knowledge - INFO - Worker kw11 processing /app/data/T0002/210801/b7232xo/odoo-210801/addons/account/test/invoice_basic_test.xml
2026-02-03 09:53:22,044 - Knowledge - INFO - Fast-tracked /app/data/T0002/210801/b7232xo/odoo-210801/addons/project_gtd/__init__.py (ext=.py, size=1090)
2026-02-03 09:53:22,142 - Knowledge - INFO - Fast-tracked /app/data/T0002/210801/b7232xo/odoo-210801/addons/account/test/invoice_basic_test.xml (ext=.xml, size=3255)
2026-02-03 09:53:22,155 - Knowledge - INFO - Worker kw11 processing /app/data/T0002/210801/b7232xo/odoo-210801/addons/account/company_view.xml
2026-02-03 09:53:22,232 - Knowledge - INFO - Fast-tracked /app/data/T0002/210801/b7232xo/odoo-210801/addons/account/company_view.xml (ext=.xml, size=2370)
2026-02-03 09:53:22,268 - Knowledge - INFO - process ingested knowledge for /app/data/T0002/210801/b7232xo/odoo-210801/addons/l10n_ch/account_move_line.py
2026-02-03 09:53:22,294 - Knowledge - INFO - Fast-tracked /app/data/T0002/210801/b7232xo/odoo-210801/addons/project_gtd/wizard/project_gtd_fill.py (small file (2900 bytes))
2026-02-03 09:53:22,302 - Knowledge - INFO - Fast-tracked /app/data/T0002/210801/b7232xo/odoo-210801/addons/account/sequence.py (small file (2658 bytes))
2026-02-03 09:53:22,373 - Knowledge - INFO - Async storage completed for 8 embeddings
2026-02-03 09:53:22,497 - Knowledge - INFO - Fast-tracked /app/data/T0002/210801/b7232xo/odoo-210801/addons/project_gtd/wizard/project_gtd_empty.py (small file (2272 bytes))
2026-02-03 09:53:22,596 - Knowledge - INFO - Fast-tracked /app/data/T0002/210801/b7232xo/odoo-210801/addons/project_gtd/wizard/project_gtd_daily.py (small file (2381 bytes))
2026-02-03 09:53:22,648 - Knowledge - INFO - Async storage completed for 8 embeddings
2026-02-03 09:53:23,138 - Knowledge - INFO - process ingested knowledge for /app/data/T0002/210801/b7232xo/odoo-210801/addons/base_report_creator/base_report_creator_wizard.xml
2026-02-03 09:53:23,173 - Knowledge - INFO - process ingested knowledge for /app/data/T0002/210801/b7232xo/odoo-210801/addons/l10n_ch/zip_code_default.xml
2026-02-03 09:53:23,209 - Knowledge - INFO - process ingested knowledge for /app/data/T0002/210801/b7232xo/odoo-210801/addons/report_intrastat/__terp__.py
2026-02-03 09:53:23,256 - Knowledge - INFO - process ingested knowledge for /app/data/T0002/210801/b7232xo/odoo-210801/addons/l10n_ch/data.xml
2026-02-03 09:53:23,953 - Knowledge - INFO - process ingested knowledge for /app/data/T0002/210801/b7232xo/odoo-210801/addons/base_report_creator/__init__.py
2026-02-03 09:53:25,082 - Knowledge - INFO - process ingested knowledge for /app/data/T0002/210801/b7232xo/odoo-210801/addons/l10n_ch/bvr_wizard.xml
2026-02-03 09:53:25,112 - Knowledge - INFO - Processing batch of 6 files
2026-02-03 09:53:25,174 - Knowledge - INFO - process ingested knowledge for /app/data/T0002/210801/b7232xo/odoo-210801/addons/mrp_jit/test/mrp_jit_test.xml
2026-02-03 09:53:25,342 - Knowledge - INFO - Processing batch of 6 files
2026-02-03 09:53:25,349 - Knowledge - INFO - process ingested knowledge for /app/data/T0002/210801/b7232xo/odoo-210801/addons/base_report_creator/base_report_creator.py
2026-02-03 09:53:25,789 - Knowledge - INFO - process ingested knowledge for /app/data/T0002/210801/b7232xo/odoo-210801/addons/sale/test/invoice_packing.xml
2026-02-03 09:53:25,867 - Knowledge - INFO - [LLM_CALL] Completed: stock.py:chunk1, Duration: 14825ms, PromptTokens: 4834, CompletionTokens: 804, Cost: $0.00080
2026-02-03 09:53:25,873 - Knowledge - INFO - done ingest for /app/data/T0002/210801/b7232xo/odoo-210801/addons/sale/stock.py
2026-02-03 09:53:26,317 - Knowledge - INFO - process ingested knowledge for /app/data/T0002/210801/b7232xo/odoo-210801/addons/l10n_ch/bank_ch.xml
2026-02-03 09:53:26,774 - Knowledge - INFO - process ingested knowledge for /app/data/T0002/210801/b7232xo/odoo-210801/addons/base_report_creator/__terp__.py
2026-02-03 09:53:26,823 - Knowledge - INFO - process ingested knowledge for /app/data/T0002/210801/b7232xo/odoo-210801/addons/sale/test/bug399817.xml
2026-02-03 09:53:28,223 - Knowledge - INFO - process ingested knowledge for /app/data/T0002/210801/b7232xo/odoo-210801/addons/mrp_jit/mrp_jit.xml
2026-02-03 09:53:28,688 - Knowledge - INFO - [LLM_CALL] Completed: wizard_sale_line_invoice.py:chunk1, Duration: 17087ms, PromptTokens: 2936, CompletionTokens: 363, Cost: $0.00044
2026-02-03 09:53:28,694 - Knowledge - INFO - done ingest for /app/data/T0002/210801/b7232xo/odoo-210801/addons/sale/wizard/wizard_sale_line_invoice.py
2026-02-03 09:53:29,002 - Knowledge - INFO - Processing batch of 6 files
2026-02-03 09:53:29,023 - Knowledge - INFO - process ingested knowledge for /app/data/T0002/210801/b7232xo/odoo-210801/addons/account/account_demo.xml
2026-02-03 09:53:29,441 - Knowledge - INFO - process ingested knowledge for /app/data/T0002/210801/b7232xo/odoo-210801/addons/sale/test/bug461801.xml
2026-02-03 09:53:30,857 - Knowledge - INFO - process ingested knowledge for /app/data/T0002/210801/b7232xo/odoo-210801/addons/l10n_ch/bank_view.xml
2026-02-03 09:53:31,459 - Knowledge - INFO - [LLM_CALL] Completed: project_gtd.py:chunk1, Duration: 10462ms, PromptTokens: 4912, CompletionTokens: 506, Cost: $0.00069
2026-02-03 09:53:31,459 - Knowledge - INFO - done ingest for /app/data/T0002/210801/b7232xo/odoo-210801/addons/project_gtd/project_gtd.py
2026-02-03 09:53:31,900 - Knowledge - INFO - process ingested knowledge for /app/data/T0002/210801/b7232xo/odoo-210801/addons/base_report_creator/base_report_creator_view.xml
2026-02-03 09:53:31,947 - Knowledge - INFO - process ingested knowledge for /app/data/T0002/210801/b7232xo/odoo-210801/addons/account/sequence.py
2026-02-03 09:53:31,974 - Knowledge - INFO - Processing batch of 8 files
2026-02-03 09:53:31,980 - Knowledge - INFO - process ingested knowledge for /app/data/T0002/210801/b7232xo/odoo-210801/addons/l10n_ch/dta_view.xml
2026-02-03 09:53:34,184 - Knowledge - INFO - process ingested knowledge for /app/data/T0002/210801/b7232xo/odoo-210801/addons/mrp_jit/__terp__.py
2026-02-03 09:53:34,198 - Knowledge - INFO - process ingested knowledge for /app/data/T0002/210801/b7232xo/odoo-210801/addons/l10n_ch/demo/data_demo.xml
2026-02-03 09:53:34,297 - Knowledge - INFO - [LLM_CALL] Completed: sale.py:chunk1, Duration: 28105ms, PromptTokens: 27788, CompletionTokens: 1897, Cost: $0.00354
2026-02-03 09:53:34,298 - Knowledge - INFO - done ingest for /app/data/T0002/210801/b7232xo/odoo-210801/addons/sale/sale.py
2026-02-03 09:53:34,998 - Knowledge - INFO - process ingested knowledge for /app/data/T0002/210801/b7232xo/odoo-210801/addons/sale/test/sale_test.xml
2026-02-03 09:53:35,005 - Knowledge - INFO - process ingested knowledge for /app/data/T0002/210801/b7232xo/odoo-210801/addons/base_report_creator/wizard/report_menu_create.py
2026-02-03 09:53:35,031 - Knowledge - INFO - process ingested knowledge for /app/data/T0002/210801/b7232xo/odoo-210801/addons/l10n_ch/company.py
2026-02-03 09:53:35,728 - Knowledge - INFO - process ingested knowledge for /app/data/T0002/210801/b7232xo/odoo-210801/addons/mrp_jit/__init__.py
2026-02-03 09:53:36,079 - Knowledge - INFO - process ingested knowledge for /app/data/T0002/210801/b7232xo/odoo-210801/addons/account/test/test_parent_structure.py
2026-02-03 09:53:36,835 - Knowledge - INFO - process ingested knowledge for /app/data/T0002/210801/b7232xo/odoo-210801/addons/base_report_creator/wizard/base_report_creator_open.py
2026-02-03 09:53:38,093 - Knowledge - INFO - [LLM_CALL] Completed: partner.py:chunk1, Duration: 17440ms, PromptTokens: 20940, CompletionTokens: 924, Cost: $0.00246
2026-02-03 09:53:38,123 - Knowledge - INFO - done ingest for /app/data/T0002/210801/b7232xo/odoo-210801/addons/base_vat/partner.py
2026-02-03 09:53:38,359 - Knowledge - INFO - Processing batch of 6 files
2026-02-03 09:53:38,361 - Knowledge - INFO - process ingested knowledge for /app/data/T0002/210801/b7232xo/odoo-210801/addons/base_vat/__terp__.py
2026-02-03 09:53:38,361 - Knowledge - INFO - process ingested knowledge for /app/data/T0002/210801/b7232xo/odoo-210801/addons/sale/stock_view.xml
2026-02-03 09:53:38,375 - Knowledge - INFO - process ingested knowledge for /app/data/T0002/210801/b7232xo/odoo-210801/addons/account/test/invoice_bug452854_test.xml
2026-02-03 09:53:38,423 - Knowledge - INFO - [WEBSOCKET] Sent: Type=progress_update, Size: 294, Duration: 0ms
2026-02-03 09:53:38,429 - Knowledge - INFO - process ingested knowledge for /app/data/T0002/210801/b7232xo/odoo-210801/addons/base_report_creator/wizard/__init__.py
2026-02-03 09:53:38,443 - Knowledge - INFO - [WEBSOCKET] Sent: Type=unknown, Size: ?, Duration: 20ms
2026-02-03 09:53:38,462 - Knowledge - INFO - Progress: 64.1% | Files: 810/1263 | Rate: 2.35 files/sec | Queue: 433
2026-02-03 09:53:38,468 - Knowledge - INFO - Processing batch of 6 files
2026-02-03 09:53:38,523 - Knowledge - INFO - process ingested knowledge for /app/data/T0002/210801/b7232xo/odoo-210801/addons/project_gtd/project_gtd_view.xml
2026-02-03 09:53:40,229 - Knowledge - INFO - process ingested knowledge for /app/data/T0002/210801/b7232xo/odoo-210801/addons/base_vat/base_vat_data.xml
2026-02-03 09:53:40,942 - Knowledge - INFO - process ingested knowledge for /app/data/T0002/210801/b7232xo/odoo-210801/addons/l10n_ch/__terp__.py
2026-02-03 09:53:40,942 - Knowledge - INFO - process ingested knowledge for /app/data/T0002/210801/b7232xo/odoo-210801/addons/sale/sale_data.xml
2026-02-03 09:53:41,159 - Knowledge - INFO - [kw15] Queue=433, InProgress=0, PendingWorkers=20/20, Completed=812/1263 (64.3%)
2026-02-03 09:53:41,165 - Knowledge - INFO - Batch sizing: calculated=6, max_allowed=10, queue=433, active_workers=20/20
2026-02-03 09:53:41,669 - Knowledge - INFO - Processing batch of 6 files
2026-02-03 09:53:41,670 - Knowledge - INFO - process ingested knowledge for /app/data/T0002/210801/b7232xo/odoo-210801/addons/sale/__terp__.py
2026-02-03 09:53:42,368 - Knowledge - INFO - [kw7] Queue=433, InProgress=0, PendingWorkers=20/20, Completed=814/1263 (64.4%)
2026-02-03 09:53:42,384 - Knowledge - INFO - Batch sizing: calculated=6, max_allowed=10, queue=433, active_workers=20/20
2026-02-03 09:53:42,569 - Knowledge - INFO - process ingested knowledge for /app/data/T0002/210801/b7232xo/odoo-210801/addons/sale/stock.py
2026-02-03 09:53:42,755 - Knowledge - INFO - Async storing batch of 8 embeddings
2026-02-03 09:53:42,757 - Knowledge - INFO - Worker kw15 processing /app/data/T0002/210801/b7232xo/odoo-210801/addons/account/account_end_fy.xml
2026-02-03 09:53:42,791 - Knowledge - INFO - Fast-tracked /app/data/T0002/210801/b7232xo/odoo-210801/addons/account/account_end_fy.xml (ext=.xml, size=702)
2026-02-03 09:53:42,825 - Knowledge - INFO - Worker kw15 processing /app/data/T0002/210801/b7232xo/odoo-210801/addons/account/security/account_security.xml
2026-02-03 09:53:42,853 - Knowledge - INFO - Fast-tracked /app/data/T0002/210801/b7232xo/odoo-210801/addons/account/security/account_security.xml (ext=.xml, size=1356)
2026-02-03 09:53:42,866 - Knowledge - INFO - Worker kw15 processing /app/data/T0002/210801/b7232xo/odoo-210801/addons/account/product.py
2026-02-03 09:53:42,880 - Knowledge - INFO - Worker kw15 processing /app/data/T0002/210801/b7232xo/odoo-210801/addons/account/invoice.py
2026-02-03 09:53:42,893 - Knowledge - INFO - Worker kw15 processing /app/data/T0002/210801/b7232xo/odoo-210801/addons/account/account.py
2026-02-03 09:53:42,958 - Knowledge - INFO - Fast-tracked /app/data/T0002/210801/b7232xo/odoo-210801/addons/account/account.py (ext=.py, size=121502)
2026-02-03 09:53:42,959 - Knowledge - INFO - Worker kw15 processing /app/data/T0002/210801/b7232xo/odoo-210801/addons/account/account_wizard.xml
2026-02-03 09:53:43,023 - Knowledge - INFO - Fast-tracked /app/data/T0002/210801/b7232xo/odoo-210801/addons/account/account_wizard.xml (ext=.xml, size=8213)
2026-02-03 09:53:43,181 - Knowledge - INFO - Split /app/data/T0002/210801/b7232xo/odoo-210801/addons/account/invoice.py (65542 bytes) into 3 chunks of ~32KB
2026-02-03 09:53:43,212 - Knowledge - INFO - Async storage completed for 8 embeddings
2026-02-03 09:53:43,271 - Knowledge - INFO - [LLM_CALL] Completed: crm_config.py:chunk1, Duration: 80337ms, PromptTokens: 4488, CompletionTokens: 8000, Cost: $0.00365
2026-02-03 09:53:43,273 - Knowledge - ERROR - Failed to parse LLM response as JSON for /app/data/T0002/210801/b7232xo/odoo-210801/addons/crm_configuration/crm_config.py, chunk 1
2026-02-03 09:53:43,274 - Knowledge - INFO - done ingest for /app/data/T0002/210801/b7232xo/odoo-210801/addons/crm_configuration/crm_config.py
2026-02-03 09:53:43,358 - Knowledge - INFO - process ingested knowledge for /app/data/T0002/210801/b7232xo/odoo-210801/addons/sale/sale_view.xml
2026-02-03 09:53:43,456 - Knowledge - INFO - process ingested knowledge for /app/data/T0002/210801/b7232xo/odoo-210801/addons/l10n_ch/wizard/dta_wizard.py
2026-02-03 09:53:43,671 - Knowledge - INFO - process ingested knowledge for /app/data/T0002/210801/b7232xo/odoo-210801/addons/project_gtd/wizard/project_gtd_fill.py
2026-02-03 09:53:43,672 - Knowledge - INFO - process ingested knowledge for /app/data/T0002/210801/b7232xo/odoo-210801/addons/sale/__init__.py
2026-02-03 09:53:43,893 - Knowledge - INFO - [kw14] Queue=427, InProgress=0, PendingWorkers=20/20, Completed=818/1263 (64.8%)
2026-02-03 09:53:43,898 - Knowledge - INFO - process ingested knowledge for /app/data/T0002/210801/b7232xo/odoo-210801/addons/sale/wizard/make_invoice_advance.py
2026-02-03 09:53:43,899 - Knowledge - INFO - Batch sizing: calculated=6, max_allowed=10, queue=427, active_workers=20/20
2026-02-03 09:53:43,900 - Knowledge - INFO - Async storing batch of 8 embeddings
2026-02-03 09:53:43,903 - Knowledge - INFO - Worker kw7 processing /app/data/T0002/210801/b7232xo/odoo-210801/addons/account/account_assert_test.xml
2026-02-03 09:53:43,905 - Knowledge - INFO - Fast-tracked /app/data/T0002/210801/b7232xo/odoo-210801/addons/account/account_assert_test.xml (ext=.xml, size=1542)
2026-02-03 09:53:43,906 - Knowledge - INFO - Worker kw7 processing /app/data/T0002/210801/b7232xo/odoo-210801/addons/account/report/partner_balance.py
2026-02-03 09:53:43,910 - Knowledge - INFO - Worker kw7 processing /app/data/T0002/210801/b7232xo/odoo-210801/addons/account/report/aged_trial_balance.py
2026-02-03 09:53:43,912 - Knowledge - INFO - Worker kw7 processing /app/data/T0002/210801/b7232xo/odoo-210801/addons/account/report/transfer.xml
2026-02-03 09:53:43,913 - Knowledge - INFO - Fast-tracked /app/data/T0002/210801/b7232xo/odoo-210801/addons/account/report/transfer.xml (ext=.xml, size=454)
2026-02-03 09:53:43,914 - Knowledge - INFO - Worker kw7 processing /app/data/T0002/210801/b7232xo/odoo-210801/addons/account/report/invoice.py
2026-02-03 09:53:43,916 - Knowledge - INFO - Fast-tracked /app/data/T0002/210801/b7232xo/odoo-210801/addons/account/report/invoice.py (ext=.py, size=1489)
2026-02-03 09:53:43,916 - Knowledge - INFO - Worker kw7 processing /app/data/T0002/210801/b7232xo/odoo-210801/addons/account/report/rml_parse.py
2026-02-03 09:53:43,948 - Knowledge - INFO - Async storage completed for 8 embeddings
2026-02-03 09:53:44,329 - Knowledge - INFO - process ingested knowledge for /app/data/T0002/210801/b7232xo/odoo-210801/addons/project_gtd/wizard/project_gtd_empty.py
2026-02-03 09:53:44,331 - Knowledge - INFO - process ingested knowledge for /app/data/T0002/210801/b7232xo/odoo-210801/addons/sale/sale_report.xml
2026-02-03 09:53:44,544 - Knowledge - INFO - process ingested knowledge for /app/data/T0002/210801/b7232xo/odoo-210801/addons/account/test/invoice_basic_test.xml
2026-02-03 09:53:44,545 - Knowledge - INFO - [kw19] Queue=421, InProgress=0, PendingWorkers=20/20, Completed=821/1263 (65.0%)
2026-02-03 09:53:44,546 - Knowledge - INFO - Batch sizing: calculated=6, max_allowed=10, queue=421, active_workers=20/20
2026-02-03 09:53:44,547 - Knowledge - INFO - process ingested knowledge for /app/data/T0002/210801/b7232xo/odoo-210801/addons/l10n_ch/wizard/opae_wizard.py
2026-02-03 09:53:44,550 - Knowledge - INFO - process ingested knowledge for /app/data/T0002/210801/b7232xo/odoo-210801/addons/sale/wizard/make_invoice.py
2026-02-03 09:53:45,506 - Knowledge - INFO - process ingested knowledge for /app/data/T0002/210801/b7232xo/odoo-210801/addons/project_gtd/wizard/project_gtd_daily.py
2026-02-03 09:53:46,066 - Knowledge - INFO - process ingested knowledge for /app/data/T0002/210801/b7232xo/odoo-210801/addons/account/company_view.xml
2026-02-03 09:53:46,084 - Knowledge - INFO - Async storing batch of 6 embeddings
2026-02-03 09:53:46,085 - Knowledge - INFO - Async storing batch of 8 embeddings
2026-02-03 09:53:46,092 - Knowledge - INFO - Worker kw14 processing /app/data/T0002/210801/b7232xo/odoo-210801/addons/account/report/central_journal.py
2026-02-03 09:53:46,099 - Knowledge - INFO - Worker kw19 processing /app/data/T0002/210801/b7232xo/odoo-210801/addons/account/report/general_ledger.py
2026-02-03 09:53:46,099 - Knowledge - INFO - Worker kw14 processing /app/data/T0002/210801/b7232xo/odoo-210801/addons/account/report/account_tax_code.py
2026-02-03 09:53:46,133 - Knowledge - INFO - Worker kw14 processing /app/data/T0002/210801/b7232xo/odoo-210801/addons/account/report/account_journal.py
2026-02-03 09:53:46,139 - Knowledge - INFO - Worker kw19 processing /app/data/T0002/210801/b7232xo/odoo-210801/addons/account/report/__init__.py
2026-02-03 09:53:46,145 - Knowledge - INFO - Worker kw14 processing /app/data/T0002/210801/b7232xo/odoo-210801/addons/account/report/overdue.py
2026-02-03 09:53:46,146 - Knowledge - INFO - Fast-tracked /app/data/T0002/210801/b7232xo/odoo-210801/addons/account/report/__init__.py (ext=.py, size=1320)
2026-02-03 09:53:46,223 - Knowledge - INFO - Worker kw14 processing /app/data/T0002/210801/b7232xo/odoo-210801/addons/account/report/account_balance.py
2026-02-03 09:53:46,231 - Knowledge - INFO - Worker kw19 processing /app/data/T0002/210801/b7232xo/odoo-210801/addons/account/report/general_journal.py
2026-02-03 09:53:46,271 - Knowledge - INFO - Worker kw14 processing /app/data/T0002/210801/b7232xo/odoo-210801/addons/account/report/third_party_ledger.py
2026-02-03 09:53:46,292 - Knowledge - INFO - Worker kw19 processing /app/data/T0002/210801/b7232xo/odoo-210801/addons/account/report/tax_report.py
2026-02-03 09:53:46,301 - Knowledge - INFO - Worker kw19 processing /app/data/T0002/210801/b7232xo/odoo-210801/addons/account/account_invoice_workflow.xml
2026-02-03 09:53:46,352 - Knowledge - INFO - Fast-tracked /app/data/T0002/210801/b7232xo/odoo-210801/addons/account/account_invoice_workflow.xml (ext=.xml, size=7063)
2026-02-03 09:53:46,353 - Knowledge - INFO - Worker kw19 processing /app/data/T0002/210801/b7232xo/odoo-210801/addons/account/sequence_view.xml
2026-02-03 09:53:46,369 - Knowledge - INFO - Fast-tracked /app/data/T0002/210801/b7232xo/odoo-210801/addons/account/sequence_view.xml (ext=.xml, size=1230)
2026-02-03 09:53:46,459 - Knowledge - INFO - process ingested knowledge for /app/data/T0002/210801/b7232xo/odoo-210801/addons/l10n_ch/wizard/wizard_bvr.py
2026-02-03 09:53:46,460 - Knowledge - INFO - process ingested knowledge for /app/data/T0002/210801/b7232xo/odoo-210801/addons/sale/wizard/__init__.py
2026-02-03 09:53:46,486 - Knowledge - INFO - Fast-tracked /app/data/T0002/210801/b7232xo/odoo-210801/addons/account/report/account_tax_code.py (small file (2666 bytes))
2026-02-03 09:53:46,753 - Knowledge - INFO - process ingested knowledge for /app/data/T0002/210801/b7232xo/odoo-210801/addons/sale/process/sale_process.xml
2026-02-03 09:53:46,763 - Knowledge - INFO - [kw16] Queue=409, InProgress=0, PendingWorkers=20/20, Completed=823/1263 (65.2%)
2026-02-03 09:53:46,769 - Knowledge - INFO - Batch sizing: calculated=6, max_allowed=10, queue=409, active_workers=20/20
2026-02-03 09:53:46,794 - Knowledge - INFO - Async storage completed for 8 embeddings
2026-02-03 09:53:47,070 - Knowledge - INFO - Async storage completed for 6 embeddings
2026-02-03 09:53:47,129 - Knowledge - INFO - [LLM_CALL] Completed: product.py:chunk1, Duration: 4073ms, PromptTokens: 2122, CompletionTokens: 275, Cost: $0.00032
2026-02-03 09:53:47,159 - Knowledge - INFO - done ingest for /app/data/T0002/210801/b7232xo/odoo-210801/addons/account/product.py
2026-02-03 09:53:47,967 - Knowledge - INFO - process ingested knowledge for /app/data/T0002/210801/b7232xo/odoo-210801/addons/l10n_ch/wizard/bvr_import.py
2026-02-03 09:53:47,970 - Knowledge - INFO - process ingested knowledge for /app/data/T0002/210801/b7232xo/odoo-210801/addons/sale/wizard/wizard_sale_line_invoice.py
2026-02-03 09:53:47,995 - Knowledge - INFO - process ingested knowledge for /app/data/T0002/210801/b7232xo/odoo-210801/addons/project_gtd/wizard/__init__.py
2026-02-03 09:53:47,996 - Knowledge - INFO - Processing batch of 6 files
2026-02-03 09:53:48,102 - Knowledge - INFO - process ingested knowledge for /app/data/T0002/210801/b7232xo/odoo-210801/addons/sale/sale.py
2026-02-03 09:53:48,423 - Knowledge - INFO - [kw18] Queue=409, InProgress=0, PendingWorkers=20/20, Completed=825/1263 (65.3%)
2026-02-03 09:53:48,423 - Knowledge - INFO - Batch sizing: calculated=6, max_allowed=10, queue=409, active_workers=20/20
2026-02-03 09:53:49,828 - Knowledge - INFO - [kw9] Queue=409, InProgress=0, PendingWorkers=20/20, Completed=826/1263 (65.4%)
2026-02-03 09:53:49,876 - Knowledge - INFO - Batch sizing: calculated=6, max_allowed=10, queue=409, active_workers=20/20
2026-02-03 09:53:50,385 - Knowledge - INFO - process ingested knowledge for /app/data/T0002/210801/b7232xo/odoo-210801/addons/l10n_ch/wizard/__init__.py
2026-02-03 09:53:50,392 - Knowledge - INFO - Async storing batch of 8 embeddings
2026-02-03 09:53:50,393 - Knowledge - INFO - process ingested knowledge for /app/data/T0002/210801/b7232xo/odoo-210801/addons/project_gtd/__init__.py
2026-02-03 09:53:50,394 - Knowledge - INFO - process ingested knowledge for /app/data/T0002/210801/b7232xo/odoo-210801/addons/sale/report/sale_prepare_allot.py
2026-02-03 09:53:50,395 - Knowledge - INFO - Worker kw16 processing /app/data/T0002/210801/b7232xo/odoo-210801/addons/account/account_invoice_view.xml
2026-02-03 09:53:50,474 - Knowledge - INFO - Fast-tracked /app/data/T0002/210801/b7232xo/odoo-210801/addons/account/account_invoice_view.xml (ext=.xml, size=40183)
2026-02-03 09:53:50,487 - Knowledge - INFO - Worker kw16 processing /app/data/T0002/210801/b7232xo/odoo-210801/addons/account/product_view.xml
2026-02-03 09:53:50,528 - Knowledge - INFO - Fast-tracked /app/data/T0002/210801/b7232xo/odoo-210801/addons/account/product_view.xml (ext=.xml, size=3546)
2026-02-03 09:53:50,534 - Knowledge - INFO - Worker kw16 processing /app/data/T0002/210801/b7232xo/odoo-210801/addons/account/data/account_invoice.xml
2026-02-03 09:53:50,574 - Knowledge - INFO - Processing batch of 6 files
2026-02-03 09:53:50,574 - Knowledge - INFO - process ingested knowledge for /app/data/T0002/210801/b7232xo/odoo-210801/addons/base_vat/partner.py
2026-02-03 09:53:50,581 - Knowledge - INFO - Fast-tracked /app/data/T0002/210801/b7232xo/odoo-210801/addons/account/data/account_invoice.xml (ext=.xml, size=3050)
2026-02-03 09:53:50,592 - Knowledge - INFO - Worker kw16 processing /app/data/T0002/210801/b7232xo/odoo-210801/addons/account/data/account_data2.xml
2026-02-03 09:53:50,648 - Knowledge - INFO - Fast-tracked /app/data/T0002/210801/b7232xo/odoo-210801/addons/account/data/account_data2.xml (ext=.xml, size=15049)
2026-02-03 09:53:50,676 - Knowledge - INFO - Worker kw16 processing /app/data/T0002/210801/b7232xo/odoo-210801/addons/account/account_view.xml
2026-02-03 09:53:50,698 - Knowledge - INFO - Fast-tracked /app/data/T0002/210801/b7232xo/odoo-210801/addons/account/account_view.xml (ext=.xml, size=89356)
2026-02-03 09:53:50,703 - Knowledge - INFO - Worker kw16 processing /app/data/T0002/210801/b7232xo/odoo-210801/addons/account/company.py
2026-02-03 09:53:51,044 - Knowledge - INFO - Async storage completed for 8 embeddings
2026-02-03 09:53:51,702 - Knowledge - INFO - Async storing batch of 8 embeddings
2026-02-03 09:53:51,778 - Knowledge - INFO - Worker kw9 processing /app/data/T0002/210801/b7232xo/odoo-210801/addons/account/__terp__.py
2026-02-03 09:53:51,862 - Knowledge - INFO - Worker kw9 processing /app/data/T0002/210801/b7232xo/odoo-210801/addons/account/wizard/wizard_aged_trial_balance.py
2026-02-03 09:53:51,900 - Knowledge - INFO - Worker kw9 processing /app/data/T0002/210801/b7232xo/odoo-210801/addons/account/wizard/wizard_account_balance_report.py
2026-02-03 09:53:51,961 - Knowledge - INFO - Worker kw9 processing /app/data/T0002/210801/b7232xo/odoo-210801/addons/account/wizard/wizard_open_closed_fiscalyear.py
2026-02-03 09:53:52,008 - Knowledge - INFO - Worker kw9 processing /app/data/T0002/210801/b7232xo/odoo-210801/addons/account/wizard/wizard_invoice_state.py
2026-02-03 09:53:52,099 - Knowledge - INFO - Worker kw9 processing /app/data/T0002/210801/b7232xo/odoo-210801/addons/account/wizard/wizard_move_line_select.py
2026-02-03 09:53:52,204 - Knowledge - INFO - process ingested knowledge for /app/data/T0002/210801/b7232xo/odoo-210801/addons/sale/report/order.py
2026-02-03 09:53:52,208 - Knowledge - INFO - Fast-tracked /app/data/T0002/210801/b7232xo/odoo-210801/addons/account/__terp__.py (small file (2610 bytes))
2026-02-03 09:53:52,746 - Knowledge - INFO - Fast-tracked /app/data/T0002/210801/b7232xo/odoo-210801/addons/account/wizard/wizard_open_closed_fiscalyear.py (small file (2672 bytes))
2026-02-03 09:53:52,752 - Knowledge - INFO - Fast-tracked /app/data/T0002/210801/b7232xo/odoo-210801/addons/account/wizard/wizard_invoice_state.py (small file (2037 bytes))
2026-02-03 09:53:52,957 - Knowledge - INFO - Fast-tracked /app/data/T0002/210801/b7232xo/odoo-210801/addons/account/wizard/wizard_move_line_select.py (small file (2810 bytes))
2026-02-03 09:53:52,963 - Knowledge - INFO - Async storage completed for 8 embeddings
2026-02-03 09:53:54,335 - Knowledge - INFO - Async storing batch of 8 embeddings
2026-02-03 09:53:54,335 - Knowledge - INFO - Worker kw18 processing /app/data/T0002/210801/b7232xo/odoo-210801/addons/account/wizard/wizard_use_model.py
2026-02-03 09:53:54,356 - Knowledge - INFO - Worker kw18 processing /app/data/T0002/210801/b7232xo/odoo-210801/addons/account/wizard/wizard_general_ledger_report.py
2026-02-03 09:53:54,381 - Knowledge - INFO - process ingested knowledge for /app/data/T0002/210801/b7232xo/odoo-210801/addons/sale/report/__init__.py
2026-02-03 09:53:54,391 - Knowledge - INFO - Worker kw18 processing /app/data/T0002/210801/b7232xo/odoo-210801/addons/account/wizard/wizard_vat.py
2026-02-03 09:53:54,428 - Knowledge - INFO - Worker kw18 processing /app/data/T0002/210801/b7232xo/odoo-210801/addons/account/wizard/wizard_journal.py
2026-02-03 09:53:54,457 - Knowledge - INFO - Worker kw18 processing /app/data/T0002/210801/b7232xo/odoo-210801/addons/account/wizard/wizard_central_journal.py
2026-02-03 09:53:54,525 - Knowledge - INFO - Worker kw18 processing /app/data/T0002/210801/b7232xo/odoo-210801/addons/account/wizard/wizard_reconcile_select.py
2026-02-03 09:53:54,681 - Knowledge - INFO - Processing batch of 8 files
2026-02-03 09:53:54,783 - Knowledge - INFO - process ingested knowledge for /app/data/T0002/210801/b7232xo/odoo-210801/addons/crm_configuration/crm_report_view.xml
2026-02-03 09:53:54,796 - Knowledge - INFO - [kw12] Queue=391, InProgress=0, PendingWorkers=20/20, Completed=830/1263 (65.7%)
2026-02-03 09:53:54,796 - Knowledge - INFO - Batch sizing: calculated=6, max_allowed=10, queue=391, active_workers=20/20
2026-02-03 09:53:54,824 - Knowledge - INFO - [kw10] Queue=391, InProgress=0, PendingWorkers=20/20, Completed=830/1263 (65.7%)
2026-02-03 09:53:54,842 - Knowledge - INFO - process ingested knowledge for /app/data/T0002/210801/b7232xo/odoo-210801/addons/base_vat/__init__.py
2026-02-03 09:53:54,860 - Knowledge - INFO - [kw3] Queue=391, InProgress=0, PendingWorkers=20/20, Completed=830/1263 (65.7%)
2026-02-03 09:53:54,866 - Knowledge - INFO - Batch sizing: calculated=6, max_allowed=10, queue=391, active_workers=20/20
2026-02-03 09:53:54,964 - Knowledge - INFO - Batch sizing: calculated=6, max_allowed=10, queue=391, active_workers=20/20
2026-02-03 09:53:54,972 - Knowledge - INFO - Fast-tracked /app/data/T0002/210801/b7232xo/odoo-210801/addons/account/wizard/wizard_vat.py (small file (2587 bytes))
2026-02-03 09:53:55,236 - Knowledge - INFO - Fast-tracked /app/data/T0002/210801/b7232xo/odoo-210801/addons/account/wizard/wizard_central_journal.py (small file (2895 bytes))
2026-02-03 09:53:55,440 - Knowledge - INFO - Fast-tracked /app/data/T0002/210801/b7232xo/odoo-210801/addons/account/wizard/wizard_reconcile_select.py (small file (2261 bytes))
2026-02-03 09:53:55,474 - Knowledge - INFO - Async storage completed for 8 embeddings
2026-02-03 09:53:55,487 - Knowledge - INFO - [kw13] Queue=391, InProgress=0, PendingWorkers=20/20, Completed=830/1263 (65.7%)
2026-02-03 09:53:55,487 - Knowledge - INFO - Batch sizing: calculated=6, max_allowed=10, queue=391, active_workers=20/20
2026-02-03 09:53:55,894 - Knowledge - INFO - process ingested knowledge for /app/data/T0002/210801/b7232xo/odoo-210801/addons/crm_configuration/crm_opportunity_data.xml
2026-02-03 09:53:56,470 - Knowledge - INFO - [LLM_CALL] Completed: company.py:chunk1, Duration: 5684ms, PromptTokens: 2652, CompletionTokens: 383, Cost: $0.00042
2026-02-03 09:53:56,470 - Knowledge - INFO - done ingest for /app/data/T0002/210801/b7232xo/odoo-210801/addons/account/company.py
2026-02-03 09:53:57,042 - Knowledge - INFO - Async storing batch of 6 embeddings
2026-02-03 09:53:57,066 - Knowledge - INFO - process ingested knowledge for /app/data/T0002/210801/b7232xo/odoo-210801/addons/project_gtd/project_gtd_demo.xml
2026-02-03 09:53:57,072 - Knowledge - INFO - Worker kw12 processing /app/data/T0002/210801/b7232xo/odoo-210801/addons/account/wizard/wizard_subscription_generate.py
2026-02-03 09:53:57,347 - Knowledge - INFO - Worker kw12 processing /app/data/T0002/210801/b7232xo/odoo-210801/addons/account/wizard/wizard_bank_reconcile.py
2026-02-03 09:53:57,453 - Knowledge - INFO - Worker kw12 processing /app/data/T0002/210801/b7232xo/odoo-210801/addons/account/wizard/wizard_print_journal.py
2026-02-03 09:53:57,476 - Knowledge - INFO - Worker kw12 processing /app/data/T0002/210801/b7232xo/odoo-210801/addons/account/wizard/wizard_account_duplicate.py
2026-02-03 09:53:57,531 - Knowledge - INFO - Worker kw12 processing /app/data/T0002/210801/b7232xo/odoo-210801/addons/account/wizard/wizard_unreconcile.py
2026-02-03 09:53:57,563 - Knowledge - INFO - Worker kw12 processing /app/data/T0002/210801/b7232xo/odoo-210801/addons/account/wizard/wizard_automatic_reconcile.py
2026-02-03 09:53:57,700 - Knowledge - INFO - Async storing batch of 6 embeddings
2026-02-03 09:53:57,700 - Knowledge - INFO - Worker kw3 processing /app/data/T0002/210801/b7232xo/odoo-210801/addons/account/wizard/wizard_journal_select.py
2026-02-03 09:53:57,711 - Knowledge - INFO - process ingested knowledge for /app/data/T0002/210801/b7232xo/odoo-210801/addons/sale/mrp.py
2026-02-03 09:53:57,731 - Knowledge - INFO - Async storing batch of 8 embeddings
2026-02-03 09:53:57,744 - Knowledge - INFO - Worker kw3 processing /app/data/T0002/210801/b7232xo/odoo-210801/addons/account/wizard/wizard_state_open.py
2026-02-03 09:53:57,744 - Knowledge - INFO - Fast-tracked /app/data/T0002/210801/b7232xo/odoo-210801/addons/account/wizard/wizard_subscription_generate.py (small file (2286 bytes))
2026-02-03 09:53:57,853 - Knowledge - INFO - Worker kw13 processing /app/data/T0002/210801/b7232xo/odoo-210801/addons/account/wizard/wizard_third_party_ledger.py
2026-02-03 09:53:57,944 - Knowledge - INFO - Worker kw3 processing /app/data/T0002/210801/b7232xo/odoo-210801/addons/account/wizard/wizard_account_chart.py
2026-02-03 09:53:57,998 - Knowledge - INFO - Fast-tracked /app/data/T0002/210801/b7232xo/odoo-210801/addons/account/wizard/wizard_bank_reconcile.py (small file (2619 bytes))
2026-02-03 09:53:58,001 - Knowledge - INFO - Worker kw13 processing /app/data/T0002/210801/b7232xo/odoo-210801/addons/account/wizard/wizard_validate_account_move.py
2026-02-03 09:53:58,007 - Knowledge - INFO - Worker kw3 processing /app/data/T0002/210801/b7232xo/odoo-210801/addons/account/wizard/wizard_pay_invoice.py
2026-02-03 09:53:58,035 - Knowledge - INFO - Worker kw13 processing /app/data/T0002/210801/b7232xo/odoo-210801/addons/account/wizard/wizard_reconcile.py
2026-02-03 09:53:58,070 - Knowledge - INFO - Worker kw3 processing /app/data/T0002/210801/b7232xo/odoo-210801/addons/account/wizard/wizard_unreconcile_select.py
2026-02-03 09:53:58,090 - Knowledge - INFO - Fast-tracked /app/data/T0002/210801/b7232xo/odoo-210801/addons/account/wizard/wizard_print_journal.py (small file (2918 bytes))
2026-02-03 09:53:58,147 - Knowledge - INFO - Worker kw13 processing /app/data/T0002/210801/b7232xo/odoo-210801/addons/account/wizard/wizard_refund.py
2026-02-03 09:53:58,237 - Knowledge - INFO - Worker kw3 processing /app/data/T0002/210801/b7232xo/odoo-210801/addons/account/wizard/wizard_partner_balance_report.py
2026-02-03 09:53:58,353 - Knowledge - INFO - process ingested knowledge for /app/data/T0002/210801/b7232xo/odoo-210801/addons/crm_configuration/crm_fund_data.xml
2026-02-03 09:53:58,367 - Knowledge - INFO - Fast-tracked /app/data/T0002/210801/b7232xo/odoo-210801/addons/account/wizard/wizard_account_duplicate.py (small file (2018 bytes))
2026-02-03 09:53:58,367 - Knowledge - INFO - Worker kw13 processing /app/data/T0002/210801/b7232xo/odoo-210801/addons/account/wizard/wizard_statement_from_invoice.py
2026-02-03 09:53:58,411 - Knowledge - INFO - Fast-tracked /app/data/T0002/210801/b7232xo/odoo-210801/addons/account/wizard/wizard_journal_select.py (small file (2042 bytes))
2026-02-03 09:53:58,432 - Knowledge - INFO - Worker kw13 processing /app/data/T0002/210801/b7232xo/odoo-210801/addons/account/wizard/__init__.py
2026-02-03 09:53:58,475 - Knowledge - INFO - Fast-tracked /app/data/T0002/210801/b7232xo/odoo-210801/addons/account/wizard/wizard_state_open.py (small file (2229 bytes))
2026-02-03 09:53:58,894 - Knowledge - INFO - Async storing batch of 8 embeddings
2026-02-03 09:53:58,905 - Knowledge - INFO - Worker kw10 processing /app/data/T0002/210801/b7232xo/odoo-210801/addons/account/wizard/wizard_period_close.py
2026-02-03 09:53:59,431 - Knowledge - INFO - Worker kw10 processing /app/data/T0002/210801/b7232xo/odoo-210801/addons/account/wizard/wizard_fiscalyear_close_state.py
2026-02-03 09:53:59,506 - Knowledge - INFO - Worker kw10 processing /app/data/T0002/210801/b7232xo/odoo-210801/addons/account/wizard/wizard_fiscalyear_close.py
2026-02-03 09:53:59,554 - Knowledge - INFO - Worker kw10 processing /app/data/T0002/210801/b7232xo/odoo-210801/addons/account/wizard/wizard_general_journal.py
2026-02-03 09:53:59,597 - Knowledge - INFO - Worker kw10 processing /app/data/T0002/210801/b7232xo/odoo-210801/addons/account/account_move_line.py
2026-02-03 09:53:59,706 - Knowledge - INFO - Worker kw10 processing /app/data/T0002/210801/b7232xo/odoo-210801/addons/account/demo/account_minimal.xml
2026-02-03 09:53:59,747 - Knowledge - INFO - Fast-tracked /app/data/T0002/210801/b7232xo/odoo-210801/addons/account/demo/account_minimal.xml (ext=.xml, size=14254)
2026-02-03 09:54:00,134 - Knowledge - INFO - Fast-tracked /app/data/T0002/210801/b7232xo/odoo-210801/addons/account/wizard/wizard_period_close.py (small file (2080 bytes))
2026-02-03 09:54:00,175 - Knowledge - INFO - [kw8] Queue=367, InProgress=0, PendingWorkers=20/20, Completed=832/1263 (65.9%)
2026-02-03 09:54:00,190 - Knowledge - INFO - process ingested knowledge for /app/data/T0002/210801/b7232xo/odoo-210801/addons/sale/sale_workflow.xml
2026-02-03 09:54:00,230 - Knowledge - INFO - process ingested knowledge for /app/data/T0002/210801/b7232xo/odoo-210801/addons/crm_configuration/__terp__.py
2026-02-03 09:54:00,281 - Knowledge - INFO - [LLM_CALL] Completed: invoice.py:chunk1, Duration: 17100ms, PromptTokens: 15476, CompletionTokens: 1198, Cost: $0.00203
2026-02-03 09:54:00,323 - Knowledge - INFO - Batch sizing: calculated=6, max_allowed=10, queue=367, active_workers=20/20
2026-02-03 09:54:00,361 - Knowledge - INFO - Fast-tracked /app/data/T0002/210801/b7232xo/odoo-210801/addons/account/wizard/wizard_fiscalyear_close_state.py (small file (2769 bytes))
2026-02-03 09:54:00,455 - Knowledge - INFO - Async storage completed for 6 embeddings
2026-02-03 09:54:00,533 - Knowledge - INFO - Fast-tracked /app/data/T0002/210801/b7232xo/odoo-210801/addons/account/wizard/wizard_unreconcile_select.py (small file (2208 bytes))
2026-02-03 09:54:01,210 - Knowledge - INFO - Fast-tracked /app/data/T0002/210801/b7232xo/odoo-210801/addons/account/wizard/wizard_general_journal.py (small file (2901 bytes))
2026-02-03 09:54:01,575 - Knowledge - INFO - Async storage completed for 6 embeddings
2026-02-03 09:54:01,751 - Knowledge - INFO - Async storage completed for 8 embeddings
2026-02-03 09:54:01,998 - Knowledge - INFO - Fast-tracked /app/data/T0002/210801/b7232xo/odoo-210801/addons/account/wizard/__init__.py (small file (2099 bytes))
2026-02-03 09:54:02,036 - Knowledge - INFO - Async storage completed for 8 embeddings
2026-02-03 09:54:02,097 - Knowledge - INFO - process ingested knowledge for /app/data/T0002/210801/b7232xo/odoo-210801/addons/project_gtd/project_gtd_wizard.xml
2026-02-03 09:54:02,361 - Knowledge - INFO - Processing batch of 6 files
2026-02-03 09:54:02,430 - Knowledge - INFO - process ingested knowledge for /app/data/T0002/210801/b7232xo/odoo-210801/addons/account/account_invoice_view.xml
2026-02-03 09:54:02,804 - Knowledge - INFO - process ingested knowledge for /app/data/T0002/210801/b7232xo/odoo-210801/addons/crm_configuration/crm_config.py
2026-02-03 09:54:05,469 - Knowledge - INFO - process ingested knowledge for /app/data/T0002/210801/b7232xo/odoo-210801/addons/project_gtd/project_gtd.py
2026-02-03 09:54:05,589 - Knowledge - INFO - process ingested knowledge for /app/data/T0002/210801/b7232xo/odoo-210801/addons/account/product_view.xml
2026-02-03 09:54:05,665 - Knowledge - INFO - process ingested knowledge for /app/data/T0002/210801/b7232xo/odoo-210801/addons/crm_configuration/crm_opportunity_demo.xml
2026-02-03 09:54:06,012 - Knowledge - INFO - [LLM_CALL] Completed: partner_balance.py:chunk1, Duration: 22039ms, PromptTokens: 9430, CompletionTokens: 913, Cost: $0.00131
2026-02-03 09:54:06,098 - Knowledge - INFO - done ingest for /app/data/T0002/210801/b7232xo/odoo-210801/addons/account/report/partner_balance.py
2026-02-03 09:54:06,960 - Knowledge - INFO - [LLM_CALL] Completed: wizard_aged_trial_balance.py:chunk1, Duration: 14698ms, PromptTokens: 3096, CompletionTokens: 372, Cost: $0.00046
2026-02-03 09:54:06,961 - Knowledge - INFO - done ingest for /app/data/T0002/210801/b7232xo/odoo-210801/addons/account/wizard/wizard_aged_trial_balance.py
2026-02-03 09:54:07,223 - Knowledge - INFO - [LLM_CALL] Completed: aged_trial_balance.py:chunk1, Duration: 23287ms, PromptTokens: 5406, CompletionTokens: 509, Cost: $0.00074
2026-02-03 09:54:07,267 - Knowledge - INFO - done ingest for /app/data/T0002/210801/b7232xo/odoo-210801/addons/account/report/aged_trial_balance.py
2026-02-03 09:54:07,564 - Knowledge - INFO - process ingested knowledge for /app/data/T0002/210801/b7232xo/odoo-210801/addons/project_gtd/__terp__.py
2026-02-03 09:54:09,612 - Knowledge - INFO - process ingested knowledge for /app/data/T0002/210801/b7232xo/odoo-210801/addons/account/data/account_invoice.xml
2026-02-03 09:54:09,648 - Knowledge - INFO - process ingested knowledge for /app/data/T0002/210801/b7232xo/odoo-210801/addons/crm_configuration/wizard/meeting_planify.py
2026-02-03 09:54:09,723 - Knowledge - INFO - [WEBSOCKET] Sent: Type=progress_update, Size: 294, Duration: 0ms
2026-02-03 09:54:09,772 - Knowledge - INFO - Async storing batch of 6 embeddings
2026-02-03 09:54:09,872 - Knowledge - INFO - Worker kw8 processing /app/data/T0002/210801/b7232xo/odoo-210801/addons/account/partner_view.xml
2026-02-03 09:54:09,881 - Knowledge - INFO - [WEBSOCKET] Sent: Type=unknown, Size: ?, Duration: 158ms
2026-02-03 09:54:09,894 - Knowledge - INFO - Progress: 66.2% | Files: 836/1263 | Rate: 2.23 files/sec | Queue: 361
2026-02-03 09:54:10,019 - Knowledge - INFO - Fast-tracked /app/data/T0002/210801/b7232xo/odoo-210801/addons/account/partner_view.xml (ext=.xml, size=6026)
2026-02-03 09:54:10,025 - Knowledge - INFO - Worker kw8 processing /app/data/T0002/210801/b7232xo/odoo-210801/addons/account/account_bank_statement.py
2026-02-03 09:54:10,042 - Knowledge - INFO - Worker kw8 processing /app/data/T0002/210801/b7232xo/odoo-210801/addons/account/partner.py
2026-02-03 09:54:10,110 - Knowledge - INFO - Worker kw8 processing /app/data/T0002/210801/b7232xo/odoo-210801/addons/account/project/project_view.xml
2026-02-03 09:54:10,129 - Knowledge - INFO - [LLM_CALL] Completed: wizard_account_balance_report.py:chunk1, Duration: 17653ms, PromptTokens: 4004, CompletionTokens: 368, Cost: $0.00055
2026-02-03 09:54:10,171 - Knowledge - INFO - Fast-tracked /app/data/T0002/210801/b7232xo/odoo-210801/addons/account/project/project_view.xml (ext=.xml, size=19914)
2026-02-03 09:54:10,187 - Knowledge - INFO - done ingest for /app/data/T0002/210801/b7232xo/odoo-210801/addons/account/wizard/wizard_account_balance_report.py
2026-02-03 09:54:10,242 - Knowledge - INFO - Worker kw8 processing /app/data/T0002/210801/b7232xo/odoo-210801/addons/account/project/analytic_account_demo.xml
2026-02-03 09:54:10,451 - Knowledge - INFO - Fast-tracked /app/data/T0002/210801/b7232xo/odoo-210801/addons/account/project/analytic_account_demo.xml (ext=.xml, size=11766)
2026-02-03 09:54:10,489 - Knowledge - INFO - Worker kw8 processing /app/data/T0002/210801/b7232xo/odoo-210801/addons/account/project/report/quantity_cost_ledger.py
2026-02-03 09:54:11,664 - Knowledge - INFO - [kw6] Queue=361, InProgress=0, PendingWorkers=20/20, Completed=836/1263 (66.2%)
2026-02-03 09:54:11,664 - Knowledge - INFO - Batch sizing: calculated=6, max_allowed=10, queue=361, active_workers=20/20
2026-02-03 09:54:12,092 - Knowledge - INFO - Async storage completed for 6 embeddings
2026-02-03 09:54:12,656 - Knowledge - INFO - [kw11] Queue=361, InProgress=0, PendingWorkers=20/20, Completed=836/1263 (66.2%)
2026-02-03 09:54:12,702 - Knowledge - INFO - Batch sizing: calculated=6, max_allowed=10, queue=361, active_workers=20/20
2026-02-03 09:54:14,517 - Knowledge - INFO - process ingested knowledge for /app/data/T0002/210801/b7232xo/odoo-210801/addons/account/data/account_data2.xml
2026-02-03 09:54:14,558 - Knowledge - INFO - [LLM_CALL] Completed: wizard_automatic_reconcile.py:chunk1, Duration: 14395ms, PromptTokens: 6548, CompletionTokens: 288, Cost: $0.00077
2026-02-03 09:54:14,641 - Knowledge - INFO - process ingested knowledge for /app/data/T0002/210801/b7232xo/odoo-210801/addons/crm_configuration/wizard/wizard_partner_create.py
2026-02-03 09:54:14,711 - Knowledge - INFO - done ingest for /app/data/T0002/210801/b7232xo/odoo-210801/addons/account/wizard/wizard_automatic_reconcile.py
2026-02-03 09:54:14,790 - Knowledge - INFO - [LLM_CALL] Completed: wizard_account_chart.py:chunk1, Duration: 16120ms, PromptTokens: 2388, CompletionTokens: 351, Cost: $0.00038
2026-02-03 09:54:15,102 - Knowledge - INFO - done ingest for /app/data/T0002/210801/b7232xo/odoo-210801/addons/account/wizard/wizard_account_chart.py
2026-02-03 09:54:15,354 - Knowledge - INFO - [LLM_CALL] Completed: rml_parse.py:chunk1, Duration: 31410ms, PromptTokens: 3590, CompletionTokens: 666, Cost: $0.00063
2026-02-03 09:54:15,397 - Knowledge - INFO - done ingest for /app/data/T0002/210801/b7232xo/odoo-210801/addons/account/report/rml_parse.py
2026-02-03 09:54:16,087 - Knowledge - INFO - Async storing batch of 6 embeddings
2026-02-03 09:54:16,088 - Knowledge - INFO - Worker kw11 processing /app/data/T0002/210801/b7232xo/odoo-210801/addons/account/project/report/cost_ledger.py
2026-02-03 09:54:16,207 - Knowledge - INFO - Worker kw11 processing /app/data/T0002/210801/b7232xo/odoo-210801/addons/account/project/report/analytic_journal.py
2026-02-03 09:54:16,262 - Knowledge - INFO - Worker kw11 processing /app/data/T0002/210801/b7232xo/odoo-210801/addons/account/project/report/account_journal.py
2026-02-03 09:54:16,268 - Knowledge - INFO - Worker kw11 processing /app/data/T0002/210801/b7232xo/odoo-210801/addons/account/project/report/inverted_analytic_balance.py
2026-02-03 09:54:16,357 - Knowledge - INFO - Worker kw11 processing /app/data/T0002/210801/b7232xo/odoo-210801/addons/account/project/report/analytic_balance.py
2026-02-03 09:54:16,445 - Knowledge - INFO - Worker kw11 processing /app/data/T0002/210801/b7232xo/odoo-210801/addons/account/project/report/analytic_check.py
2026-02-03 09:54:17,370 - Knowledge - INFO - [LLM_CALL] Completed: wizard_use_model.py:chunk1, Duration: 22726ms, PromptTokens: 3198, CompletionTokens: 353, Cost: $0.00046
2026-02-03 09:54:17,457 - Knowledge - INFO - done ingest for /app/data/T0002/210801/b7232xo/odoo-210801/addons/account/wizard/wizard_use_model.py
2026-02-03 09:54:17,668 - Knowledge - INFO - Fast-tracked /app/data/T0002/210801/b7232xo/odoo-210801/addons/account/project/report/account_journal.py (small file (2137 bytes))
2026-02-03 09:54:17,961 - Knowledge - INFO - process ingested knowledge for /app/data/T0002/210801/b7232xo/odoo-210801/addons/account/account_view.xml
2026-02-03 09:54:18,475 - Knowledge - INFO - Async storage completed for 6 embeddings
2026-02-03 09:54:19,125 - Knowledge - INFO - [LLM_CALL] Completed: wizard_unreconcile.py:chunk1, Duration: 20325ms, PromptTokens: 2388, CompletionTokens: 344, Cost: $0.00038
2026-02-03 09:54:19,132 - Knowledge - INFO - done ingest for /app/data/T0002/210801/b7232xo/odoo-210801/addons/account/wizard/wizard_unreconcile.py
2026-02-03 09:54:19,171 - Knowledge - INFO - [LLM_CALL] Completed: central_journal.py:chunk1, Duration: 32804ms, PromptTokens: 2634, CompletionTokens: 386, Cost: $0.00042
2026-02-03 09:54:19,181 - Knowledge - INFO - done ingest for /app/data/T0002/210801/b7232xo/odoo-210801/addons/account/report/central_journal.py
2026-02-03 09:54:19,299 - Knowledge - INFO - Async storing batch of 6 embeddings
2026-02-03 09:54:19,326 - Knowledge - INFO - Worker kw6 processing /app/data/T0002/210801/b7232xo/odoo-210801/addons/account/project/report/__init__.py
2026-02-03 09:54:19,350 - Knowledge - INFO - Fast-tracked /app/data/T0002/210801/b7232xo/odoo-210801/addons/account/project/report/__init__.py (ext=.py, size=1209)
2026-02-03 09:54:19,373 - Knowledge - INFO - Worker kw6 processing /app/data/T0002/210801/b7232xo/odoo-210801/addons/account/project/project_demo.xml
2026-02-03 09:54:19,461 - Knowledge - INFO - Fast-tracked /app/data/T0002/210801/b7232xo/odoo-210801/addons/account/project/project_demo.xml (ext=.xml, size=763)
2026-02-03 09:54:19,498 - Knowledge - INFO - Worker kw6 processing /app/data/T0002/210801/b7232xo/odoo-210801/addons/account/project/project.py
2026-02-03 09:54:19,545 - Knowledge - INFO - Worker kw6 processing /app/data/T0002/210801/b7232xo/odoo-210801/addons/account/project/project_report.xml
2026-02-03 09:54:19,587 - Knowledge - INFO - Fast-tracked /app/data/T0002/210801/b7232xo/odoo-210801/addons/account/project/project_report.xml (ext=.xml, size=2814)
2026-02-03 09:54:19,640 - Knowledge - INFO - Worker kw6 processing /app/data/T0002/210801/b7232xo/odoo-210801/addons/account/project/wizard/wizard_account_analytic_balance_report.py
2026-02-03 09:54:19,724 - Knowledge - INFO - Worker kw6 processing /app/data/T0002/210801/b7232xo/odoo-210801/addons/account/project/wizard/wizard_account_analytic_inverted_balance_report.py
2026-02-03 09:54:19,753 - Knowledge - INFO - Fast-tracked /app/data/T0002/210801/b7232xo/odoo-210801/addons/account/project/wizard/wizard_account_analytic_inverted_balance_report.py (ext=.py, size=1962)
2026-02-03 09:54:20,131 - Knowledge - INFO - process ingested knowledge for /app/data/T0002/210801/b7232xo/odoo-210801/addons/account/company.py
2026-02-03 09:54:20,223 - Knowledge - INFO - Fast-tracked /app/data/T0002/210801/b7232xo/odoo-210801/addons/account/project/wizard/wizard_account_analytic_balance_report.py (small file (2110 bytes))
2026-02-03 09:54:20,245 - Knowledge - INFO - Async storage completed for 6 embeddings
2026-02-03 09:54:20,964 - Knowledge - INFO - [LLM_CALL] Completed: wizard_validate_account_move.py:chunk1, Duration: 20723ms, PromptTokens: 2536, CompletionTokens: 346, Cost: $0.00039
2026-02-03 09:54:20,964 - Knowledge - INFO - done ingest for /app/data/T0002/210801/b7232xo/odoo-210801/addons/account/wizard/wizard_validate_account_move.py
2026-02-03 09:54:21,588 - Knowledge - INFO - [kw1] Queue=349, InProgress=0, PendingWorkers=20/20, Completed=840/1263 (66.5%)
2026-02-03 09:54:21,588 - Knowledge - INFO - Batch sizing: calculated=6, max_allowed=10, queue=349, active_workers=20/20
2026-02-03 09:54:23,309 - Knowledge - INFO - Async storing batch of 6 embeddings
2026-02-03 09:54:23,324 - Knowledge - INFO - Worker kw1 processing /app/data/T0002/210801/b7232xo/odoo-210801/addons/account/project/wizard/wizard_analytic_account_chart.py
2026-02-03 09:54:23,472 - Knowledge - INFO - Worker kw1 processing /app/data/T0002/210801/b7232xo/odoo-210801/addons/account/project/wizard/wizard_account_analytic_analytic_check.py
2026-02-03 09:54:23,496 - Knowledge - INFO - [LLM_CALL] Completed: wizard_third_party_ledger.py:chunk1, Duration: 23879ms, PromptTokens: 4260, CompletionTokens: 367, Cost: $0.00057
2026-02-03 09:54:23,496 - Knowledge - INFO - done ingest for /app/data/T0002/210801/b7232xo/odoo-210801/addons/account/wizard/wizard_third_party_ledger.py
2026-02-03 09:54:23,589 - Knowledge - INFO - Fast-tracked /app/data/T0002/210801/b7232xo/odoo-210801/addons/account/project/wizard/wizard_account_analytic_analytic_check.py (ext=.py, size=1958)
2026-02-03 09:54:23,589 - Knowledge - INFO - Worker kw1 processing /app/data/T0002/210801/b7232xo/odoo-210801/addons/account/project/wizard/wizard_account_analytic_cost_ledger_for_journal_report.py
2026-02-03 09:54:23,685 - Knowledge - INFO - Worker kw1 processing /app/data/T0002/210801/b7232xo/odoo-210801/addons/account/project/wizard/wizard_account_analytic_journal_report.py
2026-02-03 09:54:23,813 - Knowledge - INFO - Fast-tracked /app/data/T0002/210801/b7232xo/odoo-210801/addons/account/project/wizard/wizard_account_analytic_journal_report.py (ext=.py, size=1945)
2026-02-03 09:54:23,813 - Knowledge - INFO - Worker kw1 processing /app/data/T0002/210801/b7232xo/odoo-210801/addons/account/project/wizard/wizard_account_analytic_cost_ledger_report.py
2026-02-03 09:54:24,035 - Knowledge - INFO - Fast-tracked /app/data/T0002/210801/b7232xo/odoo-210801/addons/account/project/wizard/wizard_account_analytic_cost_ledger_report.py (ext=.py, size=1950)
2026-02-03 09:54:24,092 - Knowledge - INFO - Worker kw1 processing /app/data/T0002/210801/b7232xo/odoo-210801/addons/account/project/wizard/__init__.py
2026-02-03 09:54:24,172 - Knowledge - INFO - Fast-tracked /app/data/T0002/210801/b7232xo/odoo-210801/addons/account/project/wizard/__init__.py (ext=.py, size=1437)
2026-02-03 09:54:24,400 - Knowledge - INFO - [kw4] Queue=343, InProgress=0, PendingWorkers=20/20, Completed=844/1263 (66.8%)
2026-02-03 09:54:24,466 - Knowledge - INFO - Fast-tracked /app/data/T0002/210801/b7232xo/odoo-210801/addons/account/project/wizard/wizard_analytic_account_chart.py (small file (3009 bytes))
2026-02-03 09:54:24,491 - Knowledge - INFO - Batch sizing: calculated=6, max_allowed=10, queue=343, active_workers=20/20
2026-02-03 09:54:24,733 - Knowledge - INFO - Fast-tracked /app/data/T0002/210801/b7232xo/odoo-210801/addons/account/project/wizard/wizard_account_analytic_cost_ledger_for_journal_report.py (small file (2403 bytes))
2026-02-03 09:54:24,765 - Knowledge - INFO - Async storage completed for 6 embeddings
2026-02-03 09:54:24,878 - Knowledge - INFO - [LLM_CALL] Completed: account_balance.py:chunk1, Duration: 38022ms, PromptTokens: 3646, CompletionTokens: 508, Cost: $0.00057
2026-02-03 09:54:24,924 - Knowledge - INFO - done ingest for /app/data/T0002/210801/b7232xo/odoo-210801/addons/account/report/account_balance.py
2026-02-03 09:54:25,588 - Knowledge - INFO - [kw2] Queue=343, InProgress=0, PendingWorkers=20/20, Completed=844/1263 (66.8%)
2026-02-03 09:54:25,672 - Knowledge - INFO - Batch sizing: calculated=6, max_allowed=10, queue=343, active_workers=20/20
2026-02-03 09:54:25,827 - Knowledge - INFO - [LLM_CALL] Completed: wizard_partner_balance_report.py:chunk1, Duration: 24599ms, PromptTokens: 3616, CompletionTokens: 350, Cost: $0.00050
2026-02-03 09:54:25,833 - Knowledge - INFO - done ingest for /app/data/T0002/210801/b7232xo/odoo-210801/addons/account/wizard/wizard_partner_balance_report.py
2026-02-03 09:54:26,836 - Knowledge - INFO - Async storing batch of 6 embeddings
2026-02-03 09:54:26,853 - Knowledge - INFO - Worker kw4 processing /app/data/T0002/210801/b7232xo/odoo-210801/addons/account/project/wizard/wizard_account_analytic_line.py
2026-02-03 09:54:26,873 - Knowledge - INFO - Worker kw4 processing /app/data/T0002/210801/b7232xo/odoo-210801/addons/account/project/__init__.py
2026-02-03 09:54:26,973 - Knowledge - INFO - Fast-tracked /app/data/T0002/210801/b7232xo/odoo-210801/addons/account/project/__init__.py (ext=.py, size=1103)
2026-02-03 09:54:26,998 - Knowledge - INFO - Worker kw4 processing /app/data/T0002/210801/b7232xo/odoo-210801/addons/account/__init__.py
2026-02-03 09:54:27,130 - Knowledge - INFO - Fast-tracked /app/data/T0002/210801/b7232xo/odoo-210801/addons/account/__init__.py (ext=.py, size=1275)
2026-02-03 09:54:27,176 - Knowledge - INFO - [LLM_CALL] Completed: wizard_general_ledger_report.py:chunk1, Duration: 32408ms, PromptTokens: 4592, CompletionTokens: 408, Cost: $0.00062
2026-02-03 09:54:27,193 - Knowledge - INFO - Worker kw4 processing /app/data/T0002/210801/b7232xo/odoo-210801/addons/account/account_report.xml
2026-02-03 09:54:27,234 - Knowledge - INFO - done ingest for /app/data/T0002/210801/b7232xo/odoo-210801/addons/account/wizard/wizard_general_ledger_report.py
2026-02-03 09:54:27,278 - Knowledge - INFO - [LLM_CALL] Completed: general_ledger.py:chunk1, Duration: 40807ms, PromptTokens: 7946, CompletionTokens: 982, Cost: $0.00119
2026-02-03 09:54:27,368 - Knowledge - INFO - Fast-tracked /app/data/T0002/210801/b7232xo/odoo-210801/addons/account/account_report.xml (ext=.xml, size=4193)
2026-02-03 09:54:27,473 - Knowledge - INFO - done ingest for /app/data/T0002/210801/b7232xo/odoo-210801/addons/account/report/general_ledger.py
2026-02-03 09:54:27,492 - Knowledge - INFO - Worker kw4 processing /app/data/T0002/210801/b7232xo/odoo-210801/addons/account/account_analytic_line.py
2026-02-03 09:54:27,741 - Knowledge - INFO - Worker kw4 processing /app/data/T0002/210801/b7232xo/odoo-210801/addons/account/process/statement_process.xml
2026-02-03 09:54:27,853 - Knowledge - INFO - Fast-tracked /app/data/T0002/210801/b7232xo/odoo-210801/addons/account/process/statement_process.xml (ext=.xml, size=5468)
2026-02-03 09:54:27,958 - Knowledge - INFO - Fast-tracked /app/data/T0002/210801/b7232xo/odoo-210801/addons/account/project/wizard/wizard_account_analytic_line.py (small file (2819 bytes))
2026-02-03 09:54:28,210 - Knowledge - INFO - Async storage completed for 6 embeddings
2026-02-03 09:54:29,097 - Knowledge - INFO - Async storing batch of 8 embeddings
2026-02-03 09:54:29,183 - Knowledge - INFO - Worker kw2 processing /app/data/T0002/210801/b7232xo/odoo-210801/addons/account/process/supplier_invoice_process.xml
2026-02-03 09:54:29,274 - Knowledge - INFO - Fast-tracked /app/data/T0002/210801/b7232xo/odoo-210801/addons/account/process/supplier_invoice_process.xml (ext=.xml, size=11515)
2026-02-03 09:54:29,333 - Knowledge - INFO - Worker kw2 processing /app/data/T0002/210801/b7232xo/odoo-210801/addons/account/process/customer_invoice_process.xml
2026-02-03 09:54:29,549 - Knowledge - INFO - Fast-tracked /app/data/T0002/210801/b7232xo/odoo-210801/addons/account/process/customer_invoice_process.xml (ext=.xml, size=13639)
2026-02-03 09:54:29,685 - Knowledge - INFO - Worker kw2 processing /app/data/T0002/210801/b7232xo/odoo-210801/addons/account/account_menuitem.xml
2026-02-03 09:54:29,699 - Knowledge - INFO - Fast-tracked /app/data/T0002/210801/b7232xo/odoo-210801/addons/account/account_menuitem.xml (ext=.xml, size=1602)
2026-02-03 09:54:29,767 - Knowledge - INFO - Worker kw2 processing /app/data/T0002/210801/b7232xo/odoo-210801/addons/report_crm/report_crm.py
2026-02-03 09:54:29,882 - Knowledge - INFO - Worker kw2 processing /app/data/T0002/210801/b7232xo/odoo-210801/addons/report_crm/report_crm_view.xml
2026-02-03 09:54:29,904 - Knowledge - INFO - Fast-tracked /app/data/T0002/210801/b7232xo/odoo-210801/addons/report_crm/report_crm_view.xml (ext=.xml, size=13021)
2026-02-03 09:54:29,977 - Knowledge - INFO - Worker kw2 processing /app/data/T0002/210801/b7232xo/odoo-210801/addons/report_crm/__terp__.py
2026-02-03 09:54:30,096 - Knowledge - INFO - Fast-tracked /app/data/T0002/210801/b7232xo/odoo-210801/addons/report_crm/__terp__.py (ext=.py, size=1570)
2026-02-03 09:54:30,097 - Knowledge - INFO - [LLM_CALL] Completed: wizard_journal.py:chunk1, Duration: 35009ms, PromptTokens: 2712, CompletionTokens: 386, Cost: $0.00043
2026-02-03 09:54:30,157 - Knowledge - INFO - done ingest for /app/data/T0002/210801/b7232xo/odoo-210801/addons/account/wizard/wizard_journal.py
2026-02-03 09:54:30,165 - Knowledge - INFO - [LLM_CALL] Completed: overdue.py:chunk1, Duration: 43404ms, PromptTokens: 2576, CompletionTokens: 482, Cost: $0.00045
2026-02-03 09:54:30,230 - Knowledge - INFO - done ingest for /app/data/T0002/210801/b7232xo/odoo-210801/addons/account/report/overdue.py
2026-02-03 09:54:30,380 - Knowledge - INFO - Async storage completed for 8 embeddings
2026-02-03 09:54:30,825 - Knowledge - INFO - [LLM_CALL] Completed: tax_report.py:chunk1, Duration: 44063ms, PromptTokens: 4930, CompletionTokens: 564, Cost: $0.00072
2026-02-03 09:54:30,826 - Knowledge - INFO - done ingest for /app/data/T0002/210801/b7232xo/odoo-210801/addons/account/report/tax_report.py
2026-02-03 09:54:30,879 - Knowledge - INFO - [LLM_CALL] Completed: wizard_fiscalyear_close.py:chunk1, Duration: 30049ms, PromptTokens: 7024, CompletionTokens: 479, Cost: $0.00089
2026-02-03 09:54:30,947 - Knowledge - INFO - done ingest for /app/data/T0002/210801/b7232xo/odoo-210801/addons/account/wizard/wizard_fiscalyear_close.py
2026-02-03 09:54:32,179 - Knowledge - INFO - [LLM_CALL] Completed: general_journal.py:chunk1, Duration: 45518ms, PromptTokens: 3988, CompletionTokens: 505, Cost: $0.00060
2026-02-03 09:54:32,179 - Knowledge - INFO - done ingest for /app/data/T0002/210801/b7232xo/odoo-210801/addons/account/report/general_journal.py
2026-02-03 09:54:33,172 - Knowledge - INFO - [kw17] Queue=331, InProgress=0, PendingWorkers=20/20, Completed=854/1263 (67.6%)
2026-02-03 09:54:33,172 - Knowledge - INFO - Batch sizing: calculated=6, max_allowed=10, queue=331, active_workers=20/20
2026-02-03 09:54:34,197 - Knowledge - INFO - Processing batch of 6 files
2026-02-03 09:54:34,197 - Knowledge - INFO - process ingested knowledge for /app/data/T0002/210801/b7232xo/odoo-210801/addons/account/__terp__.py
2026-02-03 09:54:35,528 - Knowledge - INFO - Async storing batch of 6 embeddings
2026-02-03 09:54:35,535 - Knowledge - INFO - Worker kw17 processing /app/data/T0002/210801/b7232xo/odoo-210801/addons/report_crm/__init__.py
2026-02-03 09:54:35,576 - Knowledge - INFO - Fast-tracked /app/data/T0002/210801/b7232xo/odoo-210801/addons/report_crm/__init__.py (ext=.py, size=1077)
2026-02-03 09:54:35,577 - Knowledge - INFO - Worker kw17 processing /app/data/T0002/210801/b7232xo/odoo-210801/addons/stock_no_autopicking/stock_no_autopicking.py
2026-02-03 09:54:35,629 - Knowledge - INFO - Fast-tracked /app/data/T0002/210801/b7232xo/odoo-210801/addons/stock_no_autopicking/stock_no_autopicking.py (ext=.py, size=1549)
2026-02-03 09:54:35,630 - Knowledge - INFO - Worker kw17 processing /app/data/T0002/210801/b7232xo/odoo-210801/addons/stock_no_autopicking/stock_no_autopicking_view.xml
2026-02-03 09:54:35,857 - Knowledge - INFO - Fast-tracked /app/data/T0002/210801/b7232xo/odoo-210801/addons/stock_no_autopicking/stock_no_autopicking_view.xml (ext=.xml, size=493)
2026-02-03 09:54:35,858 - Knowledge - INFO - Worker kw17 processing /app/data/T0002/210801/b7232xo/odoo-210801/addons/stock_no_autopicking/__terp__.py
2026-02-03 09:54:35,988 - Knowledge - INFO - Fast-tracked /app/data/T0002/210801/b7232xo/odoo-210801/addons/stock_no_autopicking/__terp__.py (ext=.py, size=1792)
2026-02-03 09:54:36,006 - Knowledge - INFO - Worker kw17 processing /app/data/T0002/210801/b7232xo/odoo-210801/addons/stock_no_autopicking/__init__.py
2026-02-03 09:54:36,092 - Knowledge - INFO - Fast-tracked /app/data/T0002/210801/b7232xo/odoo-210801/addons/stock_no_autopicking/__init__.py (ext=.py, size=1086)
2026-02-03 09:54:36,179 - Knowledge - INFO - Worker kw17 processing /app/data/T0002/210801/b7232xo/odoo-210801/addons/document_ics/document_view.xml
2026-02-03 09:54:36,201 - Knowledge - INFO - Processing batch of 6 files
2026-02-03 09:54:36,201 - Knowledge - INFO - process ingested knowledge for /app/data/T0002/210801/b7232xo/odoo-210801/addons/account/account_assert_test.xml
2026-02-03 09:54:36,224 - Knowledge - INFO - Fast-tracked /app/data/T0002/210801/b7232xo/odoo-210801/addons/document_ics/document_view.xml (ext=.xml, size=2030)
2026-02-03 09:54:36,271 - Knowledge - INFO - Async storage completed for 6 embeddings
2026-02-03 09:54:36,851 - Knowledge - INFO - process ingested knowledge for /app/data/T0002/210801/b7232xo/odoo-210801/addons/account/wizard/wizard_aged_trial_balance.py
2026-02-03 09:54:37,265 - Knowledge - INFO - process ingested knowledge for /app/data/T0002/210801/b7232xo/odoo-210801/addons/account/report/partner_balance.py
2026-02-03 09:54:37,380 - Knowledge - INFO - process ingested knowledge for /app/data/T0002/210801/b7232xo/odoo-210801/addons/account/wizard/wizard_account_balance_report.py
2026-02-03 09:54:37,550 - Knowledge - INFO - Processing batch of 6 files
2026-02-03 09:54:37,573 - Knowledge - INFO - process ingested knowledge for /app/data/T0002/210801/b7232xo/odoo-210801/addons/account/wizard/wizard_subscription_generate.py
2026-02-03 09:54:38,685 - Knowledge - INFO - [LLM_CALL] Completed: invoice.py:chunk2, Duration: 38208ms, PromptTokens: 18172, CompletionTokens: 1198, Cost: $0.00230
2026-02-03 09:54:38,934 - Knowledge - INFO - [LLM_CALL] Completed: account_journal.py:chunk1, Duration: 52268ms, PromptTokens: 2622, CompletionTokens: 389, Cost: $0.00042
2026-02-03 09:54:38,940 - Knowledge - INFO - done ingest for /app/data/T0002/210801/b7232xo/odoo-210801/addons/account/report/account_journal.py
2026-02-03 09:54:39,306 - Knowledge - INFO - process ingested knowledge for /app/data/T0002/210801/b7232xo/odoo-210801/addons/account/report/aged_trial_balance.py
2026-02-03 09:54:39,331 - Knowledge - INFO - [kw5] Queue=325, InProgress=0, PendingWorkers=20/20, Completed=863/1263 (68.3%)
2026-02-03 09:54:39,331 - Knowledge - INFO - Batch sizing: calculated=6, max_allowed=10, queue=325, active_workers=20/20
2026-02-03 09:54:39,380 - Knowledge - INFO - process ingested knowledge for /app/data/T0002/210801/b7232xo/odoo-210801/addons/account/wizard/wizard_open_closed_fiscalyear.py
2026-02-03 09:54:40,233 - Knowledge - INFO - process ingested knowledge for /app/data/T0002/210801/b7232xo/odoo-210801/addons/account/report/transfer.xml
2026-02-03 09:54:40,245 - Knowledge - INFO - Async storing batch of 6 embeddings
2026-02-03 09:54:40,282 - Knowledge - INFO - Worker kw5 processing /app/data/T0002/210801/b7232xo/odoo-210801/addons/document_ics/document_demo.xml
2026-02-03 09:54:40,297 - Knowledge - INFO - process ingested knowledge for /app/data/T0002/210801/b7232xo/odoo-210801/addons/account/wizard/wizard_invoice_state.py
2026-02-03 09:54:40,302 - Knowledge - INFO - Fast-tracked /app/data/T0002/210801/b7232xo/odoo-210801/addons/document_ics/document_demo.xml (ext=.xml, size=2369)
2026-02-03 09:54:40,391 - Knowledge - INFO - Worker kw5 processing /app/data/T0002/210801/b7232xo/odoo-210801/addons/document_ics/document.py
2026-02-03 09:54:40,552 - Knowledge - INFO - Worker kw5 processing /app/data/T0002/210801/b7232xo/odoo-210801/addons/document_ics/__terp__.py
2026-02-03 09:54:40,650 - Knowledge - INFO - Fast-tracked /app/data/T0002/210801/b7232xo/odoo-210801/addons/document_ics/__terp__.py (ext=.py, size=1657)
2026-02-03 09:54:40,650 - Knowledge - INFO - Worker kw5 processing /app/data/T0002/210801/b7232xo/odoo-210801/addons/document_ics/document_ics_config_wizard.xml
2026-02-03 09:54:40,890 - Knowledge - INFO - Fast-tracked /app/data/T0002/210801/b7232xo/odoo-210801/addons/document_ics/document_ics_config_wizard.xml (ext=.xml, size=2281)
2026-02-03 09:54:40,890 - Knowledge - INFO - Worker kw5 processing /app/data/T0002/210801/b7232xo/odoo-210801/addons/document_ics/document_ics_config_wizard.py
2026-02-03 09:54:40,929 - Knowledge - INFO - Worker kw5 processing /app/data/T0002/210801/b7232xo/odoo-210801/addons/document_ics/__init__.py
2026-02-03 09:54:41,028 - Knowledge - INFO - Fast-tracked /app/data/T0002/210801/b7232xo/odoo-210801/addons/document_ics/__init__.py (ext=.py, size=1107)
2026-02-03 09:54:41,040 - Knowledge - INFO - process ingested knowledge for /app/data/T0002/210801/b7232xo/odoo-210801/addons/account/wizard/wizard_bank_reconcile.py
2026-02-03 09:54:41,289 - Knowledge - INFO - [LLM_CALL] Completed: wizard_pay_invoice.py:chunk1, Duration: 41366ms, PromptTokens: 5182, CompletionTokens: 422, Cost: $0.00069
2026-02-03 09:54:41,290 - Knowledge - INFO - done ingest for /app/data/T0002/210801/b7232xo/odoo-210801/addons/account/wizard/wizard_pay_invoice.py
2026-02-03 09:54:41,330 - Knowledge - INFO - process ingested knowledge for /app/data/T0002/210801/b7232xo/odoo-210801/addons/account/report/invoice.py
2026-02-03 09:54:42,376 - Knowledge - INFO - Async storage completed for 6 embeddings
2026-02-03 09:54:42,692 - Knowledge - INFO - process ingested knowledge for /app/data/T0002/210801/b7232xo/odoo-210801/addons/account/wizard/wizard_print_journal.py
2026-02-03 09:54:42,786 - Knowledge - INFO - Processing batch of 6 files
2026-02-03 09:54:42,829 - Knowledge - INFO - process ingested knowledge for /app/data/T0002/210801/b7232xo/odoo-210801/addons/account/project/wizard/wizard_analytic_account_chart.py
2026-02-03 09:54:43,878 - Knowledge - INFO - [LLM_CALL] Completed: report_crm.py:chunk1, Duration: 13638ms, PromptTokens: 5228, CompletionTokens: 376, Cost: $0.00067
2026-02-03 09:54:43,976 - Knowledge - INFO - done ingest for /app/data/T0002/210801/b7232xo/odoo-210801/addons/report_crm/report_crm.py
2026-02-03 09:54:44,076 - Knowledge - INFO - process ingested knowledge for /app/data/T0002/210801/b7232xo/odoo-210801/addons/account/report/rml_parse.py
2026-02-03 09:54:44,099 - Knowledge - INFO - process ingested knowledge for /app/data/T0002/210801/b7232xo/odoo-210801/addons/account/wizard/wizard_account_duplicate.py
2026-02-03 09:54:44,152 - Knowledge - INFO - [WEBSOCKET] Sent: Type=progress_update, Size: 294, Duration: 0ms
2026-02-03 09:54:44,223 - Knowledge - INFO - [WEBSOCKET] Sent: Type=unknown, Size: ?, Duration: 71ms
2026-02-03 09:54:44,340 - Knowledge - INFO - Progress: 69.2% | Files: 876/1263 | Rate: 2.13 files/sec | Queue: 319
2026-02-03 09:54:44,343 - Knowledge - INFO - process ingested knowledge for /app/data/T0002/210801/b7232xo/odoo-210801/addons/account/wizard/wizard_move_line_select.py
2026-02-03 09:54:44,391 - Knowledge - INFO - Processing batch of 6 files
2026-02-03 09:54:44,543 - Knowledge - INFO - process ingested knowledge for /app/data/T0002/210801/b7232xo/odoo-210801/addons/account/project/wizard/wizard_account_analytic_analytic_check.py
2026-02-03 09:54:44,651 - Knowledge - INFO - process ingested knowledge for /app/data/T0002/210801/b7232xo/odoo-210801/addons/account/report/general_ledger.py
2026-02-03 09:54:45,438 - Knowledge - INFO - [kw16] Queue=319, InProgress=0, PendingWorkers=20/20, Completed=882/1263 (69.8%)
2026-02-03 09:54:45,446 - Knowledge - INFO - Batch sizing: calculated=6, max_allowed=10, queue=319, active_workers=20/20
2026-02-03 09:54:45,455 - Knowledge - INFO - [LLM_CALL] Completed: project.py:chunk1, Duration: 25475ms, PromptTokens: 7596, CompletionTokens: 741, Cost: $0.00106
2026-02-03 09:54:45,461 - Knowledge - INFO - done ingest for /app/data/T0002/210801/b7232xo/odoo-210801/addons/account/project/project.py
2026-02-03 09:54:45,503 - Knowledge - INFO - Processing batch of 6 files
2026-02-03 09:54:45,559 - Knowledge - INFO - process ingested knowledge for /app/data/T0002/210801/b7232xo/odoo-210801/addons/report_crm/__init__.py
2026-02-03 09:54:45,687 - Knowledge - INFO - Processing batch of 6 files
2026-02-03 09:54:45,690 - Knowledge - INFO - process ingested knowledge for /app/data/T0002/210801/b7232xo/odoo-210801/addons/account/wizard/wizard_use_model.py
2026-02-03 09:54:46,048 - Knowledge - INFO - process ingested knowledge for /app/data/T0002/210801/b7232xo/odoo-210801/addons/account/wizard/wizard_unreconcile.py
2026-02-03 09:54:46,072 - Knowledge - INFO - process ingested knowledge for /app/data/T0002/210801/b7232xo/odoo-210801/addons/account/project/wizard/wizard_account_analytic_cost_ledger_for_journal_report.py
2026-02-03 09:54:46,200 - Knowledge - INFO - Async storing batch of 6 embeddings
2026-02-03 09:54:46,234 - Knowledge - INFO - Worker kw16 processing /app/data/T0002/210801/b7232xo/odoo-210801/addons/document_ics/document_data.xml
2026-02-03 09:54:46,342 - Knowledge - INFO - Fast-tracked /app/data/T0002/210801/b7232xo/odoo-210801/addons/document_ics/document_data.xml (ext=.xml, size=699)
2026-02-03 09:54:46,364 - Knowledge - INFO - process ingested knowledge for /app/data/T0002/210801/b7232xo/odoo-210801/addons/stock_no_autopicking/stock_no_autopicking.py
2026-02-03 09:54:46,434 - Knowledge - INFO - Worker kw16 processing /app/data/T0002/210801/b7232xo/odoo-210801/addons/profile_association/profile_association.py
2026-02-03 09:54:46,456 - Knowledge - INFO - Processing batch of 6 files
2026-02-03 09:54:46,533 - Knowledge - INFO - Worker kw16 processing /app/data/T0002/210801/b7232xo/odoo-210801/addons/profile_association/profile_association.xml
2026-02-03 09:54:46,557 - Knowledge - INFO - process ingested knowledge for /app/data/T0002/210801/b7232xo/odoo-210801/addons/account/process/supplier_invoice_process.xml
2026-02-03 09:54:46,646 - Knowledge - INFO - Fast-tracked /app/data/T0002/210801/b7232xo/odoo-210801/addons/profile_association/profile_association.xml (ext=.xml, size=2381)
2026-02-03 09:54:46,764 - Knowledge - INFO - Worker kw16 processing /app/data/T0002/210801/b7232xo/odoo-210801/addons/profile_association/__terp__.py
2026-02-03 09:54:46,844 - Knowledge - INFO - Fast-tracked /app/data/T0002/210801/b7232xo/odoo-210801/addons/profile_association/__terp__.py (ext=.py, size=1450)
2026-02-03 09:54:46,878 - Knowledge - INFO - Worker kw16 processing /app/data/T0002/210801/b7232xo/odoo-210801/addons/profile_association/__init__.py
2026-02-03 09:54:46,971 - Knowledge - INFO - Fast-tracked /app/data/T0002/210801/b7232xo/odoo-210801/addons/profile_association/__init__.py (ext=.py, size=1084)
2026-02-03 09:54:47,004 - Knowledge - INFO - Worker kw16 processing /app/data/T0002/210801/b7232xo/odoo-210801/addons/hr_timesheet_invoice/hr_timesheet_invoice_demo.xml
2026-02-03 09:54:47,108 - Knowledge - INFO - Fast-tracked /app/data/T0002/210801/b7232xo/odoo-210801/addons/hr_timesheet_invoice/hr_timesheet_invoice_demo.xml (ext=.xml, size=1430)
2026-02-03 09:54:47,195 - Knowledge - INFO - process ingested knowledge for /app/data/T0002/210801/b7232xo/odoo-210801/addons/account/report/__init__.py
2026-02-03 09:54:47,281 - Knowledge - INFO - process ingested knowledge for /app/data/T0002/210801/b7232xo/odoo-210801/addons/account/wizard/wizard_automatic_reconcile.py
2026-02-03 09:54:47,330 - Knowledge - INFO - process ingested knowledge for /app/data/T0002/210801/b7232xo/odoo-210801/addons/account/wizard/wizard_general_ledger_report.py
2026-02-03 09:54:47,467 - Knowledge - INFO - [LLM_CALL] Completed: wizard_statement_from_invoice.py:chunk1, Duration: 45942ms, PromptTokens: 4242, CompletionTokens: 322, Cost: $0.00055
2026-02-03 09:54:47,468 - Knowledge - INFO - done ingest for /app/data/T0002/210801/b7232xo/odoo-210801/addons/account/wizard/wizard_statement_from_invoice.py
2026-02-03 09:54:47,493 - Knowledge - INFO - Async storage completed for 6 embeddings
2026-02-03 09:54:47,983 - Knowledge - INFO - [LLM_CALL] Completed: account_analytic_line.py:chunk1, Duration: 19935ms, PromptTokens: 3682, CompletionTokens: 540, Cost: $0.00058
2026-02-03 09:54:47,993 - Knowledge - INFO - done ingest for /app/data/T0002/210801/b7232xo/odoo-210801/addons/account/account_analytic_line.py
2026-02-03 09:54:48,087 - Knowledge - INFO - process ingested knowledge for /app/data/T0002/210801/b7232xo/odoo-210801/addons/account/process/customer_invoice_process.xml
2026-02-03 09:54:48,128 - Knowledge - INFO - process ingested knowledge for /app/data/T0002/210801/b7232xo/odoo-210801/addons/account/project/wizard/wizard_account_analytic_journal_report.py
2026-02-03 09:54:48,265 - Knowledge - INFO - process ingested knowledge for /app/data/T0002/210801/b7232xo/odoo-210801/addons/account/wizard/wizard_vat.py
2026-02-03 09:54:48,291 - Knowledge - INFO - process ingested knowledge for /app/data/T0002/210801/b7232xo/odoo-210801/addons/stock_no_autopicking/stock_no_autopicking_view.xml
2026-02-03 09:54:48,310 - Knowledge - INFO - [LLM_CALL] Completed: third_party_ledger.py:chunk1, Duration: 61314ms, PromptTokens: 9466, CompletionTokens: 855, Cost: $0.00129
2026-02-03 09:54:48,340 - Knowledge - INFO - done ingest for /app/data/T0002/210801/b7232xo/odoo-210801/addons/account/report/third_party_ledger.py
2026-02-03 09:54:48,380 - Knowledge - INFO - process ingested knowledge for /app/data/T0002/210801/b7232xo/odoo-210801/addons/account/account_menuitem.xml
2026-02-03 09:54:48,424 - Knowledge - INFO - process ingested knowledge for /app/data/T0002/210801/b7232xo/odoo-210801/addons/account/report/general_journal.py
2026-02-03 09:54:49,090 - Knowledge - INFO - process ingested knowledge for /app/data/T0002/210801/b7232xo/odoo-210801/addons/account/project/wizard/wizard_account_analytic_cost_ledger_report.py
2026-02-03 09:54:49,193 - Knowledge - INFO - [kw20] Queue=313, InProgress=0, PendingWorkers=20/20, Completed=891/1263 (70.5%)
2026-02-03 09:54:49,206 - Knowledge - INFO - Batch sizing: calculated=6, max_allowed=10, queue=313, active_workers=20/20
2026-02-03 09:54:49,223 - Knowledge - INFO - process ingested knowledge for /app/data/T0002/210801/b7232xo/odoo-210801/addons/stock_no_autopicking/__terp__.py
2026-02-03 09:54:51,064 - Knowledge - INFO - process ingested knowledge for /app/data/T0002/210801/b7232xo/odoo-210801/addons/report_crm/report_crm.py
2026-02-03 09:54:51,145 - Knowledge - INFO - process ingested knowledge for /app/data/T0002/210801/b7232xo/odoo-210801/addons/account/report/tax_report.py
2026-02-03 09:54:51,200 - Knowledge - INFO - process ingested knowledge for /app/data/T0002/210801/b7232xo/odoo-210801/addons/account/project/wizard/__init__.py
2026-02-03 09:54:51,206 - Knowledge - INFO - process ingested knowledge for /app/data/T0002/210801/b7232xo/odoo-210801/addons/account/wizard/wizard_journal.py
2026-02-03 09:54:51,255 - Knowledge - INFO - Async storing batch of 8 embeddings
2026-02-03 09:54:51,290 - Knowledge - INFO - process ingested knowledge for /app/data/T0002/210801/b7232xo/odoo-210801/addons/stock_no_autopicking/__init__.py
2026-02-03 09:54:51,383 - Knowledge - INFO - [LLM_CALL] Completed: account_move_line.py:chunk1, Duration: 49995ms, PromptTokens: 23640, CompletionTokens: 1249, Cost: $0.00286
2026-02-03 09:54:51,464 - Knowledge - INFO - Worker kw20 processing /app/data/T0002/210801/b7232xo/odoo-210801/addons/hr_timesheet_invoice/hr_timesheet_invoice.py
2026-02-03 09:54:51,598 - Knowledge - INFO - done ingest for /app/data/T0002/210801/b7232xo/odoo-210801/addons/account/account_move_line.py
2026-02-03 09:54:51,662 - Knowledge - INFO - Worker kw20 processing /app/data/T0002/210801/b7232xo/odoo-210801/addons/hr_timesheet_invoice/report/cost_ledger.py
2026-02-03 09:54:51,757 - Knowledge - INFO - Worker kw20 processing /app/data/T0002/210801/b7232xo/odoo-210801/addons/hr_timesheet_invoice/report/account_analytic_profit.py
2026-02-03 09:54:51,796 - Knowledge - INFO - Worker kw20 processing /app/data/T0002/210801/b7232xo/odoo-210801/addons/hr_timesheet_invoice/report/__init__.py
2026-02-03 09:54:51,897 - Knowledge - INFO - [LLM_CALL] Completed: quantity_cost_ledger.py:chunk1, Duration: 40037ms, PromptTokens: 3608, CompletionTokens: 406, Cost: $0.00052
2026-02-03 09:54:51,947 - Knowledge - INFO - done ingest for /app/data/T0002/210801/b7232xo/odoo-210801/addons/account/project/report/quantity_cost_ledger.py
2026-02-03 09:54:51,947 - Knowledge - INFO - Fast-tracked /app/data/T0002/210801/b7232xo/odoo-210801/addons/hr_timesheet_invoice/report/__init__.py (ext=.py, size=1109)
2026-02-03 09:54:52,029 - Knowledge - INFO - Worker kw20 processing /app/data/T0002/210801/b7232xo/odoo-210801/addons/hr_timesheet_invoice/hr_timesheet_invoice_wizard.xml
2026-02-03 09:54:52,159 - Knowledge - INFO - process ingested knowledge for /app/data/T0002/210801/b7232xo/odoo-210801/addons/account/account_invoice_workflow.xml
2026-02-03 09:54:52,165 - Knowledge - INFO - Fast-tracked /app/data/T0002/210801/b7232xo/odoo-210801/addons/hr_timesheet_invoice/hr_timesheet_invoice_wizard.xml (ext=.xml, size=394)
2026-02-03 09:54:52,235 - Knowledge - INFO - Worker kw20 processing /app/data/T0002/210801/b7232xo/odoo-210801/addons/hr_timesheet_invoice/hr_timesheet_invoice_view.xml
2026-02-03 09:54:52,333 - Knowledge - INFO - Fast-tracked /app/data/T0002/210801/b7232xo/odoo-210801/addons/hr_timesheet_invoice/hr_timesheet_invoice_view.xml (ext=.xml, size=10738)
2026-02-03 09:54:53,107 - Knowledge - INFO - process ingested knowledge for /app/data/T0002/210801/b7232xo/odoo-210801/addons/document_ics/document_view.xml
2026-02-03 09:54:53,274 - Knowledge - INFO - Async storage completed for 8 embeddings
2026-02-03 09:54:54,043 - Knowledge - INFO - process ingested knowledge for /app/data/T0002/210801/b7232xo/odoo-210801/addons/account/sequence_view.xml
2026-02-03 09:54:54,065 - Knowledge - INFO - process ingested knowledge for /app/data/T0002/210801/b7232xo/odoo-210801/addons/report_crm/report_crm_view.xml
2026-02-03 09:54:54,163 - Knowledge - INFO - [LLM_CALL] Completed: wizard_refund.py:chunk1, Duration: 53193ms, PromptTokens: 5236, CompletionTokens: 506, Cost: $0.00073
2026-02-03 09:54:54,210 - Knowledge - INFO - done ingest for /app/data/T0002/210801/b7232xo/odoo-210801/addons/account/wizard/wizard_refund.py
2026-02-03 09:54:54,379 - Knowledge - INFO - [LLM_CALL] Completed: profile_association.py:chunk1, Duration: 7041ms, PromptTokens: 2242, CompletionTokens: 287, Cost: $0.00034
2026-02-03 09:54:54,387 - Knowledge - INFO - done ingest for /app/data/T0002/210801/b7232xo/odoo-210801/addons/profile_association/profile_association.py
2026-02-03 09:54:54,608 - Knowledge - INFO - [LLM_CALL] Completed: partner.py:chunk1, Duration: 43226ms, PromptTokens: 4520, CompletionTokens: 476, Cost: $0.00064
2026-02-03 09:54:54,609 - Knowledge - INFO - done ingest for /app/data/T0002/210801/b7232xo/odoo-210801/addons/account/partner.py
2026-02-03 09:54:54,666 - Knowledge - INFO - process ingested knowledge for /app/data/T0002/210801/b7232xo/odoo-210801/addons/account/wizard/wizard_central_journal.py
2026-02-03 09:54:54,834 - Knowledge - INFO - Processing batch of 6 files
2026-02-03 09:54:54,835 - Knowledge - INFO - process ingested knowledge for /app/data/T0002/210801/b7232xo/odoo-210801/addons/account/project/report/__init__.py
2026-02-03 09:54:55,235 - Knowledge - INFO - process ingested knowledge for /app/data/T0002/210801/b7232xo/odoo-210801/addons/report_crm/__terp__.py
2026-02-03 09:54:55,257 - Knowledge - INFO - process ingested knowledge for /app/data/T0002/210801/b7232xo/odoo-210801/addons/account/wizard/wizard_reconcile_select.py
2026-02-03 09:54:55,381 - Knowledge - INFO - Processing batch of 6 files
2026-02-03 09:54:55,387 - Knowledge - INFO - process ingested knowledge for /app/data/T0002/210801/b7232xo/odoo-210801/addons/account/wizard/wizard_journal_select.py
2026-02-03 09:54:57,672 - Knowledge - INFO - [LLM_CALL] Completed: cost_ledger.py:chunk1, Duration: 4821ms, PromptTokens: 3640, CompletionTokens: 585, Cost: $0.00060
2026-02-03 09:54:57,673 - Knowledge - INFO - done ingest for /app/data/T0002/210801/b7232xo/odoo-210801/addons/account/project/report/cost_ledger.py
2026-02-03 09:54:58,349 - Knowledge - INFO - [LLM_CALL] Completed: account_bank_statement.py:chunk1, Duration: 47417ms, PromptTokens: 13176, CompletionTokens: 834, Cost: $0.00165
2026-02-03 09:54:58,426 - Knowledge - INFO - done ingest for /app/data/T0002/210801/b7232xo/odoo-210801/addons/account/account_bank_statement.py
2026-02-03 09:54:59,278 - Knowledge - INFO - process ingested knowledge for /app/data/T0002/210801/b7232xo/odoo-210801/addons/account/wizard/wizard_state_open.py
2026-02-03 09:54:59,325 - Knowledge - INFO - process ingested knowledge for /app/data/T0002/210801/b7232xo/odoo-210801/addons/account/project/project_demo.xml
2026-02-03 09:54:59,555 - Knowledge - INFO - [LLM_CALL] Completed: document.py:chunk1, Duration: 18177ms, PromptTokens: 4466, CompletionTokens: 483, Cost: $0.00064
2026-02-03 09:54:59,587 - Knowledge - INFO - done ingest for /app/data/T0002/210801/b7232xo/odoo-210801/addons/document_ics/document.py
2026-02-03 09:54:59,798 - Knowledge - INFO - [LLM_CALL] Completed: wizard_reconcile.py:chunk1, Duration: 59106ms, PromptTokens: 3936, CompletionTokens: 525, Cost: $0.00060
2026-02-03 09:54:59,803 - Knowledge - INFO - done ingest for /app/data/T0002/210801/b7232xo/odoo-210801/addons/account/wizard/wizard_reconcile.py
2026-02-03 09:55:00,419 - Knowledge - INFO - [LLM_CALL] Completed: document_ics_config_wizard.py:chunk1, Duration: 18639ms, PromptTokens: 3564, CompletionTokens: 328, Cost: $0.00049
2026-02-03 09:55:00,453 - Knowledge - INFO - done ingest for /app/data/T0002/210801/b7232xo/odoo-210801/addons/document_ics/document_ics_config_wizard.py
2026-02-03 09:55:01,491 - Knowledge - INFO - Processing batch of 6 files
2026-02-03 09:55:01,540 - Knowledge - INFO - process ingested knowledge for /app/data/T0002/210801/b7232xo/odoo-210801/addons/account/project/project.py
2026-02-03 09:55:01,498 - Knowledge - INFO - process ingested knowledge for /app/data/T0002/210801/b7232xo/odoo-210801/addons/account/wizard/wizard_account_chart.py
2026-02-03 09:55:01,561 - Knowledge - INFO - process ingested knowledge for /app/data/T0002/210801/b7232xo/odoo-210801/addons/account/project/wizard/wizard_account_analytic_line.py
2026-02-03 09:55:01,785 - Knowledge - INFO - Processing batch of 6 files
2026-02-03 09:55:01,816 - Knowledge - INFO - process ingested knowledge for /app/data/T0002/210801/b7232xo/odoo-210801/addons/account/report/central_journal.py
2026-02-03 09:55:03,311 - Knowledge - INFO - [WEBSOCKET] Sent: Type=progress_update, Size: 292, Duration: 0ms
2026-02-03 09:55:03,323 - Knowledge - INFO - [WEBSOCKET] Sent: Type=unknown, Size: ?, Duration: 12ms
2026-02-03 09:55:03,323 - Knowledge - INFO - Progress: 73.0% | Files: 922/1263 | Rate: 2.17 files/sec | Queue: 307
2026-02-03 09:55:04,166 - Knowledge - INFO - [LLM_CALL] Completed: invoice.py:chunk3, Duration: 25425ms, PromptTokens: 3298, CompletionTokens: 1198, Cost: $0.00081
2026-02-03 09:55:04,172 - Knowledge - INFO - done ingest for /app/data/T0002/210801/b7232xo/odoo-210801/addons/account/invoice.py
2026-02-03 09:55:04,174 - Knowledge - INFO - process ingested knowledge for /app/data/T0002/210801/b7232xo/odoo-210801/addons/account/project/project_report.xml
2026-02-03 09:55:04,246 - Knowledge - INFO - process ingested knowledge for /app/data/T0002/210801/b7232xo/odoo-210801/addons/account/wizard/wizard_pay_invoice.py
2026-02-03 09:55:04,346 - Knowledge - INFO - Processing batch of 6 files
2026-02-03 09:55:04,346 - Knowledge - INFO - process ingested knowledge for /app/data/T0002/210801/b7232xo/odoo-210801/addons/account/wizard/wizard_period_close.py
2026-02-03 09:55:04,369 - Knowledge - INFO - process ingested knowledge for /app/data/T0002/210801/b7232xo/odoo-210801/addons/account/report/account_tax_code.py
2026-02-03 09:55:04,823 - Knowledge - INFO - [kw7] Queue=307, InProgress=0, PendingWorkers=20/20, Completed=927/1263 (73.4%)
2026-02-03 09:55:04,823 - Knowledge - INFO - Batch sizing: calculated=6, max_allowed=10, queue=307, active_workers=20/20
2026-02-03 09:55:05,434 - Knowledge - INFO - process ingested knowledge for /app/data/T0002/210801/b7232xo/odoo-210801/addons/account/project/__init__.py
2026-02-03 09:55:05,446 - Knowledge - INFO - process ingested knowledge for /app/data/T0002/210801/b7232xo/odoo-210801/addons/account/project/wizard/wizard_account_analytic_balance_report.py
2026-02-03 09:55:05,457 - Knowledge - INFO - process ingested knowledge for /app/data/T0002/210801/b7232xo/odoo-210801/addons/account/wizard/wizard_unreconcile_select.py
2026-02-03 09:55:05,907 - Knowledge - INFO - [kw9] Queue=307, InProgress=0, PendingWorkers=20/20, Completed=927/1263 (73.4%)
2026-02-03 09:55:05,909 - Knowledge - INFO - Batch sizing: calculated=6, max_allowed=10, queue=307, active_workers=20/20
2026-02-03 09:55:05,935 - Knowledge - INFO - process ingested knowledge for /app/data/T0002/210801/b7232xo/odoo-210801/addons/account/report/account_journal.py
2026-02-03 09:55:05,936 - Knowledge - INFO - Processing batch of 6 files
2026-02-03 09:55:05,947 - Knowledge - INFO - process ingested knowledge for /app/data/T0002/210801/b7232xo/odoo-210801/addons/document_ics/document_data.xml
2026-02-03 09:55:06,278 - Knowledge - INFO - Async storing batch of 6 embeddings
2026-02-03 09:55:06,286 - Knowledge - INFO - Worker kw7 processing /app/data/T0002/210801/b7232xo/odoo-210801/addons/hr_timesheet_invoice/__terp__.py
2026-02-03 09:55:06,333 - Knowledge - INFO - Fast-tracked /app/data/T0002/210801/b7232xo/odoo-210801/addons/hr_timesheet_invoice/__terp__.py (ext=.py, size=1820)
2026-02-03 09:55:06,336 - Knowledge - INFO - Worker kw7 processing /app/data/T0002/210801/b7232xo/odoo-210801/addons/hr_timesheet_invoice/wizard/hr_timesheet_final_invoice_create.py
2026-02-03 09:55:06,352 - Knowledge - INFO - Worker kw7 processing /app/data/T0002/210801/b7232xo/odoo-210801/addons/hr_timesheet_invoice/wizard/wizard_account_analytic_cost_ledger_report.py
2026-02-03 09:55:06,390 - Knowledge - INFO - Fast-tracked /app/data/T0002/210801/b7232xo/odoo-210801/addons/hr_timesheet_invoice/wizard/wizard_account_analytic_cost_ledger_report.py (ext=.py, size=1993)
2026-02-03 09:55:06,391 - Knowledge - INFO - Worker kw7 processing /app/data/T0002/210801/b7232xo/odoo-210801/addons/hr_timesheet_invoice/wizard/account_analytic_profit.py
2026-02-03 09:55:06,403 - Knowledge - INFO - Worker kw7 processing /app/data/T0002/210801/b7232xo/odoo-210801/addons/hr_timesheet_invoice/wizard/__init__.py
2026-02-03 09:55:06,436 - Knowledge - INFO - Fast-tracked /app/data/T0002/210801/b7232xo/odoo-210801/addons/hr_timesheet_invoice/wizard/__init__.py (ext=.py, size=1216)
2026-02-03 09:55:06,438 - Knowledge - INFO - Worker kw7 processing /app/data/T0002/210801/b7232xo/odoo-210801/addons/hr_timesheet_invoice/wizard/hr_timesheet_invoice_create.py
2026-02-03 09:55:06,499 - Knowledge - INFO - [LLM_CALL] Completed: inverted_analytic_balance.py:chunk1, Duration: 48702ms, PromptTokens: 3548, CompletionTokens: 483, Cost: $0.00055
2026-02-03 09:55:06,502 - Knowledge - INFO - done ingest for /app/data/T0002/210801/b7232xo/odoo-210801/addons/account/project/report/inverted_analytic_balance.py
2026-02-03 09:55:06,770 - Knowledge - INFO - process ingested knowledge for /app/data/T0002/210801/b7232xo/odoo-210801/addons/account/__init__.py
2026-02-03 09:55:06,776 - Knowledge - INFO - process ingested knowledge for /app/data/T0002/210801/b7232xo/odoo-210801/addons/account/wizard/wizard_fiscalyear_close_state.py
2026-02-03 09:55:06,783 - Knowledge - INFO - process ingested knowledge for /app/data/T0002/210801/b7232xo/odoo-210801/addons/account/wizard/wizard_partner_balance_report.py
2026-02-03 09:55:06,869 - Knowledge - INFO - Async storage completed for 6 embeddings
2026-02-03 09:55:07,632 - Knowledge - INFO - process ingested knowledge for /app/data/T0002/210801/b7232xo/odoo-210801/addons/account/report/overdue.py
2026-02-03 09:55:07,735 - Knowledge - INFO - [kw12] Queue=301, InProgress=0, PendingWorkers=20/20, Completed=933/1263 (73.9%)
2026-02-03 09:55:07,736 - Knowledge - INFO - Batch sizing: calculated=6, max_allowed=10, queue=301, active_workers=20/20
2026-02-03 09:55:07,870 - Knowledge - INFO - Processing batch of 6 files
2026-02-03 09:55:07,891 - Knowledge - INFO - process ingested knowledge for /app/data/T0002/210801/b7232xo/odoo-210801/addons/account/partner_view.xml
2026-02-03 09:55:07,997 - Knowledge - INFO - [LLM_CALL] Completed: analytic_balance.py:chunk1, Duration: 49954ms, PromptTokens: 4112, CompletionTokens: 567, Cost: $0.00064
2026-02-03 09:55:07,997 - Knowledge - INFO - done ingest for /app/data/T0002/210801/b7232xo/odoo-210801/addons/account/project/report/analytic_balance.py
2026-02-03 09:55:08,183 - Knowledge - INFO - process ingested knowledge for /app/data/T0002/210801/b7232xo/odoo-210801/addons/account/project/wizard/wizard_account_analytic_inverted_balance_report.py
2026-02-03 09:55:08,184 - Knowledge - INFO - process ingested knowledge for /app/data/T0002/210801/b7232xo/odoo-210801/addons/account/account_report.xml
2026-02-03 09:55:08,199 - Knowledge - INFO - process ingested knowledge for /app/data/T0002/210801/b7232xo/odoo-210801/addons/account/wizard/wizard_fiscalyear_close.py
2026-02-03 09:55:08,240 - Knowledge - INFO - process ingested knowledge for /app/data/T0002/210801/b7232xo/odoo-210801/addons/account/report/account_balance.py
2026-02-03 09:55:08,441 - Knowledge - INFO - [LLM_CALL] Completed: analytic_check.py:chunk1, Duration: 50192ms, PromptTokens: 2872, CompletionTokens: 487, Cost: $0.00048
2026-02-03 09:55:08,466 - Knowledge - INFO - done ingest for /app/data/T0002/210801/b7232xo/odoo-210801/addons/account/project/report/analytic_check.py
2026-02-03 09:55:08,587 - Knowledge - INFO - process ingested knowledge for /app/data/T0002/210801/b7232xo/odoo-210801/addons/account/account_bank_statement.py
2026-02-03 09:55:08,615 - Knowledge - INFO - Async storing batch of 6 embeddings
2026-02-03 09:55:08,653 - Knowledge - INFO - Worker kw12 processing /app/data/T0002/210801/b7232xo/odoo-210801/addons/hr_timesheet_invoice/__init__.py
2026-02-03 09:55:08,761 - Knowledge - INFO - Fast-tracked /app/data/T0002/210801/b7232xo/odoo-210801/addons/hr_timesheet_invoice/__init__.py (ext=.py, size=1115)
2026-02-03 09:55:08,799 - Knowledge - INFO - Worker kw12 processing /app/data/T0002/210801/b7232xo/odoo-210801/addons/hr_timesheet_invoice/hr_timesheet_invoice_report.xml
2026-02-03 09:55:08,897 - Knowledge - INFO - Fast-tracked /app/data/T0002/210801/b7232xo/odoo-210801/addons/hr_timesheet_invoice/hr_timesheet_invoice_report.xml (ext=.xml, size=1320)
2026-02-03 09:55:08,936 - Knowledge - INFO - Worker kw12 processing /app/data/T0002/210801/b7232xo/odoo-210801/addons/report_timesheet/report_timesheet_view.xml
2026-02-03 09:55:09,023 - Knowledge - INFO - process ingested knowledge for /app/data/T0002/210801/b7232xo/odoo-210801/addons/profile_association/profile_association.py
2026-02-03 09:55:09,039 - Knowledge - INFO - Fast-tracked /app/data/T0002/210801/b7232xo/odoo-210801/addons/report_timesheet/report_timesheet_view.xml (ext=.xml, size=16465)
2026-02-03 09:55:09,045 - Knowledge - INFO - Worker kw12 processing /app/data/T0002/210801/b7232xo/odoo-210801/addons/report_timesheet/report_timesheet.py
2026-02-03 09:55:09,073 - Knowledge - INFO - Worker kw12 processing /app/data/T0002/210801/b7232xo/odoo-210801/addons/report_timesheet/__terp__.py
2026-02-03 09:55:09,101 - Knowledge - INFO - [LLM_CALL] Completed: hr_timesheet_invoice.py:chunk1, Duration: 16571ms, PromptTokens: 3638, CompletionTokens: 658, Cost: $0.00063
2026-02-03 09:55:09,103 - Knowledge - INFO - done ingest for /app/data/T0002/210801/b7232xo/odoo-210801/addons/hr_timesheet_invoice/hr_timesheet_invoice.py
2026-02-03 09:55:09,130 - Knowledge - INFO - Fast-tracked /app/data/T0002/210801/b7232xo/odoo-210801/addons/report_timesheet/__terp__.py (ext=.py, size=1630)
2026-02-03 09:55:09,155 - Knowledge - INFO - Worker kw12 processing /app/data/T0002/210801/b7232xo/odoo-210801/addons/report_timesheet/__init__.py
2026-02-03 09:55:09,165 - Knowledge - INFO - Fast-tracked /app/data/T0002/210801/b7232xo/odoo-210801/addons/report_timesheet/__init__.py (ext=.py, size=1083)
2026-02-03 09:55:09,361 - Knowledge - INFO - Async storage completed for 6 embeddings
2026-02-03 09:55:09,498 - Knowledge - INFO - process ingested knowledge for /app/data/T0002/210801/b7232xo/odoo-210801/addons/account/wizard/wizard_general_journal.py
2026-02-03 09:55:10,915 - Knowledge - INFO - process ingested knowledge for /app/data/T0002/210801/b7232xo/odoo-210801/addons/account/partner.py
2026-02-03 09:55:10,924 - Knowledge - INFO - Async storing batch of 6 embeddings
2026-02-03 09:55:11,004 - Knowledge - INFO - Worker kw9 processing /app/data/T0002/210801/b7232xo/odoo-210801/addons/sale_delivery_report/report/shipping.py
2026-02-03 09:55:11,056 - Knowledge - INFO - Worker kw9 processing /app/data/T0002/210801/b7232xo/odoo-210801/addons/sale_delivery_report/report/__init__.py
2026-02-03 09:55:11,086 - Knowledge - INFO - Fast-tracked /app/data/T0002/210801/b7232xo/odoo-210801/addons/sale_delivery_report/report/__init__.py (ext=.py, size=1074)
2026-02-03 09:55:11,087 - Knowledge - INFO - Worker kw9 processing /app/data/T0002/210801/b7232xo/odoo-210801/addons/sale_delivery_report/delivery_report.xml
2026-02-03 09:55:11,144 - Knowledge - INFO - Fast-tracked /app/data/T0002/210801/b7232xo/odoo-210801/addons/sale_delivery_report/delivery_report.xml (ext=.xml, size=299)
2026-02-03 09:55:11,174 - Knowledge - INFO - Worker kw9 processing /app/data/T0002/210801/b7232xo/odoo-210801/addons/sale_delivery_report/__terp__.py
2026-02-03 09:55:11,182 - Knowledge - INFO - Processing batch of 6 files
2026-02-03 09:55:11,196 - Knowledge - INFO - process ingested knowledge for /app/data/T0002/210801/b7232xo/odoo-210801/addons/document_ics/document_demo.xml
2026-02-03 09:55:11,204 - Knowledge - INFO - Fast-tracked /app/data/T0002/210801/b7232xo/odoo-210801/addons/sale_delivery_report/__terp__.py (ext=.py, size=1478)
2026-02-03 09:55:11,236 - Knowledge - INFO - Worker kw9 processing /app/data/T0002/210801/b7232xo/odoo-210801/addons/sale_delivery_report/__init__.py
2026-02-03 09:55:11,348 - Knowledge - INFO - Fast-tracked /app/data/T0002/210801/b7232xo/odoo-210801/addons/sale_delivery_report/__init__.py (ext=.py, size=1072)
2026-02-03 09:55:11,349 - Knowledge - INFO - Worker kw9 processing /app/data/T0002/210801/b7232xo/odoo-210801/addons/idea/security/idea_security.xml
2026-02-03 09:55:11,385 - Knowledge - INFO - Fast-tracked /app/data/T0002/210801/b7232xo/odoo-210801/addons/idea/security/idea_security.xml (ext=.xml, size=335)
2026-02-03 09:55:11,404 - Knowledge - INFO - process ingested knowledge for /app/data/T0002/210801/b7232xo/odoo-210801/addons/account/account_analytic_line.py
2026-02-03 09:55:11,407 - Knowledge - INFO - process ingested knowledge for /app/data/T0002/210801/b7232xo/odoo-210801/addons/profile_association/profile_association.xml
2026-02-03 09:55:11,523 - Knowledge - INFO - process ingested knowledge for /app/data/T0002/210801/b7232xo/odoo-210801/addons/account/report/third_party_ledger.py
2026-02-03 09:55:11,525 - Knowledge - INFO - Async storage completed for 6 embeddings
2026-02-03 09:55:12,353 - Knowledge - INFO - [LLM_CALL] Completed: analytic_journal.py:chunk1, Duration: 54830ms, PromptTokens: 2350, CompletionTokens: 534, Cost: $0.00045
2026-02-03 09:55:12,353 - Knowledge - INFO - done ingest for /app/data/T0002/210801/b7232xo/odoo-210801/addons/account/project/report/analytic_journal.py
2026-02-03 09:55:12,725 - Knowledge - INFO - process ingested knowledge for /app/data/T0002/210801/b7232xo/odoo-210801/addons/document_ics/document.py
2026-02-03 09:55:13,045 - Knowledge - INFO - [LLM_CALL] Completed: account_analytic_profit.py:chunk1, Duration: 6382ms, PromptTokens: 3496, CompletionTokens: 441, Cost: $0.00053
2026-02-03 09:55:13,045 - Knowledge - INFO - done ingest for /app/data/T0002/210801/b7232xo/odoo-210801/addons/hr_timesheet_invoice/report/account_analytic_profit.py
2026-02-03 09:55:13,104 - Knowledge - INFO - process ingested knowledge for /app/data/T0002/210801/b7232xo/odoo-210801/addons/account/account_move_line.py
2026-02-03 09:55:13,123 - Knowledge - INFO - process ingested knowledge for /app/data/T0002/210801/b7232xo/odoo-210801/addons/profile_association/__terp__.py
2026-02-03 09:55:13,677 - Knowledge - INFO - Processing batch of 6 files
2026-02-03 09:55:13,693 - Knowledge - INFO - [kw1] Queue=289, InProgress=0, PendingWorkers=20/20, Completed=943/1263 (74.7%)
2026-02-03 09:55:13,695 - Knowledge - INFO - process ingested knowledge for /app/data/T0002/210801/b7232xo/odoo-210801/addons/account/account_end_fy.xml
2026-02-03 09:55:13,696 - Knowledge - INFO - process ingested knowledge for /app/data/T0002/210801/b7232xo/odoo-210801/addons/account/project/project_view.xml
2026-02-03 09:55:13,714 - Knowledge - INFO - Batch sizing: calculated=6, max_allowed=10, queue=289, active_workers=20/20
2026-02-03 09:55:13,755 - Knowledge - INFO - [kw19] Queue=289, InProgress=0, PendingWorkers=20/20, Completed=943/1263 (74.7%)
2026-02-03 09:55:13,828 - Knowledge - INFO - Batch sizing: calculated=6, max_allowed=10, queue=289, active_workers=20/20
2026-02-03 09:55:13,843 - Knowledge - INFO - process ingested knowledge for /app/data/T0002/210801/b7232xo/odoo-210801/addons/document_ics/__terp__.py
2026-02-03 09:55:14,161 - Knowledge - INFO - Processing batch of 6 files
2026-02-03 09:55:14,161 - Knowledge - INFO - process ingested knowledge for /app/data/T0002/210801/b7232xo/odoo-210801/addons/account/wizard/wizard_third_party_ledger.py
2026-02-03 09:55:14,468 - Knowledge - INFO - process ingested knowledge for /app/data/T0002/210801/b7232xo/odoo-210801/addons/profile_association/__init__.py
2026-02-03 09:55:14,831 - Knowledge - INFO - process ingested knowledge for /app/data/T0002/210801/b7232xo/odoo-210801/addons/account/security/account_security.xml
2026-02-03 09:55:14,843 - Knowledge - INFO - process ingested knowledge for /app/data/T0002/210801/b7232xo/odoo-210801/addons/account/project/analytic_account_demo.xml
2026-02-03 09:55:14,880 - Knowledge - INFO - Async storing batch of 6 embeddings
2026-02-03 09:55:14,887 - Knowledge - INFO - Worker kw19 processing /app/data/T0002/210801/b7232xo/odoo-210801/addons/idea/idea_workflow.xml
2026-02-03 09:55:14,933 - Knowledge - INFO - Fast-tracked /app/data/T0002/210801/b7232xo/odoo-210801/addons/idea/idea_workflow.xml (ext=.xml, size=2677)
2026-02-03 09:55:14,960 - Knowledge - INFO - Worker kw19 processing /app/data/T0002/210801/b7232xo/odoo-210801/addons/idea/idea_view.xml
2026-02-03 09:55:15,073 - Knowledge - INFO - Fast-tracked /app/data/T0002/210801/b7232xo/odoo-210801/addons/idea/idea_view.xml (ext=.xml, size=12160)
2026-02-03 09:55:15,156 - Knowledge - INFO - Worker kw19 processing /app/data/T0002/210801/b7232xo/odoo-210801/addons/idea/idea.py
2026-02-03 09:55:15,165 - Knowledge - INFO - Worker kw19 processing /app/data/T0002/210801/b7232xo/odoo-210801/addons/idea/__terp__.py
2026-02-03 09:55:15,187 - Knowledge - INFO - Fast-tracked /app/data/T0002/210801/b7232xo/odoo-210801/addons/idea/__terp__.py (ext=.py, size=1934)
2026-02-03 09:55:15,187 - Knowledge - INFO - Worker kw19 processing /app/data/T0002/210801/b7232xo/odoo-210801/addons/idea/__init__.py
2026-02-03 09:55:15,267 - Knowledge - INFO - Fast-tracked /app/data/T0002/210801/b7232xo/odoo-210801/addons/idea/__init__.py (ext=.py, size=1070)
2026-02-03 09:55:15,284 - Knowledge - INFO - process ingested knowledge for /app/data/T0002/210801/b7232xo/odoo-210801/addons/account/wizard/wizard_validate_account_move.py
2026-02-03 09:55:15,287 - Knowledge - INFO - Worker kw19 processing /app/data/T0002/210801/b7232xo/odoo-210801/addons/profile_auction/__terp__.py
2026-02-03 09:55:15,428 - Knowledge - INFO - Fast-tracked /app/data/T0002/210801/b7232xo/odoo-210801/addons/profile_auction/__terp__.py (ext=.py, size=1424)
2026-02-03 09:55:15,509 - Knowledge - INFO - [LLM_CALL] Completed: shipping.py:chunk1, Duration: 4057ms, PromptTokens: 2488, CompletionTokens: 263, Cost: $0.00035
2026-02-03 09:55:15,509 - Knowledge - INFO - done ingest for /app/data/T0002/210801/b7232xo/odoo-210801/addons/sale_delivery_report/report/shipping.py
2026-02-03 09:55:15,636 - Knowledge - INFO - Async storage completed for 6 embeddings
2026-02-03 09:55:15,740 - Knowledge - INFO - done ingest for /app/data/T0002/210801/b7232xo/odoo-210801/addons/hr_timesheet_invoice/report/cost_ledger.py
2026-02-03 09:55:15,856 - Knowledge - INFO - [LLM_CALL] Completed: report_timesheet.py:chunk1, Duration: 6568ms, PromptTokens: 5102, CompletionTokens: 441, Cost: $0.00069
2026-02-03 09:55:15,859 - Knowledge - INFO - done ingest for /app/data/T0002/210801/b7232xo/odoo-210801/addons/report_timesheet/report_timesheet.py
2026-02-03 09:55:16,026 - Knowledge - INFO - process ingested knowledge for /app/data/T0002/210801/b7232xo/odoo-210801/addons/hr_timesheet_invoice/hr_timesheet_invoice_demo.xml
2026-02-03 09:55:16,325 - Knowledge - INFO - process ingested knowledge for /app/data/T0002/210801/b7232xo/odoo-210801/addons/account/product.py
2026-02-03 09:55:16,341 - Knowledge - INFO - Async storing batch of 6 embeddings
2026-02-03 09:55:16,344 - Knowledge - INFO - [kw17] Queue=277, InProgress=0, PendingWorkers=20/20, Completed=946/1263 (74.9%)
2026-02-03 09:55:16,354 - Knowledge - INFO - process ingested knowledge for /app/data/T0002/210801/b7232xo/odoo-210801/addons/account/project/report/quantity_cost_ledger.py
2026-02-03 09:55:16,370 - Knowledge - INFO - Worker kw1 processing /app/data/T0002/210801/b7232xo/odoo-210801/addons/profile_auction/__init__.py
2026-02-03 09:55:16,381 - Knowledge - INFO - Batch sizing: calculated=6, max_allowed=10, queue=277, active_workers=20/20
2026-02-03 09:55:16,443 - Knowledge - INFO - Fast-tracked /app/data/T0002/210801/b7232xo/odoo-210801/addons/profile_auction/__init__.py (ext=.py, size=1058)
2026-02-03 09:55:16,454 - Knowledge - INFO - Worker kw1 processing /app/data/T0002/210801/b7232xo/odoo-210801/addons/audittrail/security/audittrail_security.xml
2026-02-03 09:55:16,471 - Knowledge - INFO - Fast-tracked /app/data/T0002/210801/b7232xo/odoo-210801/addons/audittrail/security/audittrail_security.xml (ext=.xml, size=245)
2026-02-03 09:55:16,471 - Knowledge - INFO - Worker kw1 processing /app/data/T0002/210801/b7232xo/odoo-210801/addons/audittrail/audittrail_view.xml
2026-02-03 09:55:16,523 - Knowledge - INFO - Fast-tracked /app/data/T0002/210801/b7232xo/odoo-210801/addons/audittrail/audittrail_view.xml (ext=.xml, size=5141)
2026-02-03 09:55:16,533 - Knowledge - INFO - Worker kw1 processing /app/data/T0002/210801/b7232xo/odoo-210801/addons/audittrail/audittrail.py
2026-02-03 09:55:16,556 - Knowledge - INFO - Worker kw1 processing /app/data/T0002/210801/b7232xo/odoo-210801/addons/audittrail/audittrail_demo.xml
2026-02-03 09:55:16,572 - Knowledge - INFO - Fast-tracked /app/data/T0002/210801/b7232xo/odoo-210801/addons/audittrail/audittrail_demo.xml (ext=.xml, size=302)
2026-02-03 09:55:16,580 - Knowledge - INFO - Worker kw1 processing /app/data/T0002/210801/b7232xo/odoo-210801/addons/audittrail/__terp__.py
2026-02-03 09:55:16,597 - Knowledge - INFO - Fast-tracked /app/data/T0002/210801/b7232xo/odoo-210801/addons/audittrail/__terp__.py (ext=.py, size=1718)
2026-02-03 09:55:16,734 - Knowledge - INFO - process ingested knowledge for /app/data/T0002/210801/b7232xo/odoo-210801/addons/account/wizard/wizard_reconcile.py
2026-02-03 09:55:16,786 - Knowledge - INFO - Async storage completed for 6 embeddings
2026-02-03 09:55:16,895 - Knowledge - INFO - [LLM_CALL] Completed: hr_timesheet_final_invoice_create.py:chunk1, Duration: 10392ms, PromptTokens: 4646, CompletionTokens: 437, Cost: $0.00064
2026-02-03 09:55:16,895 - Knowledge - INFO - done ingest for /app/data/T0002/210801/b7232xo/odoo-210801/addons/hr_timesheet_invoice/wizard/hr_timesheet_final_invoice_create.py
2026-02-03 09:55:17,481 - Knowledge - INFO - done ingest for /app/data/T0002/210801/b7232xo/odoo-210801/addons/hr_timesheet_invoice/wizard/account_analytic_profit.py
2026-02-03 09:55:17,490 - Knowledge - INFO - process ingested knowledge for /app/data/T0002/210801/b7232xo/odoo-210801/addons/account/process/statement_process.xml
2026-02-03 09:55:17,543 - Knowledge - INFO - process ingested knowledge for /app/data/T0002/210801/b7232xo/odoo-210801/addons/account/invoice.py
2026-02-03 09:55:17,571 - Knowledge - INFO - Async storing batch of 6 embeddings
2026-02-03 09:55:17,579 - Knowledge - INFO - Worker kw17 processing /app/data/T0002/210801/b7232xo/odoo-210801/addons/audittrail/wizard/wizard_view_log.py
2026-02-03 09:55:17,607 - Knowledge - INFO - Worker kw17 processing /app/data/T0002/210801/b7232xo/odoo-210801/addons/audittrail/wizard/__init__.py
2026-02-03 09:55:17,635 - Knowledge - INFO - Fast-tracked /app/data/T0002/210801/b7232xo/odoo-210801/addons/audittrail/wizard/__init__.py (ext=.py, size=1080)
2026-02-03 09:55:17,636 - Knowledge - INFO - Worker kw17 processing /app/data/T0002/210801/b7232xo/odoo-210801/addons/audittrail/__init__.py
2026-02-03 09:55:17,648 - Knowledge - INFO - Fast-tracked /app/data/T0002/210801/b7232xo/odoo-210801/addons/audittrail/__init__.py (ext=.py, size=1089)
2026-02-03 09:55:17,693 - Knowledge - INFO - Worker kw17 processing /app/data/T0002/210801/b7232xo/odoo-210801/addons/auction/barcode/common.py
2026-02-03 09:55:17,734 - Knowledge - INFO - Worker kw17 processing /app/data/T0002/210801/b7232xo/odoo-210801/addons/auction/barcode/fourstate.py
2026-02-03 09:55:17,773 - Knowledge - INFO - Worker kw17 processing /app/data/T0002/210801/b7232xo/odoo-210801/addons/auction/barcode/usps.py
2026-02-03 09:55:18,016 - Knowledge - INFO - process ingested knowledge for /app/data/T0002/210801/b7232xo/odoo-210801/addons/account/wizard/wizard_refund.py
2026-02-03 09:55:18,039 - Knowledge - INFO - [WEBSOCKET] Sent: Type=progress_update, Size: 292, Duration: 0ms
2026-02-03 09:55:18,107 - Knowledge - INFO - [WEBSOCKET] Sent: Type=unknown, Size: ?, Duration: 68ms
2026-02-03 09:55:18,123 - Knowledge - INFO - Progress: 75.2% | Files: 950/1263 | Rate: 2.13 files/sec | Queue: 271
2026-02-03 09:55:18,389 - Knowledge - INFO - Async storage completed for 6 embeddings
2026-02-03 09:55:18,782 - Knowledge - INFO - process ingested knowledge for /app/data/T0002/210801/b7232xo/odoo-210801/addons/document_ics/document_ics_config_wizard.xml
2026-02-03 09:55:18,806 - Knowledge - INFO - process ingested knowledge for /app/data/T0002/210801/b7232xo/odoo-210801/addons/account/demo/account_minimal.xml
2026-02-03 09:55:18,830 - Knowledge - INFO - process ingested knowledge for /app/data/T0002/210801/b7232xo/odoo-210801/addons/account/account.py
2026-02-03 09:55:18,870 - Knowledge - INFO - process ingested knowledge for /app/data/T0002/210801/b7232xo/odoo-210801/addons/account/wizard/wizard_statement_from_invoice.py
2026-02-03 09:55:19,345 - Knowledge - INFO - [kw18] Queue=271, InProgress=0, PendingWorkers=20/20, Completed=952/1263 (75.4%)
2026-02-03 09:55:19,346 - Knowledge - INFO - Batch sizing: calculated=6, max_allowed=10, queue=271, active_workers=20/20
2026-02-03 09:55:19,537 - Knowledge - INFO - [LLM_CALL] Completed: hr_timesheet_invoice_create.py:chunk1, Duration: 12792ms, PromptTokens: 5868, CompletionTokens: 538, Cost: $0.00080
2026-02-03 09:55:19,543 - Knowledge - INFO - done ingest for /app/data/T0002/210801/b7232xo/odoo-210801/addons/hr_timesheet_invoice/wizard/hr_timesheet_invoice_create.py
2026-02-03 09:55:20,312 - Knowledge - INFO - process ingested knowledge for /app/data/T0002/210801/b7232xo/odoo-210801/addons/document_ics/document_ics_config_wizard.py
2026-02-03 09:55:20,404 - Knowledge - INFO - process ingested knowledge for /app/data/T0002/210801/b7232xo/odoo-210801/addons/account/wizard/__init__.py
2026-02-03 09:55:20,951 - Knowledge - INFO - Async storing batch of 6 embeddings
2026-02-03 09:55:20,962 - Knowledge - INFO - Worker kw18 processing /app/data/T0002/210801/b7232xo/odoo-210801/addons/auction/barcode/code93.py
2026-02-03 09:55:21,006 - Knowledge - INFO - Worker kw18 processing /app/data/T0002/210801/b7232xo/odoo-210801/addons/auction/barcode/code39.py
2026-02-03 09:55:21,075 - Knowledge - INFO - Worker kw18 processing /app/data/T0002/210801/b7232xo/odoo-210801/addons/auction/barcode/code128.py
2026-02-03 09:55:21,135 - Knowledge - INFO - Worker kw18 processing /app/data/T0002/210801/b7232xo/odoo-210801/addons/auction/barcode/test.py
2026-02-03 09:55:21,179 - Knowledge - INFO - Worker kw18 processing /app/data/T0002/210801/b7232xo/odoo-210801/addons/auction/barcode/__init__.py
2026-02-03 09:55:21,257 - Knowledge - INFO - Fast-tracked /app/data/T0002/210801/b7232xo/odoo-210801/addons/auction/barcode/__init__.py (ext=.py, size=1853)
2026-02-03 09:55:21,258 - Knowledge - INFO - Worker kw18 processing /app/data/T0002/210801/b7232xo/odoo-210801/addons/auction/report/lots_deposit.xml
2026-02-03 09:55:21,271 - Knowledge - INFO - Fast-tracked /app/data/T0002/210801/b7232xo/odoo-210801/addons/auction/report/lots_deposit.xml (ext=.xml, size=1337)
2026-02-03 09:55:21,685 - Knowledge - INFO - Fast-tracked /app/data/T0002/210801/b7232xo/odoo-210801/addons/auction/barcode/test.py (small file (2103 bytes))
2026-02-03 09:55:21,727 - Knowledge - INFO - Async storage completed for 6 embeddings
2026-02-03 09:55:22,180 - Knowledge - INFO - process ingested knowledge for /app/data/T0002/210801/b7232xo/odoo-210801/addons/document_ics/__init__.py
2026-02-03 09:55:22,568 - Knowledge - INFO - [kw2] Queue=265, InProgress=0, PendingWorkers=20/20, Completed=958/1263 (75.9%)
2026-02-03 09:55:22,575 - Knowledge - INFO - Batch sizing: calculated=6, max_allowed=10, queue=265, active_workers=20/20
2026-02-03 09:55:23,157 - Knowledge - INFO - [LLM_CALL] Completed: fourstate.py:chunk1, Duration: 5034ms, PromptTokens: 3566, CompletionTokens: 187, Cost: $0.00043
2026-02-03 09:55:23,157 - Knowledge - INFO - done ingest for /app/data/T0002/210801/b7232xo/odoo-210801/addons/auction/barcode/fourstate.py
2026-02-03 09:55:23,465 - Knowledge - INFO - Processing batch of 6 files
2026-02-03 09:55:23,473 - Knowledge - INFO - process ingested knowledge for /app/data/T0002/210801/b7232xo/odoo-210801/addons/account/project/report/cost_ledger.py
2026-02-03 09:55:24,197 - Knowledge - INFO - [LLM_CALL] Completed: idea.py:chunk1, Duration: 8661ms, PromptTokens: 4734, CompletionTokens: 636, Cost: $0.00073
2026-02-03 09:55:24,198 - Knowledge - INFO - done ingest for /app/data/T0002/210801/b7232xo/odoo-210801/addons/idea/idea.py
2026-02-03 09:55:24,352 - Knowledge - INFO - process ingested knowledge for /app/data/T0002/210801/b7232xo/odoo-210801/addons/account/account_wizard.xml
2026-02-03 09:55:25,091 - Knowledge - INFO - Async storing batch of 6 embeddings
2026-02-03 09:55:25,098 - Knowledge - INFO - Worker kw2 processing /app/data/T0002/210801/b7232xo/odoo-210801/addons/auction/report/lots_list_inv.xml
2026-02-03 09:55:25,111 - Knowledge - INFO - Fast-tracked /app/data/T0002/210801/b7232xo/odoo-210801/addons/auction/report/lots_list_inv.xml (ext=.xml, size=316)
2026-02-03 09:55:25,135 - Knowledge - INFO - Worker kw2 processing /app/data/T0002/210801/b7232xo/odoo-210801/addons/auction/report/auction_catelog.py
2026-02-03 09:55:25,157 - Knowledge - INFO - [kw6] Queue=259, InProgress=0, PendingWorkers=20/20, Completed=963/1263 (76.2%)
2026-02-03 09:55:25,157 - Knowledge - INFO - Batch sizing: calculated=6, max_allowed=10, queue=259, active_workers=20/20
2026-02-03 09:55:25,180 - Knowledge - INFO - [kw3] Queue=259, InProgress=0, PendingWorkers=20/20, Completed=964/1263 (76.3%)
2026-02-03 09:55:25,181 - Knowledge - INFO - Fast-tracked /app/data/T0002/210801/b7232xo/odoo-210801/addons/auction/report/auction_catelog.py (ext=.py, size=1495)
2026-02-03 09:55:25,181 - Knowledge - INFO - Processing batch of 6 files
2026-02-03 09:55:25,188 - Knowledge - INFO - Batch sizing: calculated=6, max_allowed=10, queue=259, active_workers=20/20
2026-02-03 09:55:25,198 - Knowledge - INFO - Worker kw2 processing /app/data/T0002/210801/b7232xo/odoo-210801/addons/auction/report/auction_result.py
2026-02-03 09:55:25,199 - Knowledge - INFO - process ingested knowledge for /app/data/T0002/210801/b7232xo/odoo-210801/addons/hr_timesheet_invoice/hr_timesheet_invoice.py
2026-02-03 09:55:25,236 - Knowledge - INFO - Fast-tracked /app/data/T0002/210801/b7232xo/odoo-210801/addons/auction/report/auction_result.py (ext=.py, size=1489)
2026-02-03 09:55:25,338 - Knowledge - INFO - Worker kw2 processing /app/data/T0002/210801/b7232xo/odoo-210801/addons/auction/report/catalog2.py
2026-02-03 09:55:25,373 - Knowledge - INFO - Worker kw2 processing /app/data/T0002/210801/b7232xo/odoo-210801/addons/auction/report/lots_list.py
2026-02-03 09:55:25,408 - Knowledge - INFO - Fast-tracked /app/data/T0002/210801/b7232xo/odoo-210801/addons/auction/report/lots_list.py (ext=.py, size=1634)
2026-02-03 09:55:25,408 - Knowledge - INFO - Worker kw2 processing /app/data/T0002/210801/b7232xo/odoo-210801/addons/auction/report/seller_form_report.py
2026-02-03 09:55:25,797 - Knowledge - INFO - Async storage completed for 6 embeddings
2026-02-03 09:55:26,038 - Knowledge - INFO - [LLM_CALL] Completed: wizard_view_log.py:chunk1, Duration: 8201ms, PromptTokens: 2292, CompletionTokens: 287, Cost: $0.00034
2026-02-03 09:55:26,056 - Knowledge - INFO - done ingest for /app/data/T0002/210801/b7232xo/odoo-210801/addons/audittrail/wizard/wizard_view_log.py
2026-02-03 09:55:26,097 - Knowledge - INFO - [LLM_CALL] Completed: audittrail.py:chunk1, Duration: 9353ms, PromptTokens: 8358, CompletionTokens: 732, Cost: $0.00113
2026-02-03 09:55:26,109 - Knowledge - INFO - done ingest for /app/data/T0002/210801/b7232xo/odoo-210801/addons/audittrail/audittrail.py
2026-02-03 09:55:26,692 - Knowledge - INFO - Async storing batch of 6 embeddings
2026-02-03 09:55:26,716 - Knowledge - INFO - Worker kw6 processing /app/data/T0002/210801/b7232xo/odoo-210801/addons/auction/report/buyer_form_report.py
2026-02-03 09:55:26,751 - Knowledge - INFO - Worker kw6 processing /app/data/T0002/210801/b7232xo/odoo-210801/addons/auction/report/ach_bordereau_photo.xml
2026-02-03 09:55:26,764 - Knowledge - INFO - Fast-tracked /app/data/T0002/210801/b7232xo/odoo-210801/addons/auction/report/ach_bordereau_photo.xml (ext=.xml, size=1335)
2026-02-03 09:55:26,765 - Knowledge - INFO - Worker kw6 processing /app/data/T0002/210801/b7232xo/odoo-210801/addons/auction/report/lots_list.xml
2026-02-03 09:55:26,857 - Knowledge - INFO - Fast-tracked /app/data/T0002/210801/b7232xo/odoo-210801/addons/auction/report/lots_list.xml (ext=.xml, size=1140)
2026-02-03 09:55:26,869 - Knowledge - INFO - Worker kw6 processing /app/data/T0002/210801/b7232xo/odoo-210801/addons/auction/report/artists_lots.py
2026-02-03 09:55:26,929 - Knowledge - INFO - Fast-tracked /app/data/T0002/210801/b7232xo/odoo-210801/addons/auction/report/artists_lots.py (ext=.py, size=1952)
2026-02-03 09:55:26,929 - Knowledge - INFO - Worker kw6 processing /app/data/T0002/210801/b7232xo/odoo-210801/addons/auction/report/bids_phones_details.py
2026-02-03 09:55:26,951 - Knowledge - INFO - Fast-tracked /app/data/T0002/210801/b7232xo/odoo-210801/addons/auction/report/bids_phones_details.py (ext=.py, size=1513)
2026-02-03 09:55:26,951 - Knowledge - INFO - Worker kw6 processing /app/data/T0002/210801/b7232xo/odoo-210801/addons/auction/report/bids_lots.py
2026-02-03 09:55:26,982 - Knowledge - INFO - Fast-tracked /app/data/T0002/210801/b7232xo/odoo-210801/addons/auction/report/bids_lots.py (ext=.py, size=1463)
2026-02-03 09:55:27,037 - Knowledge - INFO - process ingested knowledge for /app/data/T0002/210801/b7232xo/odoo-210801/addons/account/project/report/analytic_journal.py
2026-02-03 09:55:27,057 - Knowledge - INFO - Fast-tracked /app/data/T0002/210801/b7232xo/odoo-210801/addons/auction/report/buyer_form_report.py (small file (2795 bytes))
2026-02-03 09:55:27,097 - Knowledge - INFO - Async storage completed for 6 embeddings
2026-02-03 09:55:27,361 - Knowledge - INFO - process ingested knowledge for /app/data/T0002/210801/b7232xo/odoo-210801/addons/hr_timesheet_invoice/report/cost_ledger.py
2026-02-03 09:55:28,766 - Knowledge - INFO - Async storing batch of 6 embeddings
2026-02-03 09:55:28,775 - Knowledge - INFO - process ingested knowledge for /app/data/T0002/210801/b7232xo/odoo-210801/addons/account/project/report/account_journal.py
2026-02-03 09:55:28,806 - Knowledge - INFO - Worker kw3 processing /app/data/T0002/210801/b7232xo/odoo-210801/addons/auction/report/catalog.xml
2026-02-03 09:55:28,896 - Knowledge - INFO - [LLM_CALL] Completed: usps.py:chunk1, Duration: 10688ms, PromptTokens: 4854, CompletionTokens: 416, Cost: $0.00065
2026-02-03 09:55:28,897 - Knowledge - INFO - done ingest for /app/data/T0002/210801/b7232xo/odoo-210801/addons/auction/barcode/usps.py
2026-02-03 09:55:28,925 - Knowledge - INFO - Fast-tracked /app/data/T0002/210801/b7232xo/odoo-210801/addons/auction/report/catalog.xml (ext=.xml, size=663)
2026-02-03 09:55:28,930 - Knowledge - INFO - Worker kw3 processing /app/data/T0002/210801/b7232xo/odoo-210801/addons/auction/report/content.xml
2026-02-03 09:55:28,956 - Knowledge - INFO - Fast-tracked /app/data/T0002/210801/b7232xo/odoo-210801/addons/auction/report/content.xml (ext=.xml, size=8355)
2026-02-03 09:55:28,957 - Knowledge - INFO - Worker kw3 processing /app/data/T0002/210801/b7232xo/odoo-210801/addons/auction/report/lots_with_vat.xml
2026-02-03 09:55:28,980 - Knowledge - INFO - Fast-tracked /app/data/T0002/210801/b7232xo/odoo-210801/addons/auction/report/lots_with_vat.xml (ext=.xml, size=490)
2026-02-03 09:55:28,986 - Knowledge - INFO - Worker kw3 processing /app/data/T0002/210801/b7232xo/odoo-210801/addons/auction/report/photo_shadow.py
2026-02-03 09:55:28,994 - Knowledge - INFO - Worker kw3 processing /app/data/T0002/210801/b7232xo/odoo-210801/addons/auction/report/lots_list_landscape.xml
2026-02-03 09:55:29,042 - Knowledge - INFO - Fast-tracked /app/data/T0002/210801/b7232xo/odoo-210801/addons/auction/report/lots_list_landscape.xml (ext=.xml, size=1186)
2026-02-03 09:55:29,043 - Knowledge - INFO - Worker kw3 processing /app/data/T0002/210801/b7232xo/odoo-210801/addons/auction/report/auction_invoice.py
2026-02-03 09:55:29,052 - Knowledge - INFO - Fast-tracked /app/data/T0002/210801/b7232xo/odoo-210801/addons/auction/report/auction_invoice.py (ext=.py, size=1950)
2026-02-03 09:55:29,080 - Knowledge - INFO - process ingested knowledge for /app/data/T0002/210801/b7232xo/odoo-210801/addons/hr_timesheet_invoice/report/account_analytic_profit.py
2026-02-03 09:55:29,124 - Knowledge - INFO - Fast-tracked /app/data/T0002/210801/b7232xo/odoo-210801/addons/auction/report/photo_shadow.py (small file (2242 bytes))
2026-02-03 09:55:29,141 - Knowledge - INFO - Async storage completed for 6 embeddings
2026-02-03 09:55:30,293 - Knowledge - INFO - [LLM_CALL] Completed: code39.py:chunk1, Duration: 8810ms, PromptTokens: 7194, CompletionTokens: 338, Cost: $0.00085
2026-02-03 09:55:30,323 - Knowledge - INFO - done ingest for /app/data/T0002/210801/b7232xo/odoo-210801/addons/auction/barcode/code39.py
2026-02-03 09:55:31,127 - Knowledge - INFO - [LLM_CALL] Completed: code93.py:chunk1, Duration: 9766ms, PromptTokens: 6612, CompletionTokens: 330, Cost: $0.00079
2026-02-03 09:55:31,140 - Knowledge - INFO - done ingest for /app/data/T0002/210801/b7232xo/odoo-210801/addons/auction/barcode/code93.py
2026-02-03 09:55:31,661 - Knowledge - INFO - process ingested knowledge for /app/data/T0002/210801/b7232xo/odoo-210801/addons/account/project/report/inverted_analytic_balance.py
2026-02-03 09:55:32,065 - Knowledge - INFO - [LLM_CALL] Completed: code128.py:chunk1, Duration: 10503ms, PromptTokens: 11438, CompletionTokens: 401, Cost: $0.00130
2026-02-03 09:55:32,067 - Knowledge - INFO - process ingested knowledge for /app/data/T0002/210801/b7232xo/odoo-210801/addons/hr_timesheet_invoice/report/__init__.py
2026-02-03 09:55:32,069 - Knowledge - INFO - done ingest for /app/data/T0002/210801/b7232xo/odoo-210801/addons/auction/barcode/code128.py
2026-02-03 09:55:32,697 - Knowledge - INFO - [LLM_CALL] Completed: catalog2.py:chunk1, Duration: 7151ms, PromptTokens: 3906, CompletionTokens: 394, Cost: $0.00055
2026-02-03 09:55:32,698 - Knowledge - INFO - done ingest for /app/data/T0002/210801/b7232xo/odoo-210801/addons/auction/report/catalog2.py
2026-02-03 09:55:32,985 - Knowledge - INFO - [WEBSOCKET] Sent: Type=progress_update, Size: 294, Duration: 0ms
2026-02-03 09:55:33,034 - Knowledge - INFO - [WEBSOCKET] Sent: Type=unknown, Size: ?, Duration: 49ms
2026-02-03 09:55:33,034 - Knowledge - INFO - Progress: 77.5% | Files: 981/1263 | Rate: 2.14 files/sec | Queue: 247
2026-02-03 09:55:33,165 - Knowledge - INFO - Processing batch of 6 files
2026-02-03 09:55:33,167 - Knowledge - INFO - process ingested knowledge for /app/data/T0002/210801/b7232xo/odoo-210801/addons/hr_timesheet_invoice/__init__.py
2026-02-03 09:55:33,352 - Knowledge - INFO - [LLM_CALL] Completed: seller_form_report.py:chunk1, Duration: 7623ms, PromptTokens: 2328, CompletionTokens: 399, Cost: $0.00039
2026-02-03 09:55:33,362 - Knowledge - INFO - done ingest for /app/data/T0002/210801/b7232xo/odoo-210801/addons/auction/report/seller_form_report.py
2026-02-03 09:55:33,389 - Knowledge - INFO - Processing batch of 6 files
2026-02-03 09:55:33,405 - Knowledge - INFO - [LLM_CALL] Completed: common.py:chunk1, Duration: 15425ms, PromptTokens: 13148, CompletionTokens: 663, Cost: $0.00158
2026-02-03 09:55:33,414 - Knowledge - INFO - process ingested knowledge for /app/data/T0002/210801/b7232xo/odoo-210801/addons/sale_delivery_report/report/shipping.py
2026-02-03 09:55:33,415 - Knowledge - INFO - done ingest for /app/data/T0002/210801/b7232xo/odoo-210801/addons/auction/barcode/common.py
2026-02-03 09:55:33,488 - Knowledge - INFO - process ingested knowledge for /app/data/T0002/210801/b7232xo/odoo-210801/addons/hr_timesheet_invoice/hr_timesheet_invoice_wizard.xml
2026-02-03 09:55:33,644 - Knowledge - INFO - [kw16] Queue=247, InProgress=0, PendingWorkers=20/20, Completed=988/1263 (78.2%)
2026-02-03 09:55:33,645 - Knowledge - INFO - Batch sizing: calculated=6, max_allowed=10, queue=247, active_workers=20/20
2026-02-03 09:55:33,646 - Knowledge - INFO - process ingested knowledge for /app/data/T0002/210801/b7232xo/odoo-210801/addons/account/project/report/analytic_balance.py
2026-02-03 09:55:33,647 - Knowledge - INFO - [kw14] Queue=247, InProgress=0, PendingWorkers=20/20, Completed=988/1263 (78.2%)
2026-02-03 09:55:33,648 - Knowledge - INFO - Batch sizing: calculated=6, max_allowed=10, queue=247, active_workers=20/20
2026-02-03 09:55:33,753 - Knowledge - INFO - process ingested knowledge for /app/data/T0002/210801/b7232xo/odoo-210801/addons/hr_timesheet_invoice/hr_timesheet_invoice_report.xml
2026-02-03 09:55:33,756 - Knowledge - INFO - process ingested knowledge for /app/data/T0002/210801/b7232xo/odoo-210801/addons/sale_delivery_report/report/__init__.py
2026-02-03 09:55:33,776 - Knowledge - INFO - Processing batch of 6 files
2026-02-03 09:55:33,777 - Knowledge - INFO - process ingested knowledge for /app/data/T0002/210801/b7232xo/odoo-210801/addons/hr_timesheet_invoice/__terp__.py
2026-02-03 09:55:33,845 - Knowledge - INFO - process ingested knowledge for /app/data/T0002/210801/b7232xo/odoo-210801/addons/hr_timesheet_invoice/hr_timesheet_invoice_view.xml
2026-02-03 09:55:33,847 - Knowledge - INFO - [kw4] Queue=247, InProgress=0, PendingWorkers=20/20, Completed=993/1263 (78.6%)
2026-02-03 09:55:33,849 - Knowledge - INFO - Async storing batch of 6 embeddings
2026-02-03 09:55:33,850 - Knowledge - INFO - Batch sizing: calculated=6, max_allowed=10, queue=247, active_workers=20/20
2026-02-03 09:55:33,851 - Knowledge - INFO - Async storing batch of 6 embeddings
2026-02-03 09:55:33,852 - Knowledge - INFO - Worker kw16 processing /app/data/T0002/210801/b7232xo/odoo-210801/addons/auction/report/lots_list_landscape.py
2026-02-03 09:55:33,853 - Knowledge - INFO - process ingested knowledge for /app/data/T0002/210801/b7232xo/odoo-210801/addons/report_timesheet/report_timesheet_view.xml
2026-02-03 09:55:33,854 - Knowledge - INFO - Worker kw14 processing /app/data/T0002/210801/b7232xo/odoo-210801/addons/auction/report/seller_list.xml
2026-02-03 09:55:33,855 - Knowledge - INFO - process ingested knowledge for /app/data/T0002/210801/b7232xo/odoo-210801/addons/sale_delivery_report/delivery_report.xml
2026-02-03 09:55:33,857 - Knowledge - INFO - Fast-tracked /app/data/T0002/210801/b7232xo/odoo-210801/addons/auction/report/lots_list_landscape.py (ext=.py, size=1515)
2026-02-03 09:55:33,858 - Knowledge - INFO - Worker kw16 processing /app/data/T0002/210801/b7232xo/odoo-210801/addons/auction/report/auction_buyer_result.py
2026-02-03 09:55:33,859 - Knowledge - INFO - Fast-tracked /app/data/T0002/210801/b7232xo/odoo-210801/addons/auction/report/seller_list.xml (ext=.xml, size=949)
2026-02-03 09:55:33,859 - Knowledge - INFO - Worker kw14 processing /app/data/T0002/210801/b7232xo/odoo-210801/addons/auction/report/lots_list_inventory.py
2026-02-03 09:55:33,859 - Knowledge - INFO - Fast-tracked /app/data/T0002/210801/b7232xo/odoo-210801/addons/auction/report/auction_buyer_result.py (ext=.py, size=1519)
2026-02-03 09:55:33,860 - Knowledge - INFO - Worker kw16 processing /app/data/T0002/210801/b7232xo/odoo-210801/addons/auction/report/results.xml
2026-02-03 09:55:33,861 - Knowledge - INFO - Fast-tracked /app/data/T0002/210801/b7232xo/odoo-210801/addons/auction/report/lots_list_inventory.py (ext=.py, size=1684)
2026-02-03 09:55:33,861 - Knowledge - INFO - Worker kw14 processing /app/data/T0002/210801/b7232xo/odoo-210801/addons/auction/report/artists.xml
2026-02-03 09:55:33,862 - Knowledge - INFO - Fast-tracked /app/data/T0002/210801/b7232xo/odoo-210801/addons/auction/report/results.xml (ext=.xml, size=522)
2026-02-03 09:55:33,862 - Knowledge - INFO - Worker kw16 processing /app/data/T0002/210801/b7232xo/odoo-210801/addons/auction/report/buyer_list.xml
2026-02-03 09:55:33,864 - Knowledge - INFO - Fast-tracked /app/data/T0002/210801/b7232xo/odoo-210801/addons/auction/report/artists.xml (ext=.xml, size=311)
2026-02-03 09:55:33,864 - Knowledge - INFO - Worker kw14 processing /app/data/T0002/210801/b7232xo/odoo-210801/addons/auction/report/buyer_list.py
2026-02-03 09:55:33,864 - Knowledge - INFO - Fast-tracked /app/data/T0002/210801/b7232xo/odoo-210801/addons/auction/report/buyer_list.xml (ext=.xml, size=885)
2026-02-03 09:55:33,865 - Knowledge - INFO - Worker kw16 processing /app/data/T0002/210801/b7232xo/odoo-210801/addons/auction/report/catelogwithpictures.py
2026-02-03 09:55:33,866 - Knowledge - INFO - Worker kw14 processing /app/data/T0002/210801/b7232xo/odoo-210801/addons/auction/report/deposit_seller.py
2026-02-03 09:55:33,869 - Knowledge - INFO - Fast-tracked /app/data/T0002/210801/b7232xo/odoo-210801/addons/auction/report/deposit_seller.py (ext=.py, size=1490)
2026-02-03 09:55:33,871 - Knowledge - INFO - Fast-tracked /app/data/T0002/210801/b7232xo/odoo-210801/addons/auction/report/catelogwithpictures.py (ext=.py, size=1514)
2026-02-03 09:55:33,873 - Knowledge - INFO - Worker kw14 processing /app/data/T0002/210801/b7232xo/odoo-210801/addons/auction/report/lots_bids_phone2.xml
2026-02-03 09:55:33,877 - Knowledge - INFO - Worker kw16 processing /app/data/T0002/210801/b7232xo/odoo-210801/addons/auction/report/bids.xml
2026-02-03 09:55:33,879 - Knowledge - INFO - Processing batch of 6 files
2026-02-03 09:55:33,880 - Knowledge - INFO - process ingested knowledge for /app/data/T0002/210801/b7232xo/odoo-210801/addons/idea/idea_workflow.xml
2026-02-03 09:55:33,880 - Knowledge - INFO - Fast-tracked /app/data/T0002/210801/b7232xo/odoo-210801/addons/auction/report/lots_bids_phone2.xml (ext=.xml, size=416)
2026-02-03 09:55:33,881 - Knowledge - INFO - Fast-tracked /app/data/T0002/210801/b7232xo/odoo-210801/addons/auction/report/bids.xml (ext=.xml, size=946)
2026-02-03 09:55:33,882 - Knowledge - INFO - Async storage completed for 6 embeddings
2026-02-03 09:55:33,887 - Knowledge - INFO - Async storage completed for 6 embeddings
2026-02-03 09:55:33,944 - Knowledge - INFO - process ingested knowledge for /app/data/T0002/210801/b7232xo/odoo-210801/addons/hr_timesheet_invoice/wizard/hr_timesheet_final_invoice_create.py
2026-02-03 09:55:33,946 - Knowledge - INFO - process ingested knowledge for /app/data/T0002/210801/b7232xo/odoo-210801/addons/account/project/report/analytic_check.py
2026-02-03 09:55:33,947 - Knowledge - INFO - [kw8] Queue=235, InProgress=0, PendingWorkers=20/20, Completed=998/1263 (79.0%)
2026-02-03 09:55:33,948 - Knowledge - INFO - Batch sizing: calculated=6, max_allowed=10, queue=235, active_workers=20/20
2026-02-03 09:55:33,964 - Knowledge - INFO - Processing batch of 6 files
2026-02-03 09:55:33,964 - Knowledge - INFO - process ingested knowledge for /app/data/T0002/210801/b7232xo/odoo-210801/addons/auction/report/catalog.xml
2026-02-03 09:55:34,037 - Knowledge - INFO - process ingested knowledge for /app/data/T0002/210801/b7232xo/odoo-210801/addons/report_timesheet/report_timesheet.py
2026-02-03 09:55:34,038 - Knowledge - INFO - process ingested knowledge for /app/data/T0002/210801/b7232xo/odoo-210801/addons/sale_delivery_report/__terp__.py
2026-02-03 09:55:34,139 - Knowledge - INFO - process ingested knowledge for /app/data/T0002/210801/b7232xo/odoo-210801/addons/hr_timesheet_invoice/wizard/wizard_account_analytic_cost_ledger_report.py
2026-02-03 09:55:34,140 - Knowledge - INFO - Async storing batch of 6 embeddings
2026-02-03 09:55:34,142 - Knowledge - INFO - Worker kw4 processing /app/data/T0002/210801/b7232xo/odoo-210801/addons/auction/report/seller_address.py
2026-02-03 09:55:34,144 - Knowledge - INFO - Async storing batch of 6 embeddings
2026-02-03 09:55:34,146 - Knowledge - INFO - Worker kw8 processing /app/data/T0002/210801/b7232xo/odoo-210801/addons/auction/report/lots_bids_phone.xml
2026-02-03 09:55:34,146 - Knowledge - INFO - Worker kw4 processing /app/data/T0002/210801/b7232xo/odoo-210801/addons/auction/report/auction_artists.py
2026-02-03 09:55:34,148 - Knowledge - INFO - Fast-tracked /app/data/T0002/210801/b7232xo/odoo-210801/addons/auction/report/lots_bids_phone.xml (ext=.xml, size=656)
2026-02-03 09:55:34,148 - Knowledge - INFO - Worker kw8 processing /app/data/T0002/210801/b7232xo/odoo-210801/addons/auction/report/auction_bids.py
2026-02-03 09:55:34,149 - Knowledge - INFO - Fast-tracked /app/data/T0002/210801/b7232xo/odoo-210801/addons/auction/report/auction_artists.py (ext=.py, size=1494)
2026-02-03 09:55:34,149 - Knowledge - INFO - Worker kw4 processing /app/data/T0002/210801/b7232xo/odoo-210801/addons/auction/report/ach_bordereau.xml
2026-02-03 09:55:34,150 - Knowledge - INFO - Fast-tracked /app/data/T0002/210801/b7232xo/odoo-210801/addons/auction/report/auction_bids.py (ext=.py, size=1477)
2026-02-03 09:55:34,150 - Knowledge - INFO - Worker kw8 processing /app/data/T0002/210801/b7232xo/odoo-210801/addons/auction/report/auction_total_rml.py
2026-02-03 09:55:34,151 - Knowledge - INFO - Fast-tracked /app/data/T0002/210801/b7232xo/odoo-210801/addons/auction/report/ach_bordereau.xml (ext=.xml, size=1900)
2026-02-03 09:55:34,151 - Knowledge - INFO - Worker kw4 processing /app/data/T0002/210801/b7232xo/odoo-210801/addons/auction/report/auction_objects.py
2026-02-03 09:55:34,152 - Knowledge - INFO - Worker kw8 processing /app/data/T0002/210801/b7232xo/odoo-210801/addons/auction/report/__init__.py
2026-02-03 09:55:34,153 - Knowledge - INFO - Fast-tracked /app/data/T0002/210801/b7232xo/odoo-210801/addons/auction/report/auction_objects.py (ext=.py, size=1492)
2026-02-03 09:55:34,153 - Knowledge - INFO - Worker kw4 processing /app/data/T0002/210801/b7232xo/odoo-210801/addons/auction/report/huissier.py
2026-02-03 09:55:34,154 - Knowledge - INFO - Fast-tracked /app/data/T0002/210801/b7232xo/odoo-210801/addons/auction/report/__init__.py (ext=.py, size=1642)
2026-02-03 09:55:34,154 - Knowledge - INFO - Worker kw8 processing /app/data/T0002/210801/b7232xo/odoo-210801/addons/auction/report/results_buyer.xml
2026-02-03 09:55:34,155 - Knowledge - INFO - Worker kw4 processing /app/data/T0002/210801/b7232xo/odoo-210801/addons/auction/report/total.py
2026-02-03 09:55:34,157 - Knowledge - INFO - Fast-tracked /app/data/T0002/210801/b7232xo/odoo-210801/addons/auction/report/results_buyer.xml (ext=.xml, size=641)
2026-02-03 09:55:34,157 - Knowledge - INFO - Worker kw8 processing /app/data/T0002/210801/b7232xo/odoo-210801/addons/auction/report/deposit.xml
2026-02-03 09:55:34,163 - Knowledge - INFO - Fast-tracked /app/data/T0002/210801/b7232xo/odoo-210801/addons/auction/report/deposit.xml (ext=.xml, size=1460)
2026-02-03 09:55:34,163 - Knowledge - INFO - Fast-tracked /app/data/T0002/210801/b7232xo/odoo-210801/addons/auction/report/seller_address.py (small file (2200 bytes))
2026-02-03 09:55:34,177 - Knowledge - INFO - Processing batch of 6 files
2026-02-03 09:55:34,178 - Knowledge - INFO - Fast-tracked /app/data/T0002/210801/b7232xo/odoo-210801/addons/auction/report/huissier.py (small file (2563 bytes))
2026-02-03 09:55:34,179 - Knowledge - INFO - process ingested knowledge for /app/data/T0002/210801/b7232xo/odoo-210801/addons/profile_auction/__init__.py
2026-02-03 09:55:34,184 - Knowledge - INFO - Async storage completed for 6 embeddings
2026-02-03 09:55:34,232 - Knowledge - INFO - Async storage completed for 6 embeddings
2026-02-03 09:55:34,291 - Knowledge - INFO - process ingested knowledge for /app/data/T0002/210801/b7232xo/odoo-210801/addons/idea/idea_view.xml
2026-02-03 09:55:34,292 - Knowledge - INFO - process ingested knowledge for /app/data/T0002/210801/b7232xo/odoo-210801/addons/report_timesheet/__terp__.py
2026-02-03 09:55:34,292 - Knowledge - INFO - [kw10] Queue=223, InProgress=0, PendingWorkers=20/20, Completed=1003/1263 (79.4%)
2026-02-03 09:55:34,295 - Knowledge - INFO - Batch sizing: calculated=6, max_allowed=10, queue=223, active_workers=20/20
2026-02-03 09:55:34,446 - Knowledge - INFO - process ingested knowledge for /app/data/T0002/210801/b7232xo/odoo-210801/addons/hr_timesheet_invoice/wizard/account_analytic_profit.py
2026-02-03 09:55:34,447 - Knowledge - INFO - process ingested knowledge for /app/data/T0002/210801/b7232xo/odoo-210801/addons/auction/report/content.xml
2026-02-03 09:55:34,447 - Knowledge - INFO - process ingested knowledge for /app/data/T0002/210801/b7232xo/odoo-210801/addons/audittrail/security/audittrail_security.xml
2026-02-03 09:55:34,546 - Knowledge - INFO - process ingested knowledge for /app/data/T0002/210801/b7232xo/odoo-210801/addons/sale_delivery_report/__init__.py
2026-02-03 09:55:34,546 - Knowledge - INFO - process ingested knowledge for /app/data/T0002/210801/b7232xo/odoo-210801/addons/idea/idea.py
2026-02-03 09:55:34,548 - Knowledge - INFO - Async storing batch of 6 embeddings
2026-02-03 09:55:34,549 - Knowledge - INFO - Worker kw10 processing /app/data/T0002/210801/b7232xo/odoo-210801/addons/auction/report/vnd_bordereau.xml
2026-02-03 09:55:34,552 - Knowledge - INFO - Fast-tracked /app/data/T0002/210801/b7232xo/odoo-210801/addons/auction/report/vnd_bordereau.xml (ext=.xml, size=1424)
2026-02-03 09:55:34,552 - Knowledge - INFO - Worker kw10 processing /app/data/T0002/210801/b7232xo/odoo-210801/addons/auction/report/report_lot_bar_code.py
2026-02-03 09:55:34,555 - Knowledge - INFO - Fast-tracked /app/data/T0002/210801/b7232xo/odoo-210801/addons/auction/report/report_lot_bar_code.py (ext=.py, size=1529)
2026-02-03 09:55:34,556 - Knowledge - INFO - Worker kw10 processing /app/data/T0002/210801/b7232xo/odoo-210801/addons/auction/auction_view.xml
2026-02-03 09:55:34,557 - Knowledge - INFO - Fast-tracked /app/data/T0002/210801/b7232xo/odoo-210801/addons/auction/auction_view.xml (ext=.xml, size=60215)
2026-02-03 09:55:34,558 - Knowledge - INFO - Worker kw10 processing /app/data/T0002/210801/b7232xo/odoo-210801/addons/auction/auction_wizard.xml
2026-02-03 09:55:34,563 - Knowledge - INFO - Fast-tracked /app/data/T0002/210801/b7232xo/odoo-210801/addons/auction/auction_wizard.xml (ext=.xml, size=2887)
2026-02-03 09:55:34,563 - Knowledge - INFO - Worker kw10 processing /app/data/T0002/210801/b7232xo/odoo-210801/addons/auction/auction_sequence.xml
2026-02-03 09:55:34,567 - Knowledge - INFO - Fast-tracked /app/data/T0002/210801/b7232xo/odoo-210801/addons/auction/auction_sequence.xml (ext=.xml, size=855)
2026-02-03 09:55:34,569 - Knowledge - INFO - Worker kw10 processing /app/data/T0002/210801/b7232xo/odoo-210801/addons/auction/auction.py
2026-02-03 09:55:34,582 - Knowledge - INFO - Async storage completed for 6 embeddings
2026-02-03 09:55:34,725 - Knowledge - INFO - process ingested knowledge for /app/data/T0002/210801/b7232xo/odoo-210801/addons/auction/report/lots_with_vat.xml
2026-02-03 09:55:34,965 - Knowledge - INFO - process ingested knowledge for /app/data/T0002/210801/b7232xo/odoo-210801/addons/report_timesheet/__init__.py
2026-02-03 09:55:35,152 - Knowledge - INFO - process ingested knowledge for /app/data/T0002/210801/b7232xo/odoo-210801/addons/idea/__terp__.py
2026-02-03 09:55:35,471 - Knowledge - INFO - process ingested knowledge for /app/data/T0002/210801/b7232xo/odoo-210801/addons/hr_timesheet_invoice/wizard/__init__.py
2026-02-03 09:55:35,472 - Knowledge - INFO - process ingested knowledge for /app/data/T0002/210801/b7232xo/odoo-210801/addons/audittrail/audittrail_view.xml
2026-02-03 09:55:35,473 - Knowledge - INFO - [WEBSOCKET] Sent: Type=progress_update, Size: 293, Duration: 0ms
2026-02-03 09:55:35,474 - Knowledge - INFO - process ingested knowledge for /app/data/T0002/210801/b7232xo/odoo-210801/addons/idea/security/idea_security.xml
2026-02-03 09:55:35,478 - Knowledge - INFO - [WEBSOCKET] Sent: Type=unknown, Size: ?, Duration: 6ms
2026-02-03 09:55:35,479 - Knowledge - INFO - Progress: 80.3% | Files: 1017/1263 | Rate: 2.20 files/sec | Queue: 217
2026-02-03 09:55:35,568 - Knowledge - INFO - Processing batch of 6 files
2026-02-03 09:55:35,575 - Knowledge - INFO - process ingested knowledge for /app/data/T0002/210801/b7232xo/odoo-210801/addons/audittrail/wizard/wizard_view_log.py
2026-02-03 09:55:35,840 - Knowledge - INFO - process ingested knowledge for /app/data/T0002/210801/b7232xo/odoo-210801/addons/auction/report/photo_shadow.py
2026-02-03 09:55:35,847 - Knowledge - INFO - process ingested knowledge for /app/data/T0002/210801/b7232xo/odoo-210801/addons/audittrail/audittrail.py
2026-02-03 09:55:36,236 - Knowledge - INFO - process ingested knowledge for /app/data/T0002/210801/b7232xo/odoo-210801/addons/idea/__init__.py
2026-02-03 09:55:36,250 - Knowledge - INFO - Processing batch of 6 files
2026-02-03 09:55:36,269 - Knowledge - INFO - Processing batch of 6 files
2026-02-03 09:55:36,269 - Knowledge - INFO - process ingested knowledge for /app/data/T0002/210801/b7232xo/odoo-210801/addons/auction/barcode/code93.py
2026-02-03 09:55:36,287 - Knowledge - INFO - process ingested knowledge for /app/data/T0002/210801/b7232xo/odoo-210801/addons/auction/report/lots_list_landscape.py
2026-02-03 09:55:36,348 - Knowledge - INFO - Processing batch of 6 files
2026-02-03 09:55:36,354 - Knowledge - INFO - process ingested knowledge for /app/data/T0002/210801/b7232xo/odoo-210801/addons/auction/report/buyer_form_report.py
2026-02-03 09:55:36,573 - Knowledge - INFO - process ingested knowledge for /app/data/T0002/210801/b7232xo/odoo-210801/addons/audittrail/wizard/__init__.py
2026-02-03 09:55:36,628 - Knowledge - INFO - process ingested knowledge for /app/data/T0002/210801/b7232xo/odoo-210801/addons/hr_timesheet_invoice/wizard/hr_timesheet_invoice_create.py
2026-02-03 09:55:37,286 - Knowledge - INFO - Processing batch of 6 files
2026-02-03 09:55:37,300 - Knowledge - INFO - process ingested knowledge for /app/data/T0002/210801/b7232xo/odoo-210801/addons/auction/report/lots_list_inv.xml
2026-02-03 09:55:37,471 - Knowledge - INFO - [kw15] Queue=217, InProgress=0, PendingWorkers=20/20, Completed=1022/1263 (80.9%)
2026-02-03 09:55:37,473 - Knowledge - INFO - process ingested knowledge for /app/data/T0002/210801/b7232xo/odoo-210801/addons/profile_auction/__terp__.py
2026-02-03 09:55:37,492 - Knowledge - INFO - Batch sizing: calculated=6, max_allowed=10, queue=217, active_workers=20/20
2026-02-03 09:55:37,501 - Knowledge - INFO - process ingested knowledge for /app/data/T0002/210801/b7232xo/odoo-210801/addons/auction/barcode/code39.py
2026-02-03 09:55:37,526 - Knowledge - INFO - process ingested knowledge for /app/data/T0002/210801/b7232xo/odoo-210801/addons/auction/report/auction_buyer_result.py
2026-02-03 09:55:37,549 - Knowledge - INFO - process ingested knowledge for /app/data/T0002/210801/b7232xo/odoo-210801/addons/auction/report/lots_list_landscape.xml
2026-02-03 09:55:37,556 - Knowledge - INFO - process ingested knowledge for /app/data/T0002/210801/b7232xo/odoo-210801/addons/audittrail/__init__.py
2026-02-03 09:55:37,807 - Knowledge - INFO - [LLM_CALL] Completed: total.py:chunk1, Duration: 3622ms, PromptTokens: 3476, CompletionTokens: 317, Cost: $0.00047
2026-02-03 09:55:37,807 - Knowledge - INFO - done ingest for /app/data/T0002/210801/b7232xo/odoo-210801/addons/auction/report/total.py
2026-02-03 09:55:38,234 - Knowledge - INFO - [kw13] Queue=217, InProgress=0, PendingWorkers=20/20, Completed=1022/1263 (80.9%)
2026-02-03 09:55:38,236 - Knowledge - INFO - Batch sizing: calculated=6, max_allowed=10, queue=217, active_workers=20/20
2026-02-03 09:55:38,244 - Knowledge - INFO - process ingested knowledge for /app/data/T0002/210801/b7232xo/odoo-210801/addons/auction/report/ach_bordereau_photo.xml
2026-02-03 09:55:38,251 - Knowledge - INFO - process ingested knowledge for /app/data/T0002/210801/b7232xo/odoo-210801/addons/audittrail/audittrail_demo.xml
2026-02-03 09:55:38,665 - Knowledge - INFO - Async storing batch of 6 embeddings
2026-02-03 09:55:38,671 - Knowledge - INFO - Worker kw15 processing /app/data/T0002/210801/b7232xo/odoo-210801/addons/auction/auction_demo.xml
2026-02-03 09:55:38,682 - Knowledge - INFO - Fast-tracked /app/data/T0002/210801/b7232xo/odoo-210801/addons/auction/auction_demo.xml (ext=.xml, size=36773)
2026-02-03 09:55:38,690 - Knowledge - INFO - Worker kw15 processing /app/data/T0002/210801/b7232xo/odoo-210801/addons/auction/__terp__.py
2026-02-03 09:55:38,747 - Knowledge - INFO - Fast-tracked /app/data/T0002/210801/b7232xo/odoo-210801/addons/auction/__terp__.py (ext=.py, size=1762)
2026-02-03 09:55:38,753 - Knowledge - INFO - Worker kw15 processing /app/data/T0002/210801/b7232xo/odoo-210801/addons/auction/wizard/wizard_payer.py
2026-02-03 09:55:38,791 - Knowledge - INFO - Worker kw15 processing /app/data/T0002/210801/b7232xo/odoo-210801/addons/auction/wizard/wizard_auction_journal.py
2026-02-03 09:55:38,798 - Knowledge - INFO - Worker kw15 processing /app/data/T0002/210801/b7232xo/odoo-210801/addons/auction/wizard/wizard_lots_numerotate.py
2026-02-03 09:55:38,828 - Knowledge - INFO - Worker kw15 processing /app/data/T0002/210801/b7232xo/odoo-210801/addons/auction/wizard/wizard_lots_buyer_map.py
2026-02-03 09:55:38,923 - Knowledge - INFO - Fast-tracked /app/data/T0002/210801/b7232xo/odoo-210801/addons/auction/wizard/wizard_payer.py (small file (2459 bytes))
2026-02-03 09:55:39,062 - Knowledge - INFO - process ingested knowledge for /app/data/T0002/210801/b7232xo/odoo-210801/addons/auction/barcode/code128.py
2026-02-03 09:55:39,065 - Knowledge - INFO - process ingested knowledge for /app/data/T0002/210801/b7232xo/odoo-210801/addons/auction/report/results.xml
2026-02-03 09:55:39,303 - Knowledge - INFO - Async storage completed for 6 embeddings
2026-02-03 09:55:39,450 - Knowledge - INFO - Async storing batch of 6 embeddings
2026-02-03 09:55:39,451 - Knowledge - INFO - Worker kw13 processing /app/data/T0002/210801/b7232xo/odoo-210801/addons/auction/wizard/wizard_auction_invoice_buyer.py
2026-02-03 09:55:39,475 - Knowledge - INFO - Worker kw13 processing /app/data/T0002/210801/b7232xo/odoo-210801/addons/auction/wizard/auction_wizard_enable_taken.py
2026-02-03 09:55:39,551 - Knowledge - INFO - Worker kw13 processing /app/data/T0002/210801/b7232xo/odoo-210801/addons/auction/wizard/wizard_lots_pay.py
2026-02-03 09:55:39,598 - Knowledge - INFO - Worker kw13 processing /app/data/T0002/210801/b7232xo/odoo-210801/addons/auction/wizard/wizard_transfer_unsold_object.py
2026-02-03 09:55:39,634 - Knowledge - INFO - Worker kw13 processing /app/data/T0002/210801/b7232xo/odoo-210801/addons/auction/wizard/wizard_lots_cancel.py
2026-02-03 09:55:39,665 - Knowledge - INFO - Worker kw13 processing /app/data/T0002/210801/b7232xo/odoo-210801/addons/auction/wizard/wizard_pay.py
2026-02-03 09:55:39,841 - Knowledge - INFO - [LLM_CALL] Completed: buyer_list.py:chunk1, Duration: 5958ms, PromptTokens: 2934, CompletionTokens: 530, Cost: $0.00051
2026-02-03 09:55:39,866 - Knowledge - INFO - done ingest for /app/data/T0002/210801/b7232xo/odoo-210801/addons/auction/report/buyer_list.py
2026-02-03 09:55:39,949 - Knowledge - INFO - Fast-tracked /app/data/T0002/210801/b7232xo/odoo-210801/addons/auction/wizard/auction_wizard_enable_taken.py (small file (2063 bytes))
2026-02-03 09:55:39,962 - Knowledge - INFO - [kw5] Queue=205, InProgress=0, PendingWorkers=20/20, Completed=1023/1263 (81.0%)
2026-02-03 09:55:40,009 - Knowledge - INFO - Batch sizing: calculated=6, max_allowed=10, queue=205, active_workers=20/20
2026-02-03 09:55:40,473 - Knowledge - INFO - process ingested knowledge for /app/data/T0002/210801/b7232xo/odoo-210801/addons/auction/report/auction_catelog.py
2026-02-03 09:55:40,485 - Knowledge - INFO - process ingested knowledge for /app/data/T0002/210801/b7232xo/odoo-210801/addons/audittrail/__terp__.py
2026-02-03 09:55:40,548 - Knowledge - INFO - Async storage completed for 6 embeddings
2026-02-03 09:55:40,969 - Knowledge - INFO - process ingested knowledge for /app/data/T0002/210801/b7232xo/odoo-210801/addons/auction/report/auction_invoice.py
2026-02-03 09:55:40,970 - Knowledge - INFO - process ingested knowledge for /app/data/T0002/210801/b7232xo/odoo-210801/addons/auction/barcode/common.py
2026-02-03 09:55:41,667 - Knowledge - INFO - Async storing batch of 6 embeddings
2026-02-03 09:55:41,668 - Knowledge - INFO - Worker kw5 processing /app/data/T0002/210801/b7232xo/odoo-210801/addons/auction/wizard/wizard_lot_date_move.py
2026-02-03 09:55:41,675 - Knowledge - INFO - process ingested knowledge for /app/data/T0002/210801/b7232xo/odoo-210801/addons/auction/report/lots_list.xml
2026-02-03 09:55:41,697 - Knowledge - INFO - Worker kw5 processing /app/data/T0002/210801/b7232xo/odoo-210801/addons/auction/wizard/wizard_lots_invoice.py
2026-02-03 09:55:41,714 - Knowledge - INFO - Worker kw5 processing /app/data/T0002/210801/b7232xo/odoo-210801/addons/auction/wizard/wizard_aie_send_result.py
2026-02-03 09:55:41,750 - Knowledge - INFO - Worker kw5 processing /app/data/T0002/210801/b7232xo/odoo-210801/addons/auction/wizard/wizard_emporte.py
2026-02-03 09:55:41,785 - Knowledge - INFO - Worker kw5 processing /app/data/T0002/210801/b7232xo/odoo-210801/addons/auction/wizard/auction_catalog_flagey.py
2026-02-03 09:55:41,856 - Knowledge - INFO - Fast-tracked /app/data/T0002/210801/b7232xo/odoo-210801/addons/auction/wizard/auction_catalog_flagey.py (ext=.py, size=1928)
2026-02-03 09:55:41,857 - Knowledge - INFO - Worker kw5 processing /app/data/T0002/210801/b7232xo/odoo-210801/addons/auction/wizard/wizard_lots_sms.py
2026-02-03 09:55:42,081 - Knowledge - INFO - process ingested knowledge for /app/data/T0002/210801/b7232xo/odoo-210801/addons/auction/report/auction_result.py
2026-02-03 09:55:42,143 - Knowledge - INFO - process ingested knowledge for /app/data/T0002/210801/b7232xo/odoo-210801/addons/auction/report/buyer_list.xml
2026-02-03 09:55:42,574 - Knowledge - INFO - Fast-tracked /app/data/T0002/210801/b7232xo/odoo-210801/addons/auction/wizard/wizard_emporte.py (small file (2370 bytes))
2026-02-03 09:55:42,789 - Knowledge - INFO - Async storage completed for 6 embeddings
2026-02-03 09:55:43,465 - Knowledge - INFO - process ingested knowledge for /app/data/T0002/210801/b7232xo/odoo-210801/addons/auction/barcode/test.py
2026-02-03 09:55:43,473 - Knowledge - INFO - process ingested knowledge for /app/data/T0002/210801/b7232xo/odoo-210801/addons/auction/report/artists_lots.py
2026-02-03 09:55:43,533 - Knowledge - INFO - process ingested knowledge for /app/data/T0002/210801/b7232xo/odoo-210801/addons/auction/report/catalog2.py
2026-02-03 09:55:43,640 - Knowledge - INFO - process ingested knowledge for /app/data/T0002/210801/b7232xo/odoo-210801/addons/auction/barcode/fourstate.py
2026-02-03 09:55:44,086 - Knowledge - INFO - process ingested knowledge for /app/data/T0002/210801/b7232xo/odoo-210801/addons/auction/report/catelogwithpictures.py
2026-02-03 09:55:44,932 - Knowledge - INFO - [LLM_CALL] Completed: auction_total_rml.py:chunk1, Duration: 10754ms, PromptTokens: 4340, CompletionTokens: 840, Cost: $0.00077
2026-02-03 09:55:44,935 - Knowledge - INFO - done ingest for /app/data/T0002/210801/b7232xo/odoo-210801/addons/auction/report/auction_total_rml.py
2026-02-03 09:55:45,186 - Knowledge - INFO - process ingested knowledge for /app/data/T0002/210801/b7232xo/odoo-210801/addons/auction/barcode/__init__.py
2026-02-03 09:55:45,247 - Knowledge - INFO - process ingested knowledge for /app/data/T0002/210801/b7232xo/odoo-210801/addons/auction/report/bids_phones_details.py
2026-02-03 09:55:45,968 - Knowledge - INFO - process ingested knowledge for /app/data/T0002/210801/b7232xo/odoo-210801/addons/auction/barcode/usps.py
2026-02-03 09:55:45,971 - Knowledge - INFO - process ingested knowledge for /app/data/T0002/210801/b7232xo/odoo-210801/addons/auction/report/bids.xml
2026-02-03 09:55:46,377 - Knowledge - INFO - process ingested knowledge for /app/data/T0002/210801/b7232xo/odoo-210801/addons/auction/report/lots_deposit.xml
2026-02-03 09:55:47,531 - Knowledge - INFO - [LLM_CALL] Completed: wizard_auction_journal.py:chunk1, Duration: 8586ms, PromptTokens: 2700, CompletionTokens: 303, Cost: $0.00039
2026-02-03 09:55:47,548 - Knowledge - INFO - done ingest for /app/data/T0002/210801/b7232xo/odoo-210801/addons/auction/wizard/wizard_auction_journal.py
2026-02-03 09:55:48,216 - Knowledge - INFO - [kw11] Queue=199, InProgress=0, PendingWorkers=20/20, Completed=1033/1263 (81.8%)
2026-02-03 09:55:48,216 - Knowledge - INFO - Batch sizing: calculated=5, max_allowed=10, queue=199, active_workers=20/20
2026-02-03 09:55:48,735 - Knowledge - INFO - [LLM_CALL] Completed: wizard_lots_invoice.py:chunk1, Duration: 6489ms, PromptTokens: 2968, CompletionTokens: 274, Cost: $0.00041
2026-02-03 09:55:48,735 - Knowledge - INFO - done ingest for /app/data/T0002/210801/b7232xo/odoo-210801/addons/auction/wizard/wizard_lots_invoice.py
2026-02-03 09:55:49,646 - Knowledge - INFO - process ingested knowledge for /app/data/T0002/210801/b7232xo/odoo-210801/addons/auction/report/bids_lots.py
2026-02-03 09:55:49,710 - Knowledge - INFO - [kw20] Queue=199, InProgress=0, PendingWorkers=20/20, Completed=1034/1263 (81.9%)
2026-02-03 09:55:49,776 - Knowledge - INFO - Batch sizing: calculated=5, max_allowed=10, queue=199, active_workers=20/20
2026-02-03 09:55:50,279 - Knowledge - INFO - [LLM_CALL] Completed: wizard_lot_date_move.py:chunk1, Duration: 8355ms, PromptTokens: 2774, CompletionTokens: 334, Cost: $0.00041
2026-02-03 09:55:50,295 - Knowledge - INFO - done ingest for /app/data/T0002/210801/b7232xo/odoo-210801/addons/auction/wizard/wizard_lot_date_move.py
2026-02-03 09:55:50,654 - Knowledge - INFO - [LLM_CALL] Completed: wizard_lots_numerotate.py:chunk1, Duration: 11590ms, PromptTokens: 4212, CompletionTokens: 453, Cost: $0.00060
2026-02-03 09:55:50,665 - Knowledge - INFO - done ingest for /app/data/T0002/210801/b7232xo/odoo-210801/addons/auction/wizard/wizard_lots_numerotate.py
2026-02-03 09:55:50,684 - Knowledge - INFO - Async storing batch of 6 embeddings
2026-02-03 09:55:50,730 - Knowledge - INFO - Worker kw11 processing /app/data/T0002/210801/b7232xo/odoo-210801/addons/auction/wizard/__init__.py
2026-02-03 09:55:50,788 - Knowledge - INFO - Fast-tracked /app/data/T0002/210801/b7232xo/odoo-210801/addons/auction/wizard/__init__.py (ext=.py, size=1586)
2026-02-03 09:55:50,793 - Knowledge - INFO - Worker kw11 processing /app/data/T0002/210801/b7232xo/odoo-210801/addons/auction/wizard/auction_wizard_able_taken.py
2026-02-03 09:55:50,829 - Knowledge - INFO - Worker kw11 processing /app/data/T0002/210801/b7232xo/odoo-210801/addons/auction/wizard/wizard_aie_send.py
2026-02-03 09:55:50,878 - Knowledge - INFO - Worker kw11 processing /app/data/T0002/210801/b7232xo/odoo-210801/addons/auction/auction_report.xml
2026-02-03 09:55:50,885 - Knowledge - INFO - Fast-tracked /app/data/T0002/210801/b7232xo/odoo-210801/addons/auction/auction_report.xml (ext=.xml, size=5354)
2026-02-03 09:55:50,885 - Knowledge - INFO - Worker kw11 processing /app/data/T0002/210801/b7232xo/odoo-210801/addons/auction/auction_data.xml
2026-02-03 09:55:50,924 - Knowledge - INFO - Fast-tracked /app/data/T0002/210801/b7232xo/odoo-210801/addons/auction/auction_data.xml (ext=.xml, size=3680)
2026-02-03 09:55:51,061 - Knowledge - INFO - Fast-tracked /app/data/T0002/210801/b7232xo/odoo-210801/addons/auction/wizard/auction_wizard_able_taken.py (small file (2030 bytes))
2026-02-03 09:55:51,234 - Knowledge - INFO - process ingested knowledge for /app/data/T0002/210801/b7232xo/odoo-210801/addons/auction/report/lots_list.py
2026-02-03 09:55:51,267 - Knowledge - INFO - Processing batch of 6 files
2026-02-03 09:55:51,277 - Knowledge - INFO - process ingested knowledge for /app/data/T0002/210801/b7232xo/odoo-210801/addons/auction/report/seller_list.xml
2026-02-03 09:55:51,292 - Knowledge - INFO - Async storage completed for 6 embeddings
2026-02-03 09:55:51,803 - Knowledge - INFO - Async storing batch of 6 embeddings
2026-02-03 09:55:51,803 - Knowledge - INFO - Worker kw20 processing /app/data/T0002/210801/b7232xo/odoo-210801/addons/auction/__init__.py
2026-02-03 09:55:51,845 - Knowledge - INFO - Fast-tracked /app/data/T0002/210801/b7232xo/odoo-210801/addons/auction/__init__.py (ext=.py, size=1101)
2026-02-03 09:55:51,850 - Knowledge - INFO - Worker kw20 processing /app/data/T0002/210801/b7232xo/odoo-210801/addons/board_manufacturing/board_manufacturing_view.xml
2026-02-03 09:55:51,996 - Knowledge - INFO - Fast-tracked /app/data/T0002/210801/b7232xo/odoo-210801/addons/board_manufacturing/board_manufacturing_view.xml (ext=.xml, size=2294)
2026-02-03 09:55:51,996 - Knowledge - INFO - Worker kw20 processing /app/data/T0002/210801/b7232xo/odoo-210801/addons/board_manufacturing/board_manufacturing_demo.xml
2026-02-03 09:55:52,049 - Knowledge - INFO - Fast-tracked /app/data/T0002/210801/b7232xo/odoo-210801/addons/board_manufacturing/board_manufacturing_demo.xml (ext=.xml, size=605)
2026-02-03 09:55:52,050 - Knowledge - INFO - Worker kw20 processing /app/data/T0002/210801/b7232xo/odoo-210801/addons/board_manufacturing/__terp__.py
2026-02-03 09:55:52,195 - Knowledge - INFO - Fast-tracked /app/data/T0002/210801/b7232xo/odoo-210801/addons/board_manufacturing/__terp__.py (ext=.py, size=1670)
2026-02-03 09:55:52,210 - Knowledge - INFO - Worker kw20 processing /app/data/T0002/210801/b7232xo/odoo-210801/addons/board_manufacturing/__init__.py
2026-02-03 09:55:52,341 - Knowledge - INFO - Fast-tracked /app/data/T0002/210801/b7232xo/odoo-210801/addons/board_manufacturing/__init__.py (ext=.py, size=1058)
2026-02-03 09:55:52,387 - Knowledge - INFO - Async storage completed for 6 embeddings
2026-02-03 09:55:52,694 - Knowledge - INFO - [LLM_CALL] Completed: wizard_lots_buyer_map.py:chunk1, Duration: 13453ms, PromptTokens: 2890, CompletionTokens: 363, Cost: $0.00043
2026-02-03 09:55:52,694 - Knowledge - INFO - done ingest for /app/data/T0002/210801/b7232xo/odoo-210801/addons/auction/wizard/wizard_lots_buyer_map.py
2026-02-03 09:55:53,278 - Knowledge - INFO - Processing batch of 6 files
2026-02-03 09:55:53,286 - Knowledge - INFO - process ingested knowledge for /app/data/T0002/210801/b7232xo/odoo-210801/addons/auction/report/seller_address.py
2026-02-03 09:55:54,843 - Knowledge - INFO - [LLM_CALL] Completed: wizard_lots_pay.py:chunk1, Duration: 14788ms, PromptTokens: 2928, CompletionTokens: 271, Cost: $0.00040
2026-02-03 09:55:54,936 - Knowledge - INFO - done ingest for /app/data/T0002/210801/b7232xo/odoo-210801/addons/auction/wizard/wizard_lots_pay.py
2026-02-03 09:55:55,148 - Knowledge - INFO - [LLM_CALL] Completed: auction.py:chunk1, Duration: 20572ms, PromptTokens: 30334, CompletionTokens: 1546, Cost: $0.00365
2026-02-03 09:55:55,166 - Knowledge - INFO - done ingest for /app/data/T0002/210801/b7232xo/odoo-210801/addons/auction/auction.py
2026-02-03 09:55:55,460 - Knowledge - INFO - process ingested knowledge for /app/data/T0002/210801/b7232xo/odoo-210801/addons/auction/report/seller_form_report.py
2026-02-03 09:55:55,470 - Knowledge - INFO - [kw12] Queue=189, InProgress=0, PendingWorkers=20/20, Completed=1038/1263 (82.2%)
2026-02-03 09:55:55,480 - Knowledge - INFO - Batch sizing: calculated=5, max_allowed=10, queue=189, active_workers=20/20
2026-02-03 09:55:56,391 - Knowledge - INFO - process ingested knowledge for /app/data/T0002/210801/b7232xo/odoo-210801/addons/auction/report/auction_artists.py
2026-02-03 09:55:57,630 - Knowledge - INFO - [LLM_CALL] Completed: wizard_transfer_unsold_object.py:chunk1, Duration: 17392ms, PromptTokens: 2888, CompletionTokens: 451, Cost: $0.00047
2026-02-03 09:55:57,639 - Knowledge - INFO - done ingest for /app/data/T0002/210801/b7232xo/odoo-210801/addons/auction/wizard/wizard_transfer_unsold_object.py
2026-02-03 09:55:58,066 - Knowledge - INFO - [LLM_CALL] Completed: wizard_aie_send.py:chunk1, Duration: 6811ms, PromptTokens: 5768, CompletionTokens: 484, Cost: $0.00077
2026-02-03 09:55:58,072 - Knowledge - INFO - done ingest for /app/data/T0002/210801/b7232xo/odoo-210801/addons/auction/wizard/wizard_aie_send.py
2026-02-03 09:55:58,280 - Knowledge - INFO - [LLM_CALL] Completed: wizard_aie_send_result.py:chunk1, Duration: 15919ms, PromptTokens: 3404, CompletionTokens: 297, Cost: $0.00046
2026-02-03 09:55:58,286 - Knowledge - INFO - done ingest for /app/data/T0002/210801/b7232xo/odoo-210801/addons/auction/wizard/wizard_aie_send_result.py
2026-02-03 09:55:58,338 - Knowledge - INFO - [LLM_CALL] Completed: wizard_pay.py:chunk1, Duration: 17877ms, PromptTokens: 3272, CompletionTokens: 291, Cost: $0.00044
2026-02-03 09:55:58,363 - Knowledge - INFO - done ingest for /app/data/T0002/210801/b7232xo/odoo-210801/addons/auction/wizard/wizard_pay.py
2026-02-03 09:55:58,429 - Knowledge - INFO - process ingested knowledge for /app/data/T0002/210801/b7232xo/odoo-210801/addons/auction/report/lots_list_inventory.py
2026-02-03 09:55:58,468 - Knowledge - INFO - [LLM_CALL] Completed: wizard_lots_sms.py:chunk1, Duration: 15780ms, PromptTokens: 4052, CompletionTokens: 252, Cost: $0.00051
2026-02-03 09:55:58,469 - Knowledge - INFO - done ingest for /app/data/T0002/210801/b7232xo/odoo-210801/addons/auction/wizard/wizard_lots_sms.py
2026-02-03 09:55:58,536 - Knowledge - INFO - [LLM_CALL] Completed: wizard_auction_invoice_buyer.py:chunk1, Duration: 18802ms, PromptTokens: 2918, CompletionTokens: 325, Cost: $0.00042
2026-02-03 09:55:58,541 - Knowledge - INFO - done ingest for /app/data/T0002/210801/b7232xo/odoo-210801/addons/auction/wizard/wizard_auction_invoice_buyer.py
2026-02-03 09:55:58,669 - Knowledge - INFO - [LLM_CALL] Completed: wizard_lots_cancel.py:chunk1, Duration: 18344ms, PromptTokens: 2430, CompletionTokens: 256, Cost: $0.00035
2026-02-03 09:55:58,671 - Knowledge - INFO - done ingest for /app/data/T0002/210801/b7232xo/odoo-210801/addons/auction/wizard/wizard_lots_cancel.py
2026-02-03 09:55:58,902 - Knowledge - INFO - [WEBSOCKET] Sent: Type=progress_update, Size: 293, Duration: 0ms
2026-02-03 09:55:58,903 - Knowledge - INFO - process ingested knowledge for /app/data/T0002/210801/b7232xo/odoo-210801/addons/auction/report/ach_bordereau.xml
2026-02-03 09:55:58,903 - Knowledge - INFO - [WEBSOCKET] Sent: Type=unknown, Size: ?, Duration: 2ms
2026-02-03 09:55:58,907 - Knowledge - INFO - Progress: 82.7% | Files: 1045/1263 | Rate: 2.17 files/sec | Queue: 189
2026-02-03 09:55:59,182 - Knowledge - INFO - Async storing batch of 6 embeddings
2026-02-03 09:55:59,183 - Knowledge - INFO - process ingested knowledge for /app/data/T0002/210801/b7232xo/odoo-210801/addons/auction/report/artists.xml
2026-02-03 09:55:59,184 - Knowledge - INFO - Worker kw12 processing /app/data/T0002/210801/b7232xo/odoo-210801/addons/l10n_lu/l10n_lu_wizard.xml
2026-02-03 09:55:59,187 - Knowledge - INFO - Processing batch of 6 files
2026-02-03 09:55:59,191 - Knowledge - INFO - process ingested knowledge for /app/data/T0002/210801/b7232xo/odoo-210801/addons/auction/report/lots_bids_phone.xml
2026-02-03 09:55:59,193 - Knowledge - INFO - Fast-tracked /app/data/T0002/210801/b7232xo/odoo-210801/addons/l10n_lu/l10n_lu_wizard.xml (ext=.xml, size=1186)
2026-02-03 09:55:59,193 - Knowledge - INFO - Worker kw12 processing /app/data/T0002/210801/b7232xo/odoo-210801/addons/l10n_lu/__terp__.py
2026-02-03 09:55:59,195 - Knowledge - INFO - Fast-tracked /app/data/T0002/210801/b7232xo/odoo-210801/addons/l10n_lu/__terp__.py (ext=.py, size=1804)
2026-02-03 09:55:59,195 - Knowledge - INFO - Worker kw12 processing /app/data/T0002/210801/b7232xo/odoo-210801/addons/l10n_lu/wizard/print_vat.py
2026-02-03 09:55:59,199 - Knowledge - INFO - Worker kw12 processing /app/data/T0002/210801/b7232xo/odoo-210801/addons/l10n_lu/wizard/pdf_ext.py
2026-02-03 09:55:59,201 - Knowledge - INFO - Worker kw12 processing /app/data/T0002/210801/b7232xo/odoo-210801/addons/l10n_lu/wizard/__init__.py
2026-02-03 09:55:59,203 - Knowledge - INFO - Fast-tracked /app/data/T0002/210801/b7232xo/odoo-210801/addons/l10n_lu/wizard/__init__.py (ext=.py, size=1073)
2026-02-03 09:55:59,205 - Knowledge - INFO - Fast-tracked /app/data/T0002/210801/b7232xo/odoo-210801/addons/l10n_lu/wizard/print_vat.py (small file (2856 bytes))
2026-02-03 09:55:59,212 - Knowledge - INFO - Async storage completed for 6 embeddings
2026-02-03 09:55:59,417 - Knowledge - INFO - process ingested knowledge for /app/data/T0002/210801/b7232xo/odoo-210801/addons/auction/report/auction_objects.py
2026-02-03 09:55:59,516 - Knowledge - INFO - [kw9] Queue=184, InProgress=0, PendingWorkers=20/20, Completed=1052/1263 (83.3%)
2026-02-03 09:55:59,517 - Knowledge - INFO - Batch sizing: calculated=5, max_allowed=10, queue=184, active_workers=20/20
2026-02-03 09:55:59,793 - Knowledge - INFO - process ingested knowledge for /app/data/T0002/210801/b7232xo/odoo-210801/addons/auction/report/buyer_list.py
2026-02-03 09:55:59,798 - Knowledge - INFO - process ingested knowledge for /app/data/T0002/210801/b7232xo/odoo-210801/addons/auction/report/auction_bids.py
2026-02-03 09:55:59,898 - Knowledge - INFO - [kw19] Queue=184, InProgress=0, PendingWorkers=20/20, Completed=1056/1263 (83.6%)
2026-02-03 09:55:59,899 - Knowledge - INFO - [kw7] Queue=184, InProgress=0, PendingWorkers=20/20, Completed=1056/1263 (83.6%)
2026-02-03 09:55:59,900 - Knowledge - INFO - Batch sizing: calculated=5, max_allowed=10, queue=184, active_workers=20/20
2026-02-03 09:55:59,900 - Knowledge - INFO - Batch sizing: calculated=5, max_allowed=10, queue=184, active_workers=20/20
2026-02-03 09:56:00,139 - Knowledge - INFO - Async storing batch of 6 embeddings
2026-02-03 09:56:00,139 - Knowledge - INFO - Worker kw9 processing /app/data/T0002/210801/b7232xo/odoo-210801/addons/l10n_lu/l10n_lu_report.xml
2026-02-03 09:56:00,142 - Knowledge - INFO - [kw3] Queue=179, InProgress=0, PendingWorkers=20/20, Completed=1057/1263 (83.7%)
2026-02-03 09:56:00,143 - Knowledge - INFO - Batch sizing: calculated=5, max_allowed=10, queue=179, active_workers=20/20
2026-02-03 09:56:00,145 - Knowledge - INFO - Fast-tracked /app/data/T0002/210801/b7232xo/odoo-210801/addons/l10n_lu/l10n_lu_report.xml (ext=.xml, size=307)
2026-02-03 09:56:00,149 - Knowledge - INFO - Worker kw9 processing /app/data/T0002/210801/b7232xo/odoo-210801/addons/l10n_lu/l10n_lu_data.xml
2026-02-03 09:56:00,152 - Knowledge - INFO - Fast-tracked /app/data/T0002/210801/b7232xo/odoo-210801/addons/l10n_lu/l10n_lu_data.xml (ext=.xml, size=143606)
2026-02-03 09:56:00,152 - Knowledge - INFO - Worker kw9 processing /app/data/T0002/210801/b7232xo/odoo-210801/addons/l10n_lu/__init__.py
2026-02-03 09:56:00,154 - Knowledge - INFO - Fast-tracked /app/data/T0002/210801/b7232xo/odoo-210801/addons/l10n_lu/__init__.py (ext=.py, size=1070)
2026-02-03 09:56:00,155 - Knowledge - INFO - Worker kw9 processing /app/data/T0002/210801/b7232xo/odoo-210801/addons/base_setup/base_setup_wizard.xml
2026-02-03 09:56:00,157 - Knowledge - INFO - Fast-tracked /app/data/T0002/210801/b7232xo/odoo-210801/addons/base_setup/base_setup_wizard.xml (ext=.xml, size=198)
2026-02-03 09:56:00,158 - Knowledge - INFO - Worker kw9 processing /app/data/T0002/210801/b7232xo/odoo-210801/addons/base_setup/__terp__.py
2026-02-03 09:56:00,159 - Knowledge - INFO - Fast-tracked /app/data/T0002/210801/b7232xo/odoo-210801/addons/base_setup/__terp__.py (ext=.py, size=1949)
2026-02-03 09:56:00,160 - Knowledge - INFO - Async storage completed for 6 embeddings
2026-02-03 09:56:00,301 - Knowledge - INFO - process ingested knowledge for /app/data/T0002/210801/b7232xo/odoo-210801/addons/auction/report/auction_total_rml.py
2026-02-03 09:56:00,406 - Knowledge - INFO - process ingested knowledge for /app/data/T0002/210801/b7232xo/odoo-210801/addons/auction/report/huissier.py
2026-02-03 09:56:00,407 - Knowledge - INFO - Async storing batch of 6 embeddings
2026-02-03 09:56:00,412 - Knowledge - INFO - Worker kw19 processing /app/data/T0002/210801/b7232xo/odoo-210801/addons/base_setup/base_setup_demo.xml
2026-02-03 09:56:00,418 - Knowledge - INFO - Fast-tracked /app/data/T0002/210801/b7232xo/odoo-210801/addons/base_setup/base_setup_demo.xml (ext=.xml, size=251)
2026-02-03 09:56:00,418 - Knowledge - INFO - Worker kw19 processing /app/data/T0002/210801/b7232xo/odoo-210801/addons/base_setup/wizard/wizard_base_setup.py
2026-02-03 09:56:00,422 - Knowledge - INFO - Worker kw19 processing /app/data/T0002/210801/b7232xo/odoo-210801/addons/base_setup/wizard/__init__.py
2026-02-03 09:56:00,428 - Knowledge - INFO - Fast-tracked /app/data/T0002/210801/b7232xo/odoo-210801/addons/base_setup/wizard/__init__.py (ext=.py, size=1085)
2026-02-03 09:56:00,429 - Knowledge - INFO - Worker kw19 processing /app/data/T0002/210801/b7232xo/odoo-210801/addons/base_setup/base_setup_data.xml
2026-02-03 09:56:00,431 - Knowledge - INFO - Fast-tracked /app/data/T0002/210801/b7232xo/odoo-210801/addons/base_setup/base_setup_data.xml (ext=.xml, size=575)
2026-02-03 09:56:00,431 - Knowledge - INFO - Worker kw19 processing /app/data/T0002/210801/b7232xo/odoo-210801/addons/base_setup/__init__.py
2026-02-03 09:56:00,437 - Knowledge - INFO - Fast-tracked /app/data/T0002/210801/b7232xo/odoo-210801/addons/base_setup/__init__.py (ext=.py, size=1073)
2026-02-03 09:56:00,444 - Knowledge - INFO - Async storage completed for 6 embeddings
2026-02-03 09:56:00,712 - Knowledge - INFO - process ingested knowledge for /app/data/T0002/210801/b7232xo/odoo-210801/addons/auction/report/deposit_seller.py
2026-02-03 09:56:00,715 - Knowledge - INFO - Async storing batch of 6 embeddings
2026-02-03 09:56:00,715 - Knowledge - INFO - Worker kw3 processing /app/data/T0002/210801/b7232xo/odoo-210801/addons/purchase/test/purchase_test.xml
2026-02-03 09:56:00,724 - Knowledge - INFO - Fast-tracked /app/data/T0002/210801/b7232xo/odoo-210801/addons/purchase/test/purchase_test.xml (ext=.xml, size=8087)
2026-02-03 09:56:00,724 - Knowledge - INFO - Worker kw3 processing /app/data/T0002/210801/b7232xo/odoo-210801/addons/purchase/security/purchase_security.xml
2026-02-03 09:56:00,728 - Knowledge - INFO - Fast-tracked /app/data/T0002/210801/b7232xo/odoo-210801/addons/purchase/security/purchase_security.xml (ext=.xml, size=340)
2026-02-03 09:56:00,731 - Knowledge - INFO - Worker kw3 processing /app/data/T0002/210801/b7232xo/odoo-210801/addons/purchase/purchase_workflow.xml
2026-02-03 09:56:00,735 - Knowledge - INFO - Fast-tracked /app/data/T0002/210801/b7232xo/odoo-210801/addons/purchase/purchase_workflow.xml (ext=.xml, size=9021)
2026-02-03 09:56:00,738 - Knowledge - INFO - Worker kw3 processing /app/data/T0002/210801/b7232xo/odoo-210801/addons/purchase/purchase_view.xml
2026-02-03 09:56:00,740 - Knowledge - INFO - Fast-tracked /app/data/T0002/210801/b7232xo/odoo-210801/addons/purchase/purchase_view.xml (ext=.xml, size=14169)
2026-02-03 09:56:00,743 - Knowledge - INFO - Worker kw3 processing /app/data/T0002/210801/b7232xo/odoo-210801/addons/purchase/report/order.py
2026-02-03 09:56:00,757 - Knowledge - INFO - Async storage completed for 6 embeddings
2026-02-03 09:56:00,839 - Knowledge - INFO - process ingested knowledge for /app/data/T0002/210801/b7232xo/odoo-210801/addons/auction/report/__init__.py
2026-02-03 09:56:00,843 - Knowledge - INFO - Processing batch of 6 files
2026-02-03 09:56:00,843 - Knowledge - INFO - process ingested knowledge for /app/data/T0002/210801/b7232xo/odoo-210801/addons/auction/report/vnd_bordereau.xml
2026-02-03 09:56:00,867 - Knowledge - INFO - Processing batch of 5 files
2026-02-03 09:56:00,867 - Knowledge - INFO - Processing batch of 6 files
2026-02-03 09:56:00,868 - Knowledge - INFO - process ingested knowledge for /app/data/T0002/210801/b7232xo/odoo-210801/addons/auction/__init__.py
2026-02-03 09:56:00,868 - Knowledge - INFO - process ingested knowledge for /app/data/T0002/210801/b7232xo/odoo-210801/addons/auction/auction_demo.xml
2026-02-03 09:56:00,955 - Knowledge - INFO - Async storing batch of 6 embeddings
2026-02-03 09:56:00,956 - Knowledge - INFO - Worker kw7 processing /app/data/T0002/210801/b7232xo/odoo-210801/addons/purchase/report/request_quotation.py
2026-02-03 09:56:00,956 - Knowledge - INFO - process ingested knowledge for /app/data/T0002/210801/b7232xo/odoo-210801/addons/auction/report/total.py
2026-02-03 09:56:00,965 - Knowledge - INFO - Fast-tracked /app/data/T0002/210801/b7232xo/odoo-210801/addons/purchase/report/request_quotation.py (ext=.py, size=1600)
2026-02-03 09:56:00,965 - Knowledge - INFO - Worker kw7 processing /app/data/T0002/210801/b7232xo/odoo-210801/addons/purchase/report/__init__.py
2026-02-03 09:56:00,968 - Knowledge - INFO - Fast-tracked /app/data/T0002/210801/b7232xo/odoo-210801/addons/purchase/report/__init__.py (ext=.py, size=1097)
2026-02-03 09:56:00,968 - Knowledge - INFO - Worker kw7 processing /app/data/T0002/210801/b7232xo/odoo-210801/addons/purchase/purchase_sequence.xml
2026-02-03 09:56:00,970 - Knowledge - INFO - Fast-tracked /app/data/T0002/210801/b7232xo/odoo-210801/addons/purchase/purchase_sequence.xml (ext=.xml, size=615)
2026-02-03 09:56:00,970 - Knowledge - INFO - Worker kw7 processing /app/data/T0002/210801/b7232xo/odoo-210801/addons/purchase/purchase.py
2026-02-03 09:56:00,977 - Knowledge - INFO - Worker kw7 processing /app/data/T0002/210801/b7232xo/odoo-210801/addons/purchase/purchase_wizard.xml
2026-02-03 09:56:00,982 - Knowledge - INFO - Fast-tracked /app/data/T0002/210801/b7232xo/odoo-210801/addons/purchase/purchase_wizard.xml (ext=.xml, size=298)
2026-02-03 09:56:01,077 - Knowledge - INFO - Async storage completed for 6 embeddings
2026-02-03 09:56:01,186 - Knowledge - INFO - process ingested knowledge for /app/data/T0002/210801/b7232xo/odoo-210801/addons/auction/report/results_buyer.xml
2026-02-03 09:56:01,600 - Knowledge - INFO - process ingested knowledge for /app/data/T0002/210801/b7232xo/odoo-210801/addons/board_manufacturing/board_manufacturing_view.xml
2026-02-03 09:56:02,236 - Knowledge - INFO - [kw1] Queue=164, InProgress=0, PendingWorkers=20/20, Completed=1071/1263 (84.8%)
2026-02-03 09:56:02,274 - Knowledge - INFO - Batch sizing: calculated=5, max_allowed=10, queue=164, active_workers=20/20
2026-02-03 09:56:02,686 - Knowledge - INFO - process ingested knowledge for /app/data/T0002/210801/b7232xo/odoo-210801/addons/auction/report/report_lot_bar_code.py
2026-02-03 09:56:02,747 - Knowledge - INFO - process ingested knowledge for /app/data/T0002/210801/b7232xo/odoo-210801/addons/auction/report/deposit.xml
2026-02-03 09:56:02,774 - Knowledge - INFO - Processing batch of 5 files
2026-02-03 09:56:02,781 - Knowledge - INFO - process ingested knowledge for /app/data/T0002/210801/b7232xo/odoo-210801/addons/auction/wizard/__init__.py
2026-02-03 09:56:03,284 - Knowledge - INFO - process ingested knowledge for /app/data/T0002/210801/b7232xo/odoo-210801/addons/board_manufacturing/board_manufacturing_demo.xml
2026-02-03 09:56:03,307 - Knowledge - INFO - [WEBSOCKET] Sent: Type=progress_update, Size: 295, Duration: 0ms
2026-02-03 09:56:03,325 - Knowledge - INFO - process ingested knowledge for /app/data/T0002/210801/b7232xo/odoo-210801/addons/auction/report/lots_bids_phone2.xml
2026-02-03 09:56:03,344 - Knowledge - INFO - [WEBSOCKET] Sent: Type=unknown, Size: ?, Duration: 37ms
2026-02-03 09:56:03,374 - Knowledge - INFO - Progress: 85.0% | Files: 1074/1263 | Rate: 2.19 files/sec | Queue: 159
2026-02-03 09:56:03,387 - Knowledge - INFO - Async storing batch of 6 embeddings
2026-02-03 09:56:03,397 - Knowledge - INFO - Worker kw1 processing /app/data/T0002/210801/b7232xo/odoo-210801/addons/purchase/__terp__.py
2026-02-03 09:56:03,425 - Knowledge - INFO - Fast-tracked /app/data/T0002/210801/b7232xo/odoo-210801/addons/purchase/__terp__.py (ext=.py, size=1987)
2026-02-03 09:56:03,447 - Knowledge - INFO - Worker kw1 processing /app/data/T0002/210801/b7232xo/odoo-210801/addons/purchase/purchase_demo.xml
2026-02-03 09:56:03,491 - Knowledge - INFO - Fast-tracked /app/data/T0002/210801/b7232xo/odoo-210801/addons/purchase/purchase_demo.xml (ext=.xml, size=105)
2026-02-03 09:56:03,497 - Knowledge - INFO - Worker kw1 processing /app/data/T0002/210801/b7232xo/odoo-210801/addons/purchase/wizard/wizard_group.py
2026-02-03 09:56:03,535 - Knowledge - INFO - Worker kw1 processing /app/data/T0002/210801/b7232xo/odoo-210801/addons/purchase/wizard/__init__.py
2026-02-03 09:56:03,542 - Knowledge - INFO - Fast-tracked /app/data/T0002/210801/b7232xo/odoo-210801/addons/purchase/wizard/__init__.py (ext=.py, size=1079)
2026-02-03 09:56:03,543 - Knowledge - INFO - Worker kw1 processing /app/data/T0002/210801/b7232xo/odoo-210801/addons/purchase/purchase_report.xml
2026-02-03 09:56:03,590 - Knowledge - INFO - Fast-tracked /app/data/T0002/210801/b7232xo/odoo-210801/addons/purchase/purchase_report.xml (ext=.xml, size=428)
2026-02-03 09:56:03,803 - Knowledge - INFO - Async storage completed for 6 embeddings
2026-02-03 09:56:03,847 - Knowledge - INFO - process ingested knowledge for /app/data/T0002/210801/b7232xo/odoo-210801/addons/auction/auction_view.xml
2026-02-03 09:56:03,925 - Knowledge - INFO - process ingested knowledge for /app/data/T0002/210801/b7232xo/odoo-210801/addons/auction/__terp__.py
2026-02-03 09:56:04,151 - Knowledge - INFO - Processing batch of 5 files
2026-02-03 09:56:04,166 - Knowledge - INFO - process ingested knowledge for /app/data/T0002/210801/b7232xo/odoo-210801/addons/l10n_lu/l10n_lu_report.xml
2026-02-03 09:56:04,262 - Knowledge - INFO - [LLM_CALL] Completed: pdf_ext.py:chunk1, Duration: 5054ms, PromptTokens: 2474, CompletionTokens: 390, Cost: $0.00040
2026-02-03 09:56:04,262 - Knowledge - INFO - done ingest for /app/data/T0002/210801/b7232xo/odoo-210801/addons/l10n_lu/wizard/pdf_ext.py
2026-02-03 09:56:04,361 - Knowledge - INFO - Processing batch of 6 files
2026-02-03 09:56:04,361 - Knowledge - INFO - process ingested knowledge for /app/data/T0002/210801/b7232xo/odoo-210801/addons/auction/wizard/wizard_lot_date_move.py
2026-02-03 09:56:04,383 - Knowledge - INFO - process ingested knowledge for /app/data/T0002/210801/b7232xo/odoo-210801/addons/board_manufacturing/__terp__.py
2026-02-03 09:56:04,385 - Knowledge - INFO - [kw18] Queue=159, InProgress=0, PendingWorkers=20/20, Completed=1078/1263 (85.4%)
2026-02-03 09:56:04,392 - Knowledge - INFO - [kw6] Queue=159, InProgress=0, PendingWorkers=20/20, Completed=1078/1263 (85.4%)
2026-02-03 09:56:04,398 - Knowledge - INFO - Batch sizing: calculated=5, max_allowed=10, queue=159, active_workers=20/20
2026-02-03 09:56:04,424 - Knowledge - INFO - [kw17] Queue=159, InProgress=0, PendingWorkers=20/20, Completed=1078/1263 (85.4%)
2026-02-03 09:56:04,447 - Knowledge - INFO - Batch sizing: calculated=5, max_allowed=10, queue=159, active_workers=20/20
2026-02-03 09:56:04,448 - Knowledge - INFO - process ingested knowledge for /app/data/T0002/210801/b7232xo/odoo-210801/addons/auction/wizard/wizard_payer.py
2026-02-03 09:56:04,461 - Knowledge - INFO - process ingested knowledge for /app/data/T0002/210801/b7232xo/odoo-210801/addons/l10n_lu/l10n_lu_data.xml
2026-02-03 09:56:04,488 - Knowledge - INFO - process ingested knowledge for /app/data/T0002/210801/b7232xo/odoo-210801/addons/auction/wizard/wizard_lots_invoice.py
2026-02-03 09:56:04,515 - Knowledge - INFO - Batch sizing: calculated=5, max_allowed=10, queue=159, active_workers=20/20
2026-02-03 09:56:04,624 - Knowledge - INFO - process ingested knowledge for /app/data/T0002/210801/b7232xo/odoo-210801/addons/auction/wizard/auction_wizard_able_taken.py
2026-02-03 09:56:04,640 - Knowledge - INFO - [kw16] Queue=159, InProgress=0, PendingWorkers=20/20, Completed=1078/1263 (85.4%)
2026-02-03 09:56:04,662 - Knowledge - INFO - process ingested knowledge for /app/data/T0002/210801/b7232xo/odoo-210801/addons/auction/auction_wizard.xml
2026-02-03 09:56:04,840 - Knowledge - INFO - Batch sizing: calculated=5, max_allowed=10, queue=159, active_workers=20/20
2026-02-03 09:56:05,896 - Knowledge - INFO - [LLM_CALL] Completed: order.py:chunk1, Duration: 5144ms, PromptTokens: 2530, CompletionTokens: 366, Cost: $0.00040
2026-02-03 09:56:05,927 - Knowledge - INFO - done ingest for /app/data/T0002/210801/b7232xo/odoo-210801/addons/purchase/report/order.py
2026-02-03 09:56:06,207 - Knowledge - INFO - Async storing batch of 6 embeddings
2026-02-03 09:56:06,208 - Knowledge - INFO - process ingested knowledge for /app/data/T0002/210801/b7232xo/odoo-210801/addons/l10n_lu/__init__.py
2026-02-03 09:56:06,227 - Knowledge - INFO - process ingested knowledge for /app/data/T0002/210801/b7232xo/odoo-210801/addons/board_manufacturing/__init__.py
2026-02-03 09:56:06,256 - Knowledge - INFO - Worker kw18 processing /app/data/T0002/210801/b7232xo/odoo-210801/addons/purchase/partner_view.xml
2026-02-03 09:56:06,269 - Knowledge - INFO - Async storing batch of 6 embeddings
2026-02-03 09:56:06,304 - Knowledge - INFO - Processing batch of 6 files
2026-02-03 09:56:06,311 - Knowledge - INFO - Async storing batch of 6 embeddings
2026-02-03 09:56:06,370 - Knowledge - INFO - process ingested knowledge for /app/data/T0002/210801/b7232xo/odoo-210801/addons/auction/auction_sequence.xml
2026-02-03 09:56:06,380 - Knowledge - INFO - Async storing batch of 6 embeddings
2026-02-03 09:56:06,387 - Knowledge - INFO - Worker kw6 processing /app/data/T0002/210801/b7232xo/odoo-210801/addons/purchase/__init__.py
2026-02-03 09:56:06,397 - Knowledge - INFO - process ingested knowledge for /app/data/T0002/210801/b7232xo/odoo-210801/addons/auction/wizard/wizard_auction_invoice_buyer.py
2026-02-03 09:56:06,400 - Knowledge - INFO - Fast-tracked /app/data/T0002/210801/b7232xo/odoo-210801/addons/purchase/partner_view.xml (ext=.xml, size=803)
2026-02-03 09:56:06,424 - Knowledge - INFO - Worker kw16 processing /app/data/T0002/210801/b7232xo/odoo-210801/addons/crm_vertical/__init__.py
2026-02-03 09:56:06,461 - Knowledge - INFO - Worker kw17 processing /app/data/T0002/210801/b7232xo/odoo-210801/addons/crm_vertical/crm_meeting_vertical_view.xml
2026-02-03 09:56:06,462 - Knowledge - INFO - Fast-tracked /app/data/T0002/210801/b7232xo/odoo-210801/addons/purchase/__init__.py (ext=.py, size=1144)
2026-02-03 09:56:06,471 - Knowledge - INFO - Worker kw18 processing /app/data/T0002/210801/b7232xo/odoo-210801/addons/purchase/stock_view.xml
2026-02-03 09:56:06,554 - Knowledge - INFO - Fast-tracked /app/data/T0002/210801/b7232xo/odoo-210801/addons/crm_vertical/__init__.py (ext=.py, size=1077)
2026-02-03 09:56:06,576 - Knowledge - INFO - Worker kw6 processing /app/data/T0002/210801/b7232xo/odoo-210801/addons/purchase/process/purchase_process.xml
2026-02-03 09:56:06,584 - Knowledge - INFO - Fast-tracked /app/data/T0002/210801/b7232xo/odoo-210801/addons/crm_vertical/crm_meeting_vertical_view.xml (ext=.xml, size=661)
2026-02-03 09:56:06,600 - Knowledge - INFO - Fast-tracked /app/data/T0002/210801/b7232xo/odoo-210801/addons/purchase/stock_view.xml (ext=.xml, size=2151)
2026-02-03 09:56:06,614 - Knowledge - INFO - Worker kw16 processing /app/data/T0002/210801/b7232xo/odoo-210801/addons/profile_accounting/profile_accounting.py
2026-02-03 09:56:06,646 - Knowledge - INFO - Worker kw17 processing /app/data/T0002/210801/b7232xo/odoo-210801/addons/crm_vertical/crm_vertical.py
2026-02-03 09:56:06,657 - Knowledge - INFO - Fast-tracked /app/data/T0002/210801/b7232xo/odoo-210801/addons/purchase/process/purchase_process.xml (ext=.xml, size=18854)
2026-02-03 09:56:06,669 - Knowledge - INFO - Worker kw18 processing /app/data/T0002/210801/b7232xo/odoo-210801/addons/purchase/purchase_data.xml
2026-02-03 09:56:06,697 - Knowledge - INFO - process ingested knowledge for /app/data/T0002/210801/b7232xo/odoo-210801/addons/auction/wizard/wizard_auction_journal.py
2026-02-03 09:56:06,699 - Knowledge - INFO - Worker kw16 processing /app/data/T0002/210801/b7232xo/odoo-210801/addons/profile_accounting/profile_accounting.xml
2026-02-03 09:56:06,723 - Knowledge - INFO - Worker kw17 processing /app/data/T0002/210801/b7232xo/odoo-210801/addons/crm_vertical/__terp__.py
2026-02-03 09:56:06,759 - Knowledge - INFO - Worker kw6 processing /app/data/T0002/210801/b7232xo/odoo-210801/addons/crm_vertical/crm_opportunity_vertical_view.xml
2026-02-03 09:56:06,792 - Knowledge - INFO - Fast-tracked /app/data/T0002/210801/b7232xo/odoo-210801/addons/purchase/purchase_data.xml (ext=.xml, size=2068)
2026-02-03 09:56:06,801 - Knowledge - INFO - Fast-tracked /app/data/T0002/210801/b7232xo/odoo-210801/addons/crm_vertical/__terp__.py (ext=.py, size=1462)
2026-02-03 09:56:06,823 - Knowledge - INFO - Fast-tracked /app/data/T0002/210801/b7232xo/odoo-210801/addons/profile_accounting/profile_accounting.xml (ext=.xml, size=2427)
2026-02-03 09:56:06,859 - Knowledge - INFO - Worker kw18 processing /app/data/T0002/210801/b7232xo/odoo-210801/addons/purchase/partner.py
2026-02-03 09:56:06,869 - Knowledge - INFO - Worker kw17 processing /app/data/T0002/210801/b7232xo/odoo-210801/addons/crm_vertical/crm_jobs_vertical_view.xml
2026-02-03 09:56:06,881 - Knowledge - INFO - Fast-tracked /app/data/T0002/210801/b7232xo/odoo-210801/addons/crm_vertical/crm_opportunity_vertical_view.xml (ext=.xml, size=646)
2026-02-03 09:56:06,894 - Knowledge - INFO - Worker kw16 processing /app/data/T0002/210801/b7232xo/odoo-210801/addons/profile_accounting/__terp__.py
2026-02-03 09:56:06,930 - Knowledge - INFO - Worker kw6 processing /app/data/T0002/210801/b7232xo/odoo-210801/addons/crm_vertical/crm_fund_vertical_view.xml
2026-02-03 09:56:06,941 - Knowledge - INFO - Fast-tracked /app/data/T0002/210801/b7232xo/odoo-210801/addons/purchase/partner.py (ext=.py, size=1622)
2026-02-03 09:56:06,946 - Knowledge - INFO - Fast-tracked /app/data/T0002/210801/b7232xo/odoo-210801/addons/crm_vertical/crm_jobs_vertical_view.xml (ext=.xml, size=643)
2026-02-03 09:56:06,962 - Knowledge - INFO - Fast-tracked /app/data/T0002/210801/b7232xo/odoo-210801/addons/profile_accounting/__terp__.py (ext=.py, size=1485)
2026-02-03 09:56:06,969 - Knowledge - INFO - Worker kw18 processing /app/data/T0002/210801/b7232xo/odoo-210801/addons/purchase/stock.py
2026-02-03 09:56:06,986 - Knowledge - INFO - Fast-tracked /app/data/T0002/210801/b7232xo/odoo-210801/addons/crm_vertical/crm_fund_vertical_view.xml (ext=.xml, size=246)
2026-02-03 09:56:07,015 - Knowledge - INFO - Worker kw17 processing /app/data/T0002/210801/b7232xo/odoo-210801/addons/crm_vertical/crm_lead_vertical_view.xml
2026-02-03 09:56:07,023 - Knowledge - INFO - Worker kw16 processing /app/data/T0002/210801/b7232xo/odoo-210801/addons/profile_accounting/__init__.py
2026-02-03 09:56:07,090 - Knowledge - INFO - Worker kw6 processing /app/data/T0002/210801/b7232xo/odoo-210801/addons/crm_vertical/crm_bugs_vertical_view.xml
2026-02-03 09:56:07,177 - Knowledge - INFO - Fast-tracked /app/data/T0002/210801/b7232xo/odoo-210801/addons/crm_vertical/crm_lead_vertical_view.xml (ext=.xml, size=652)
2026-02-03 09:56:07,224 - Knowledge - INFO - Fast-tracked /app/data/T0002/210801/b7232xo/odoo-210801/addons/profile_accounting/__init__.py (ext=.py, size=1084)
2026-02-03 09:56:07,233 - Knowledge - INFO - Fast-tracked /app/data/T0002/210801/b7232xo/odoo-210801/addons/crm_vertical/crm_bugs_vertical_view.xml (ext=.xml, size=383)
2026-02-03 09:56:07,295 - Knowledge - INFO - Async storage completed for 6 embeddings
2026-02-03 09:56:07,304 - Knowledge - INFO - process ingested knowledge for /app/data/T0002/210801/b7232xo/odoo-210801/addons/auction/wizard/wizard_aie_send_result.py
2026-02-03 09:56:07,314 - Knowledge - INFO - Fast-tracked /app/data/T0002/210801/b7232xo/odoo-210801/addons/crm_vertical/crm_vertical.py (small file (2034 bytes))
2026-02-03 09:56:07,323 - Knowledge - INFO - process ingested knowledge for /app/data/T0002/210801/b7232xo/odoo-210801/addons/base_setup/base_setup_wizard.xml
2026-02-03 09:56:07,449 - Knowledge - INFO - Async storage completed for 6 embeddings
2026-02-03 09:56:07,509 - Knowledge - INFO - Async storage completed for 6 embeddings
2026-02-03 09:56:07,548 - Knowledge - INFO - Async storage completed for 6 embeddings
2026-02-03 09:56:07,933 - Knowledge - INFO - process ingested knowledge for /app/data/T0002/210801/b7232xo/odoo-210801/addons/auction/auction.py
2026-02-03 09:56:07,935 - Knowledge - INFO - process ingested knowledge for /app/data/T0002/210801/b7232xo/odoo-210801/addons/auction/wizard/wizard_lots_numerotate.py
2026-02-03 09:56:08,077 - Knowledge - INFO - [LLM_CALL] Completed: wizard_group.py:chunk1, Duration: 4374ms, PromptTokens: 3822, CompletionTokens: 288, Cost: $0.00050
2026-02-03 09:56:08,082 - Knowledge - INFO - done ingest for /app/data/T0002/210801/b7232xo/odoo-210801/addons/purchase/wizard/wizard_group.py
2026-02-03 09:56:08,763 - Knowledge - INFO - process ingested knowledge for /app/data/T0002/210801/b7232xo/odoo-210801/addons/auction/wizard/auction_wizard_enable_taken.py
2026-02-03 09:56:09,145 - Knowledge - INFO - process ingested knowledge for /app/data/T0002/210801/b7232xo/odoo-210801/addons/base_setup/__terp__.py
2026-02-03 09:56:09,682 - Knowledge - INFO - process ingested knowledge for /app/data/T0002/210801/b7232xo/odoo-210801/addons/auction/wizard/wizard_aie_send.py
2026-02-03 09:56:09,824 - Knowledge - INFO - process ingested knowledge for /app/data/T0002/210801/b7232xo/odoo-210801/addons/auction/wizard/wizard_lots_buyer_map.py
2026-02-03 09:56:10,301 - Knowledge - INFO - process ingested knowledge for /app/data/T0002/210801/b7232xo/odoo-210801/addons/auction/wizard/wizard_emporte.py
2026-02-03 09:56:10,310 - Knowledge - INFO - process ingested knowledge for /app/data/T0002/210801/b7232xo/odoo-210801/addons/auction/wizard/wizard_lots_pay.py
2026-02-03 09:56:11,049 - Knowledge - INFO - Processing batch of 5 files
2026-02-03 09:56:11,049 - Knowledge - INFO - process ingested knowledge for /app/data/T0002/210801/b7232xo/odoo-210801/addons/purchase/test/purchase_test.xml
2026-02-03 09:56:11,359 - Knowledge - INFO - [LLM_CALL] Completed: wizard_base_setup.py:chunk1, Duration: 10919ms, PromptTokens: 8190, CompletionTokens: 666, Cost: $0.00109
2026-02-03 09:56:11,380 - Knowledge - INFO - done ingest for /app/data/T0002/210801/b7232xo/odoo-210801/addons/base_setup/wizard/wizard_base_setup.py
2026-02-03 09:56:11,639 - Knowledge - INFO - Processing batch of 5 files
2026-02-03 09:56:11,653 - Knowledge - INFO - process ingested knowledge for /app/data/T0002/210801/b7232xo/odoo-210801/addons/l10n_lu/l10n_lu_wizard.xml
2026-02-03 09:56:11,821 - Knowledge - INFO - process ingested knowledge for /app/data/T0002/210801/b7232xo/odoo-210801/addons/auction/wizard/wizard_transfer_unsold_object.py
2026-02-03 09:56:11,982 - Knowledge - INFO - [LLM_CALL] Completed: profile_accounting.py:chunk1, Duration: 4589ms, PromptTokens: 2146, CompletionTokens: 273, Cost: $0.00032
2026-02-03 09:56:12,015 - Knowledge - INFO - done ingest for /app/data/T0002/210801/b7232xo/odoo-210801/addons/profile_accounting/profile_accounting.py
2026-02-03 09:56:13,029 - Knowledge - INFO - process ingested knowledge for /app/data/T0002/210801/b7232xo/odoo-210801/addons/purchase/security/purchase_security.xml
2026-02-03 09:56:13,565 - Knowledge - INFO - process ingested knowledge for /app/data/T0002/210801/b7232xo/odoo-210801/addons/l10n_lu/__terp__.py
2026-02-03 09:56:13,571 - Knowledge - INFO - process ingested knowledge for /app/data/T0002/210801/b7232xo/odoo-210801/addons/auction/wizard/auction_catalog_flagey.py
2026-02-03 09:56:13,594 - Knowledge - INFO - process ingested knowledge for /app/data/T0002/210801/b7232xo/odoo-210801/addons/auction/wizard/wizard_lots_cancel.py
2026-02-03 09:56:13,936 - Knowledge - INFO - process ingested knowledge for /app/data/T0002/210801/b7232xo/odoo-210801/addons/purchase/purchase_workflow.xml
2026-02-03 09:56:14,095 - Knowledge - INFO - [LLM_CALL] Completed: stock.py:chunk1, Duration: 6885ms, PromptTokens: 2566, CompletionTokens: 690, Cost: $0.00053
2026-02-03 09:56:14,095 - Knowledge - INFO - done ingest for /app/data/T0002/210801/b7232xo/odoo-210801/addons/purchase/stock.py
2026-02-03 09:56:14,323 - Knowledge - INFO - [kw2] Queue=139, InProgress=0, PendingWorkers=20/20, Completed=1101/1263 (87.2%)
2026-02-03 09:56:14,325 - Knowledge - INFO - Batch sizing: calculated=5, max_allowed=10, queue=139, active_workers=20/20
2026-02-03 09:56:14,468 - Knowledge - INFO - process ingested knowledge for /app/data/T0002/210801/b7232xo/odoo-210801/addons/l10n_lu/wizard/print_vat.py
2026-02-03 09:56:14,597 - Knowledge - INFO - process ingested knowledge for /app/data/T0002/210801/b7232xo/odoo-210801/addons/auction/auction_report.xml
2026-02-03 09:56:14,599 - Knowledge - INFO - process ingested knowledge for /app/data/T0002/210801/b7232xo/odoo-210801/addons/auction/wizard/wizard_lots_sms.py
2026-02-03 09:56:14,604 - Knowledge - INFO - process ingested knowledge for /app/data/T0002/210801/b7232xo/odoo-210801/addons/auction/wizard/wizard_pay.py
2026-02-03 09:56:14,606 - Knowledge - INFO - Processing batch of 5 files
2026-02-03 09:56:14,608 - Knowledge - INFO - process ingested knowledge for /app/data/T0002/210801/b7232xo/odoo-210801/addons/crm_vertical/crm_meeting_vertical_view.xml
2026-02-03 09:56:14,614 - Knowledge - INFO - process ingested knowledge for /app/data/T0002/210801/b7232xo/odoo-210801/addons/purchase/purchase_view.xml
2026-02-03 09:56:14,763 - Knowledge - INFO - Async storing batch of 6 embeddings
2026-02-03 09:56:14,765 - Knowledge - INFO - Worker kw2 processing /app/data/T0002/210801/b7232xo/odoo-210801/addons/crm_profiling/crm_profiling_view.xml
2026-02-03 09:56:14,769 - Knowledge - INFO - Fast-tracked /app/data/T0002/210801/b7232xo/odoo-210801/addons/crm_profiling/crm_profiling_view.xml (ext=.xml, size=8191)
2026-02-03 09:56:14,769 - Knowledge - INFO - Worker kw2 processing /app/data/T0002/210801/b7232xo/odoo-210801/addons/crm_profiling/crm_profiling.py
2026-02-03 09:56:14,771 - Knowledge - INFO - Worker kw2 processing /app/data/T0002/210801/b7232xo/odoo-210801/addons/crm_profiling/crm_profiling_wizard.xml
2026-02-03 09:56:14,773 - Knowledge - INFO - Fast-tracked /app/data/T0002/210801/b7232xo/odoo-210801/addons/crm_profiling/crm_profiling_wizard.xml (ext=.xml, size=193)
2026-02-03 09:56:14,773 - Knowledge - INFO - Worker kw2 processing /app/data/T0002/210801/b7232xo/odoo-210801/addons/crm_profiling/crm_profiling_demo.xml
2026-02-03 09:56:14,779 - Knowledge - INFO - Fast-tracked /app/data/T0002/210801/b7232xo/odoo-210801/addons/crm_profiling/crm_profiling_demo.xml (ext=.xml, size=12205)
2026-02-03 09:56:14,779 - Knowledge - INFO - Worker kw2 processing /app/data/T0002/210801/b7232xo/odoo-210801/addons/crm_profiling/__terp__.py
2026-02-03 09:56:14,798 - Knowledge - INFO - Fast-tracked /app/data/T0002/210801/b7232xo/odoo-210801/addons/crm_profiling/__terp__.py (small file (2103 bytes))
2026-02-03 09:56:14,826 - Knowledge - INFO - Async storage completed for 6 embeddings
2026-02-03 09:56:14,944 - Knowledge - INFO - Processing batch of 5 files
2026-02-03 09:56:14,944 - Knowledge - INFO - process ingested knowledge for /app/data/T0002/210801/b7232xo/odoo-210801/addons/purchase/__init__.py
2026-02-03 09:56:14,945 - Knowledge - INFO - process ingested knowledge for /app/data/T0002/210801/b7232xo/odoo-210801/addons/l10n_lu/wizard/pdf_ext.py
2026-02-03 09:56:15,075 - Knowledge - INFO - process ingested knowledge for /app/data/T0002/210801/b7232xo/odoo-210801/addons/auction/auction_data.xml
2026-02-03 09:56:15,203 - Knowledge - INFO - process ingested knowledge for /app/data/T0002/210801/b7232xo/odoo-210801/addons/crm_vertical/crm_vertical.py
2026-02-03 09:56:15,308 - Knowledge - INFO - process ingested knowledge for /app/data/T0002/210801/b7232xo/odoo-210801/addons/purchase/process/purchase_process.xml
2026-02-03 09:56:15,557 - Knowledge - INFO - [WEBSOCKET] Sent: Type=progress_update, Size: 296, Duration: 0ms
2026-02-03 09:56:15,564 - Knowledge - INFO - [WEBSOCKET] Sent: Type=unknown, Size: ?, Duration: 7ms
2026-02-03 09:56:15,565 - Knowledge - INFO - Progress: 88.0% | Files: 1111/1263 | Rate: 2.21 files/sec | Queue: 134
2026-02-03 09:56:15,858 - Knowledge - INFO - process ingested knowledge for /app/data/T0002/210801/b7232xo/odoo-210801/addons/purchase/report/order.py
2026-02-03 09:56:15,861 - Knowledge - INFO - process ingested knowledge for /app/data/T0002/210801/b7232xo/odoo-210801/addons/crm_vertical/__terp__.py
2026-02-03 09:56:15,881 - Knowledge - INFO - Processing batch of 5 files
2026-02-03 09:56:15,881 - Knowledge - INFO - process ingested knowledge for /app/data/T0002/210801/b7232xo/odoo-210801/addons/base_setup/base_setup_demo.xml
2026-02-03 09:56:15,988 - Knowledge - INFO - process ingested knowledge for /app/data/T0002/210801/b7232xo/odoo-210801/addons/crm_vertical/crm_opportunity_vertical_view.xml
2026-02-03 09:56:16,477 - Knowledge - INFO - [kw8] Queue=134, InProgress=0, PendingWorkers=20/20, Completed=1115/1263 (88.3%)
2026-02-03 09:56:16,478 - Knowledge - INFO - Batch sizing: calculated=5, max_allowed=10, queue=134, active_workers=20/20
2026-02-03 09:56:16,478 - Knowledge - INFO - [kw14] Queue=134, InProgress=0, PendingWorkers=20/20, Completed=1115/1263 (88.3%)
2026-02-03 09:56:16,529 - Knowledge - INFO - Batch sizing: calculated=5, max_allowed=10, queue=134, active_workers=20/20
2026-02-03 09:56:16,608 - Knowledge - INFO - Processing batch of 5 files
2026-02-03 09:56:16,630 - Knowledge - INFO - process ingested knowledge for /app/data/T0002/210801/b7232xo/odoo-210801/addons/crm_vertical/__init__.py
2026-02-03 09:56:16,876 - Knowledge - INFO - process ingested knowledge for /app/data/T0002/210801/b7232xo/odoo-210801/addons/base_setup/wizard/wizard_base_setup.py
2026-02-03 09:56:16,878 - Knowledge - INFO - [kw4] Queue=134, InProgress=0, PendingWorkers=20/20, Completed=1116/1263 (88.4%)
2026-02-03 09:56:16,883 - Knowledge - INFO - Batch sizing: calculated=5, max_allowed=10, queue=134, active_workers=20/20
2026-02-03 09:56:17,175 - Knowledge - INFO - [LLM_CALL] Completed: purchase.py:chunk1, Duration: 16181ms, PromptTokens: 14640, CompletionTokens: 1432, Cost: $0.00204
2026-02-03 09:56:17,178 - Knowledge - INFO - done ingest for /app/data/T0002/210801/b7232xo/odoo-210801/addons/purchase/purchase.py
2026-02-03 09:56:17,603 - Knowledge - INFO - Async storing batch of 6 embeddings
2026-02-03 09:56:17,605 - Knowledge - INFO - process ingested knowledge for /app/data/T0002/210801/b7232xo/odoo-210801/addons/l10n_lu/wizard/__init__.py
2026-02-03 09:56:17,605 - Knowledge - INFO - process ingested knowledge for /app/data/T0002/210801/b7232xo/odoo-210801/addons/crm_vertical/crm_jobs_vertical_view.xml
2026-02-03 09:56:17,607 - Knowledge - INFO - Worker kw8 processing /app/data/T0002/210801/b7232xo/odoo-210801/addons/crm_profiling/wizard/__init__.py
2026-02-03 09:56:17,618 - Knowledge - INFO - Fast-tracked /app/data/T0002/210801/b7232xo/odoo-210801/addons/crm_profiling/wizard/__init__.py (ext=.py, size=1083)
2026-02-03 09:56:17,619 - Knowledge - INFO - Worker kw8 processing /app/data/T0002/210801/b7232xo/odoo-210801/addons/crm_profiling/wizard/open_questionnaire.py
2026-02-03 09:56:17,621 - Knowledge - INFO - Worker kw8 processing /app/data/T0002/210801/b7232xo/odoo-210801/addons/crm_profiling/__init__.py
2026-02-03 09:56:17,622 - Knowledge - INFO - Fast-tracked /app/data/T0002/210801/b7232xo/odoo-210801/addons/crm_profiling/__init__.py (ext=.py, size=1092)
2026-02-03 09:56:17,623 - Knowledge - INFO - Worker kw8 processing /app/data/T0002/210801/b7232xo/odoo-210801/addons/project/project_view.xml
2026-02-03 09:56:17,625 - Knowledge - INFO - Fast-tracked /app/data/T0002/210801/b7232xo/odoo-210801/addons/project/project_view.xml (ext=.xml, size=32786)
2026-02-03 09:56:17,626 - Knowledge - INFO - Worker kw8 processing /app/data/T0002/210801/b7232xo/odoo-210801/addons/project/security/project_security.xml
2026-02-03 09:56:17,629 - Knowledge - INFO - Fast-tracked /app/data/T0002/210801/b7232xo/odoo-210801/addons/project/security/project_security.xml (ext=.xml, size=781)
2026-02-03 09:56:17,632 - Knowledge - INFO - Fast-tracked /app/data/T0002/210801/b7232xo/odoo-210801/addons/crm_profiling/wizard/open_questionnaire.py (small file (2704 bytes))
2026-02-03 09:56:17,633 - Knowledge - INFO - Async storage completed for 6 embeddings
2026-02-03 09:56:17,816 - Knowledge - INFO - process ingested knowledge for /app/data/T0002/210801/b7232xo/odoo-210801/addons/profile_accounting/profile_accounting.py
2026-02-03 09:56:17,821 - Knowledge - INFO - process ingested knowledge for /app/data/T0002/210801/b7232xo/odoo-210801/addons/crm_vertical/crm_fund_vertical_view.xml
2026-02-03 09:56:17,823 - Knowledge - INFO - [kw20] Queue=129, InProgress=0, PendingWorkers=20/20, Completed=1117/1263 (88.4%)
2026-02-03 09:56:17,824 - Knowledge - INFO - Batch sizing: calculated=5, max_allowed=10, queue=129, active_workers=20/20
2026-02-03 09:56:18,212 - Knowledge - INFO - Processing batch of 5 files
2026-02-03 09:56:18,213 - Knowledge - INFO - Async storing batch of 6 embeddings
2026-02-03 09:56:18,213 - Knowledge - INFO - process ingested knowledge for /app/data/T0002/210801/b7232xo/odoo-210801/addons/purchase/__terp__.py
2026-02-03 09:56:18,215 - Knowledge - INFO - Worker kw14 processing /app/data/T0002/210801/b7232xo/odoo-210801/addons/project/report/_date_compute.py
2026-02-03 09:56:18,219 - Knowledge - INFO - Worker kw14 processing /app/data/T0002/210801/b7232xo/odoo-210801/addons/project/report/gantt_report.py
2026-02-03 09:56:18,225 - Knowledge - INFO - Worker kw14 processing /app/data/T0002/210801/b7232xo/odoo-210801/addons/project/report/project_report.xml
2026-02-03 09:56:18,227 - Knowledge - INFO - Fast-tracked /app/data/T0002/210801/b7232xo/odoo-210801/addons/project/report/project_report.xml (ext=.xml, size=1530)
2026-02-03 09:56:18,228 - Knowledge - INFO - Worker kw14 processing /app/data/T0002/210801/b7232xo/odoo-210801/addons/project/report/gantt.py
2026-02-03 09:56:18,229 - Knowledge - INFO - Worker kw14 processing /app/data/T0002/210801/b7232xo/odoo-210801/addons/project/report/__init__.py
2026-02-03 09:56:18,232 - Knowledge - INFO - Fast-tracked /app/data/T0002/210801/b7232xo/odoo-210801/addons/project/report/__init__.py (ext=.py, size=1078)
2026-02-03 09:56:18,248 - Knowledge - INFO - Fast-tracked /app/data/T0002/210801/b7232xo/odoo-210801/addons/project/report/gantt_report.py (small file (3045 bytes))
2026-02-03 09:56:18,268 - Knowledge - INFO - Async storage completed for 6 embeddings
2026-02-03 09:56:18,581 - Knowledge - INFO - process ingested knowledge for /app/data/T0002/210801/b7232xo/odoo-210801/addons/base_setup/wizard/__init__.py
2026-02-03 09:56:18,582 - Knowledge - INFO - Async storing batch of 6 embeddings
2026-02-03 09:56:18,583 - Knowledge - INFO - Worker kw4 processing /app/data/T0002/210801/b7232xo/odoo-210801/addons/project/project_demo.xml
2026-02-03 09:56:18,585 - Knowledge - INFO - process ingested knowledge for /app/data/T0002/210801/b7232xo/odoo-210801/addons/profile_accounting/profile_accounting.xml
2026-02-03 09:56:18,586 - Knowledge - INFO - process ingested knowledge for /app/data/T0002/210801/b7232xo/odoo-210801/addons/crm_vertical/crm_bugs_vertical_view.xml
2026-02-03 09:56:18,587 - Knowledge - INFO - Fast-tracked /app/data/T0002/210801/b7232xo/odoo-210801/addons/project/project_demo.xml (ext=.xml, size=13200)
2026-02-03 09:56:18,587 - Knowledge - INFO - Worker kw4 processing /app/data/T0002/210801/b7232xo/odoo-210801/addons/project/project_wizard.xml
2026-02-03 09:56:18,589 - Knowledge - INFO - Fast-tracked /app/data/T0002/210801/b7232xo/odoo-210801/addons/project/project_wizard.xml (ext=.xml, size=457)
2026-02-03 09:56:18,590 - Knowledge - INFO - Worker kw4 processing /app/data/T0002/210801/b7232xo/odoo-210801/addons/project/company.py
2026-02-03 09:56:18,591 - Knowledge - INFO - Fast-tracked /app/data/T0002/210801/b7232xo/odoo-210801/addons/project/company.py (ext=.py, size=1690)
2026-02-03 09:56:18,592 - Knowledge - INFO - Worker kw4 processing /app/data/T0002/210801/b7232xo/odoo-210801/addons/project/project.py
2026-02-03 09:56:18,593 - Knowledge - INFO - Worker kw4 processing /app/data/T0002/210801/b7232xo/odoo-210801/addons/project/__terp__.py
2026-02-03 09:56:18,595 - Knowledge - INFO - Fast-tracked /app/data/T0002/210801/b7232xo/odoo-210801/addons/project/__terp__.py (ext=.py, size=1912)
2026-02-03 09:56:18,601 - Knowledge - INFO - Async storage completed for 6 embeddings
2026-02-03 09:56:18,795 - Knowledge - INFO - process ingested knowledge for /app/data/T0002/210801/b7232xo/odoo-210801/addons/crm_vertical/crm_lead_vertical_view.xml
2026-02-03 09:56:18,795 - Knowledge - INFO - process ingested knowledge for /app/data/T0002/210801/b7232xo/odoo-210801/addons/purchase/purchase_demo.xml
2026-02-03 09:56:18,843 - Knowledge - INFO - Processing batch of 5 files
2026-02-03 09:56:18,843 - Knowledge - INFO - process ingested knowledge for /app/data/T0002/210801/b7232xo/odoo-210801/addons/purchase/partner_view.xml
2026-02-03 09:56:18,988 - Knowledge - INFO - process ingested knowledge for /app/data/T0002/210801/b7232xo/odoo-210801/addons/base_setup/base_setup_data.xml
2026-02-03 09:56:19,037 - Knowledge - INFO - process ingested knowledge for /app/data/T0002/210801/b7232xo/odoo-210801/addons/profile_accounting/__terp__.py
2026-02-03 09:56:19,070 - Knowledge - INFO - [kw15] Queue=119, InProgress=0, PendingWorkers=20/20, Completed=1122/1263 (88.8%)
2026-02-03 09:56:19,078 - Knowledge - INFO - Batch sizing: calculated=5, max_allowed=10, queue=119, active_workers=20/20
2026-02-03 09:56:19,087 - Knowledge - INFO - process ingested knowledge for /app/data/T0002/210801/b7232xo/odoo-210801/addons/purchase/wizard/wizard_group.py
2026-02-03 09:56:19,128 - Knowledge - INFO - [kw9] Queue=119, InProgress=0, PendingWorkers=20/20, Completed=1123/1263 (88.9%)
2026-02-03 09:56:19,132 - Knowledge - INFO - process ingested knowledge for /app/data/T0002/210801/b7232xo/odoo-210801/addons/base_setup/__init__.py
2026-02-03 09:56:19,140 - Knowledge - INFO - Batch sizing: calculated=5, max_allowed=10, queue=119, active_workers=20/20
2026-02-03 09:56:20,523 - Knowledge - INFO - process ingested knowledge for /app/data/T0002/210801/b7232xo/odoo-210801/addons/purchase/stock_view.xml
2026-02-03 09:56:20,533 - Knowledge - INFO - Async storing batch of 6 embeddings
2026-02-03 09:56:20,563 - Knowledge - INFO - Worker kw15 processing /app/data/T0002/210801/b7232xo/odoo-210801/addons/project/project_report.xml
2026-02-03 09:56:20,594 - Knowledge - INFO - Fast-tracked /app/data/T0002/210801/b7232xo/odoo-210801/addons/project/project_report.xml (ext=.xml, size=380)
2026-02-03 09:56:20,595 - Knowledge - INFO - Worker kw15 processing /app/data/T0002/210801/b7232xo/odoo-210801/addons/project/wizard/task_delegate.py
2026-02-03 09:56:20,637 - Knowledge - INFO - Worker kw15 processing /app/data/T0002/210801/b7232xo/odoo-210801/addons/project/wizard/task_attachment.py
2026-02-03 09:56:20,663 - Knowledge - INFO - Fast-tracked /app/data/T0002/210801/b7232xo/odoo-210801/addons/project/wizard/task_attachment.py (ext=.py, size=1970)
2026-02-03 09:56:20,669 - Knowledge - INFO - Worker kw15 processing /app/data/T0002/210801/b7232xo/odoo-210801/addons/project/wizard/__init__.py
2026-02-03 09:56:20,732 - Knowledge - INFO - Fast-tracked /app/data/T0002/210801/b7232xo/odoo-210801/addons/project/wizard/__init__.py (ext=.py, size=1121)
2026-02-03 09:56:20,733 - Knowledge - INFO - Worker kw15 processing /app/data/T0002/210801/b7232xo/odoo-210801/addons/project/wizard/close_task.py
2026-02-03 09:56:20,750 - Knowledge - INFO - [LLM_CALL] Completed: crm_profiling.py:chunk1, Duration: 5967ms, PromptTokens: 5116, CompletionTokens: 547, Cost: $0.00073
2026-02-03 09:56:20,752 - Knowledge - INFO - done ingest for /app/data/T0002/210801/b7232xo/odoo-210801/addons/crm_profiling/crm_profiling.py
2026-02-03 09:56:21,124 - Knowledge - INFO - Async storage completed for 6 embeddings
2026-02-03 09:56:21,670 - Knowledge - INFO - [kw10] Queue=114, InProgress=0, PendingWorkers=20/20, Completed=1123/1263 (88.9%)
2026-02-03 09:56:21,671 - Knowledge - INFO - Batch sizing: calculated=5, max_allowed=10, queue=114, active_workers=20/20
2026-02-03 09:56:21,679 - Knowledge - INFO - Async storing batch of 5 embeddings
2026-02-03 09:56:21,686 - Knowledge - INFO - process ingested knowledge for /app/data/T0002/210801/b7232xo/odoo-210801/addons/purchase/wizard/__init__.py
2026-02-03 09:56:21,701 - Knowledge - INFO - Worker kw20 processing /app/data/T0002/210801/b7232xo/odoo-210801/addons/project/__init__.py
2026-02-03 09:56:21,715 - Knowledge - INFO - Fast-tracked /app/data/T0002/210801/b7232xo/odoo-210801/addons/project/__init__.py (ext=.py, size=1117)
2026-02-03 09:56:21,730 - Knowledge - INFO - Worker kw20 processing /app/data/T0002/210801/b7232xo/odoo-210801/addons/project/process/task_process.xml
2026-02-03 09:56:21,749 - Knowledge - INFO - process ingested knowledge for /app/data/T0002/210801/b7232xo/odoo-210801/addons/profile_accounting/__init__.py
2026-02-03 09:56:21,768 - Knowledge - INFO - Fast-tracked /app/data/T0002/210801/b7232xo/odoo-210801/addons/project/process/task_process.xml (ext=.xml, size=9200)
2026-02-03 09:56:21,804 - Knowledge - INFO - Worker kw20 processing /app/data/T0002/210801/b7232xo/odoo-210801/addons/project/project_data.xml
2026-02-03 09:56:21,853 - Knowledge - INFO - Fast-tracked /app/data/T0002/210801/b7232xo/odoo-210801/addons/project/project_data.xml (ext=.xml, size=490)
2026-02-03 09:56:21,853 - Knowledge - INFO - Worker kw20 processing /app/data/T0002/210801/b7232xo/odoo-210801/addons/account_budget/crossovered_budget.py
2026-02-03 09:56:21,877 - Knowledge - INFO - Worker kw20 processing /app/data/T0002/210801/b7232xo/odoo-210801/addons/account_budget/crossovered_budget_demo.xml
2026-02-03 09:56:21,940 - Knowledge - INFO - Fast-tracked /app/data/T0002/210801/b7232xo/odoo-210801/addons/account_budget/crossovered_budget_demo.xml (ext=.xml, size=18877)
2026-02-03 09:56:22,093 - Knowledge - INFO - Async storage completed for 5 embeddings
2026-02-03 09:56:23,456 - Knowledge - INFO - Async storing batch of 6 embeddings
2026-02-03 09:56:23,473 - Knowledge - INFO - Worker kw10 processing /app/data/T0002/210801/b7232xo/odoo-210801/addons/account_budget/report/budget_report.py
2026-02-03 09:56:23,553 - Knowledge - INFO - process ingested knowledge for /app/data/T0002/210801/b7232xo/odoo-210801/addons/purchase/purchase_report.xml
2026-02-03 09:56:23,554 - Knowledge - INFO - Worker kw10 processing /app/data/T0002/210801/b7232xo/odoo-210801/addons/account_budget/report/analytic_account_budget_report.py
2026-02-03 09:56:23,567 - Knowledge - INFO - Worker kw10 processing /app/data/T0002/210801/b7232xo/odoo-210801/addons/account_budget/report/crossovered_budget_report.py
2026-02-03 09:56:23,632 - Knowledge - INFO - Worker kw10 processing /app/data/T0002/210801/b7232xo/odoo-210801/addons/account_budget/report/__init__.py
2026-02-03 09:56:23,660 - Knowledge - INFO - Fast-tracked /app/data/T0002/210801/b7232xo/odoo-210801/addons/account_budget/report/__init__.py (ext=.py, size=1149)
2026-02-03 09:56:23,667 - Knowledge - INFO - Worker kw10 processing /app/data/T0002/210801/b7232xo/odoo-210801/addons/account_budget/crossovered_budget_workflow.xml
2026-02-03 09:56:23,690 - Knowledge - INFO - Fast-tracked /app/data/T0002/210801/b7232xo/odoo-210801/addons/account_budget/crossovered_budget_workflow.xml (ext=.xml, size=3360)
2026-02-03 09:56:24,381 - Knowledge - INFO - Async storage completed for 6 embeddings
2026-02-03 09:56:25,393 - Knowledge - INFO - [LLM_CALL] Completed: _date_compute.py:chunk1, Duration: 7158ms, PromptTokens: 2448, CompletionTokens: 327, Cost: $0.00038
2026-02-03 09:56:25,393 - Knowledge - INFO - done ingest for /app/data/T0002/210801/b7232xo/odoo-210801/addons/project/report/_date_compute.py
2026-02-03 09:56:25,714 - Knowledge - INFO - process ingested knowledge for /app/data/T0002/210801/b7232xo/odoo-210801/addons/purchase/purchase_data.xml
2026-02-03 09:56:25,728 - Knowledge - INFO - Processing batch of 5 files
2026-02-03 09:56:25,752 - Knowledge - INFO - process ingested knowledge for /app/data/T0002/210801/b7232xo/odoo-210801/addons/purchase/report/request_quotation.py
2026-02-03 09:56:27,151 - Knowledge - INFO - Async storing batch of 5 embeddings
2026-02-03 09:56:27,203 - Knowledge - INFO - Processing batch of 5 files
2026-02-03 09:56:27,223 - Knowledge - INFO - Worker kw9 processing /app/data/T0002/210801/b7232xo/odoo-210801/addons/account_budget/crossovered_budget_view.xml
2026-02-03 09:56:27,223 - Knowledge - INFO - process ingested knowledge for /app/data/T0002/210801/b7232xo/odoo-210801/addons/crm_profiling/wizard/__init__.py
2026-02-03 09:56:27,256 - Knowledge - INFO - Fast-tracked /app/data/T0002/210801/b7232xo/odoo-210801/addons/account_budget/crossovered_budget_view.xml (ext=.xml, size=11512)
2026-02-03 09:56:27,313 - Knowledge - INFO - Worker kw9 processing /app/data/T0002/210801/b7232xo/odoo-210801/addons/account_budget/account_budget_wizard.xml
2026-02-03 09:56:27,329 - Knowledge - INFO - Fast-tracked /app/data/T0002/210801/b7232xo/odoo-210801/addons/account_budget/account_budget_wizard.xml (ext=.xml, size=333)
2026-02-03 09:56:27,336 - Knowledge - INFO - Worker kw9 processing /app/data/T0002/210801/b7232xo/odoo-210801/addons/account_budget/__terp__.py
2026-02-03 09:56:27,370 - Knowledge - INFO - Worker kw9 processing /app/data/T0002/210801/b7232xo/odoo-210801/addons/account_budget/wizard/wizard_budget_spread.py
2026-02-03 09:56:27,399 - Knowledge - INFO - Worker kw9 processing /app/data/T0002/210801/b7232xo/odoo-210801/addons/account_budget/wizard/wizard_crossovered_budget_summary_report.py
2026-02-03 09:56:27,494 - Knowledge - INFO - Fast-tracked /app/data/T0002/210801/b7232xo/odoo-210801/addons/account_budget/__terp__.py (small file (2648 bytes))
2026-02-03 09:56:27,551 - Knowledge - INFO - Fast-tracked /app/data/T0002/210801/b7232xo/odoo-210801/addons/account_budget/wizard/wizard_budget_spread.py (small file (2120 bytes))
2026-02-03 09:56:27,633 - Knowledge - INFO - Fast-tracked /app/data/T0002/210801/b7232xo/odoo-210801/addons/account_budget/wizard/wizard_crossovered_budget_summary_report.py (small file (2086 bytes))
2026-02-03 09:56:27,662 - Knowledge - INFO - Async storage completed for 5 embeddings
2026-02-03 09:56:27,741 - Knowledge - INFO - [LLM_CALL] Completed: gantt.py:chunk1, Duration: 9483ms, PromptTokens: 2964, CompletionTokens: 525, Cost: $0.00051
2026-02-03 09:56:27,747 - Knowledge - INFO - done ingest for /app/data/T0002/210801/b7232xo/odoo-210801/addons/project/report/gantt.py
2026-02-03 09:56:29,524 - Knowledge - INFO - process ingested knowledge for /app/data/T0002/210801/b7232xo/odoo-210801/addons/purchase/partner.py
2026-02-03 09:56:29,608 - Knowledge - INFO - [kw3] Queue=99, InProgress=0, PendingWorkers=20/20, Completed=1132/1263 (89.6%)
2026-02-03 09:56:29,627 - Knowledge - INFO - Batch sizing: calculated=4, max_allowed=10, queue=99, active_workers=20/20
2026-02-03 09:56:30,642 - Knowledge - INFO - process ingested knowledge for /app/data/T0002/210801/b7232xo/odoo-210801/addons/crm_profiling/wizard/open_questionnaire.py
2026-02-03 09:56:30,676 - Knowledge - INFO - [kw12] Queue=99, InProgress=0, PendingWorkers=20/20, Completed=1132/1263 (89.6%)
2026-02-03 09:56:30,723 - Knowledge - INFO - Batch sizing: calculated=4, max_allowed=10, queue=99, active_workers=20/20
2026-02-03 09:56:30,743 - Knowledge - INFO - process ingested knowledge for /app/data/T0002/210801/b7232xo/odoo-210801/addons/purchase/report/__init__.py
2026-02-03 09:56:30,784 - Knowledge - INFO - [LLM_CALL] Completed: close_task.py:chunk1, Duration: 9715ms, PromptTokens: 3060, CompletionTokens: 403, Cost: $0.00047
2026-02-03 09:56:30,790 - Knowledge - INFO - [kw11] Queue=99, InProgress=0, PendingWorkers=20/20, Completed=1133/1263 (89.7%)
2026-02-03 09:56:30,829 - Knowledge - INFO - done ingest for /app/data/T0002/210801/b7232xo/odoo-210801/addons/project/wizard/close_task.py
2026-02-03 09:56:30,840 - Knowledge - INFO - Batch sizing: calculated=4, max_allowed=10, queue=99, active_workers=20/20
2026-02-03 09:56:30,841 - Knowledge - INFO - Async storing batch of 5 embeddings
2026-02-03 09:56:30,850 - Knowledge - INFO - Worker kw3 processing /app/data/T0002/210801/b7232xo/odoo-210801/addons/account_budget/wizard/wizard_analytic_account_budget.py
2026-02-03 09:56:30,864 - Knowledge - INFO - Fast-tracked /app/data/T0002/210801/b7232xo/odoo-210801/addons/account_budget/wizard/wizard_analytic_account_budget.py (ext=.py, size=1953)
2026-02-03 09:56:30,884 - Knowledge - INFO - Worker kw3 processing /app/data/T0002/210801/b7232xo/odoo-210801/addons/account_budget/wizard/wizard_budget_report.py
2026-02-03 09:56:30,965 - Knowledge - INFO - Worker kw3 processing /app/data/T0002/210801/b7232xo/odoo-210801/addons/account_budget/wizard/wizard_crossovered_budget_report.py
2026-02-03 09:56:30,968 - Knowledge - INFO - Worker kw3 processing /app/data/T0002/210801/b7232xo/odoo-210801/addons/account_budget/wizard/__init__.py
2026-02-03 09:56:30,971 - Knowledge - INFO - Fast-tracked /app/data/T0002/210801/b7232xo/odoo-210801/addons/account_budget/wizard/__init__.py (ext=.py, size=1240)
2026-02-03 09:56:31,023 - Knowledge - INFO - Fast-tracked /app/data/T0002/210801/b7232xo/odoo-210801/addons/account_budget/wizard/wizard_budget_report.py (small file (2358 bytes))
2026-02-03 09:56:31,190 - Knowledge - INFO - Fast-tracked /app/data/T0002/210801/b7232xo/odoo-210801/addons/account_budget/wizard/wizard_crossovered_budget_report.py (small file (2064 bytes))
2026-02-03 09:56:31,191 - Knowledge - INFO - process ingested knowledge for /app/data/T0002/210801/b7232xo/odoo-210801/addons/crm_profiling/__init__.py
2026-02-03 09:56:31,205 - Knowledge - INFO - Async storage completed for 5 embeddings
2026-02-03 09:56:31,645 - Knowledge - INFO - process ingested knowledge for /app/data/T0002/210801/b7232xo/odoo-210801/addons/purchase/stock.py
2026-02-03 09:56:31,675 - Knowledge - INFO - [kw5] Queue=95, InProgress=0, PendingWorkers=20/20, Completed=1134/1263 (89.8%)
2026-02-03 09:56:31,686 - Knowledge - INFO - Batch sizing: calculated=4, max_allowed=10, queue=95, active_workers=20/20
2026-02-03 09:56:31,768 - Knowledge - INFO - [LLM_CALL] Completed: task_delegate.py:chunk1, Duration: 10905ms, PromptTokens: 3210, CompletionTokens: 334, Cost: $0.00045
2026-02-03 09:56:31,782 - Knowledge - INFO - done ingest for /app/data/T0002/210801/b7232xo/odoo-210801/addons/project/wizard/task_delegate.py
2026-02-03 09:56:31,854 - Knowledge - INFO - Processing batch of 5 files
2026-02-03 09:56:31,867 - Knowledge - INFO - process ingested knowledge for /app/data/T0002/210801/b7232xo/odoo-210801/addons/crm_profiling/crm_profiling_view.xml
2026-02-03 09:56:32,779 - Knowledge - INFO - process ingested knowledge for /app/data/T0002/210801/b7232xo/odoo-210801/addons/purchase/purchase_sequence.xml
2026-02-03 09:56:32,807 - Knowledge - INFO - Async storing batch of 5 embeddings
2026-02-03 09:56:32,808 - Knowledge - INFO - Worker kw11 processing /app/data/T0002/210801/b7232xo/odoo-210801/addons/account_budget/crossovered_budget_report.xml
2026-02-03 09:56:32,842 - Knowledge - INFO - Fast-tracked /app/data/T0002/210801/b7232xo/odoo-210801/addons/account_budget/crossovered_budget_report.xml (ext=.xml, size=1443)
2026-02-03 09:56:32,848 - Knowledge - INFO - Worker kw11 processing /app/data/T0002/210801/b7232xo/odoo-210801/addons/account_budget/__init__.py
2026-02-03 09:56:32,871 - Knowledge - INFO - Fast-tracked /app/data/T0002/210801/b7232xo/odoo-210801/addons/account_budget/__init__.py (ext=.py, size=1111)
2026-02-03 09:56:32,876 - Knowledge - INFO - Worker kw11 processing /app/data/T0002/210801/b7232xo/odoo-210801/addons/account_date_check/account_date_check_view.xml
2026-02-03 09:56:32,943 - Knowledge - INFO - Fast-tracked /app/data/T0002/210801/b7232xo/odoo-210801/addons/account_date_check/account_date_check_view.xml (ext=.xml, size=551)
2026-02-03 09:56:32,943 - Knowledge - INFO - Worker kw11 processing /app/data/T0002/210801/b7232xo/odoo-210801/addons/account_date_check/__terp__.py
2026-02-03 09:56:32,983 - Knowledge - INFO - Fast-tracked /app/data/T0002/210801/b7232xo/odoo-210801/addons/account_date_check/__terp__.py (ext=.py, size=1785)
2026-02-03 09:56:33,062 - Knowledge - INFO - [LLM_CALL] Completed: budget_report.py:chunk1, Duration: 9318ms, PromptTokens: 2436, CompletionTokens: 393, Cost: $0.00040
2026-02-03 09:56:33,064 - Knowledge - INFO - Async storage completed for 5 embeddings
2026-02-03 09:56:33,080 - Knowledge - INFO - done ingest for /app/data/T0002/210801/b7232xo/odoo-210801/addons/account_budget/report/budget_report.py
2026-02-03 09:56:33,913 - Knowledge - INFO - Async storing batch of 5 embeddings
2026-02-03 09:56:33,927 - Knowledge - INFO - Async storing batch of 6 embeddings
2026-02-03 09:56:33,934 - Knowledge - INFO - Worker kw12 processing /app/data/T0002/210801/b7232xo/odoo-210801/addons/account_date_check/account_date_check.py
2026-02-03 09:56:33,944 - Knowledge - INFO - Worker kw5 processing /app/data/T0002/210801/b7232xo/odoo-210801/addons/report_analytic_line/report_analytic_line.py
2026-02-03 09:56:34,038 - Knowledge - INFO - Worker kw5 processing /app/data/T0002/210801/b7232xo/odoo-210801/addons/report_analytic_line/__init__.py
2026-02-03 09:56:34,050 - Knowledge - INFO - Worker kw12 processing /app/data/T0002/210801/b7232xo/odoo-210801/addons/account_date_check/__init__.py
2026-02-03 09:56:34,062 - Knowledge - INFO - Fast-tracked /app/data/T0002/210801/b7232xo/odoo-210801/addons/report_analytic_line/__init__.py (ext=.py, size=1087)
2026-02-03 09:56:34,077 - Knowledge - INFO - Worker kw5 processing /app/data/T0002/210801/b7232xo/odoo-210801/addons/hr_contract/hr_contract_view.xml
2026-02-03 09:56:34,088 - Knowledge - INFO - Fast-tracked /app/data/T0002/210801/b7232xo/odoo-210801/addons/account_date_check/__init__.py (ext=.py, size=1218)
2026-02-03 09:56:34,090 - Knowledge - INFO - Fast-tracked /app/data/T0002/210801/b7232xo/odoo-210801/addons/hr_contract/hr_contract_view.xml (ext=.xml, size=8818)
2026-02-03 09:56:34,096 - Knowledge - INFO - Worker kw12 processing /app/data/T0002/210801/b7232xo/odoo-210801/addons/report_analytic_line/report_analytic_line_view.xml
2026-02-03 09:56:34,123 - Knowledge - INFO - Worker kw5 processing /app/data/T0002/210801/b7232xo/odoo-210801/addons/hr_contract/security/hr_contract_security.xml
2026-02-03 09:56:34,168 - Knowledge - INFO - Fast-tracked /app/data/T0002/210801/b7232xo/odoo-210801/addons/report_analytic_line/report_analytic_line_view.xml (ext=.xml, size=3119)
2026-02-03 09:56:34,168 - Knowledge - INFO - Fast-tracked /app/data/T0002/210801/b7232xo/odoo-210801/addons/hr_contract/security/hr_contract_security.xml (ext=.xml, size=222)
2026-02-03 09:56:34,210 - Knowledge - INFO - Worker kw12 processing /app/data/T0002/210801/b7232xo/odoo-210801/addons/report_analytic_line/__terp__.py
2026-02-03 09:56:34,259 - Knowledge - INFO - Fast-tracked /app/data/T0002/210801/b7232xo/odoo-210801/addons/report_analytic_line/__terp__.py (ext=.py, size=1588)
2026-02-03 09:56:34,347 - Knowledge - INFO - Fast-tracked /app/data/T0002/210801/b7232xo/odoo-210801/addons/report_analytic_line/report_analytic_line.py (small file (2896 bytes))
2026-02-03 09:56:34,359 - Knowledge - INFO - Async storage completed for 6 embeddings
2026-02-03 09:56:34,384 - Knowledge - INFO - process ingested knowledge for /app/data/T0002/210801/b7232xo/odoo-210801/addons/crm_profiling/crm_profiling.py
2026-02-03 09:56:34,478 - Knowledge - INFO - Async storage completed for 5 embeddings
2026-02-03 09:56:34,556 - Knowledge - INFO - [LLM_CALL] Completed: analytic_account_budget_report.py:chunk1, Duration: 10566ms, PromptTokens: 3928, CompletionTokens: 411, Cost: $0.00056
2026-02-03 09:56:34,594 - Knowledge - INFO - done ingest for /app/data/T0002/210801/b7232xo/odoo-210801/addons/account_budget/report/analytic_account_budget_report.py
2026-02-03 09:56:34,951 - Knowledge - INFO - [LLM_CALL] Completed: crossovered_budget.py:chunk1, Duration: 12935ms, PromptTokens: 6352, CompletionTokens: 859, Cost: $0.00098
2026-02-03 09:56:34,952 - Knowledge - INFO - process ingested knowledge for /app/data/T0002/210801/b7232xo/odoo-210801/addons/purchase/purchase.py
2026-02-03 09:56:34,953 - Knowledge - INFO - done ingest for /app/data/T0002/210801/b7232xo/odoo-210801/addons/account_budget/crossovered_budget.py
2026-02-03 09:56:34,954 - Knowledge - INFO - process ingested knowledge for /app/data/T0002/210801/b7232xo/odoo-210801/addons/project/project_view.xml
2026-02-03 09:56:36,356 - Knowledge - INFO - [WEBSOCKET] Sent: Type=progress_update, Size: 296, Duration: 0ms
2026-02-03 09:56:36,371 - Knowledge - INFO - [WEBSOCKET] Sent: Type=unknown, Size: ?, Duration: 15ms
2026-02-03 09:56:36,373 - Knowledge - INFO - process ingested knowledge for /app/data/T0002/210801/b7232xo/odoo-210801/addons/crm_profiling/crm_profiling_wizard.xml
2026-02-03 09:56:36,382 - Knowledge - INFO - Progress: 90.3% | Files: 1142/1263 | Rate: 2.19 files/sec | Queue: 83
2026-02-03 09:56:36,771 - Knowledge - INFO - process ingested knowledge for /app/data/T0002/210801/b7232xo/odoo-210801/addons/purchase/purchase_wizard.xml
2026-02-03 09:56:36,823 - Knowledge - INFO - process ingested knowledge for /app/data/T0002/210801/b7232xo/odoo-210801/addons/project/security/project_security.xml
2026-02-03 09:56:37,544 - Knowledge - INFO - [LLM_CALL] Completed: project.py:chunk1, Duration: 18947ms, PromptTokens: 12634, CompletionTokens: 1722, Cost: $0.00195
2026-02-03 09:56:37,545 - Knowledge - INFO - done ingest for /app/data/T0002/210801/b7232xo/odoo-210801/addons/project/project.py
2026-02-03 09:56:37,591 - Knowledge - INFO - process ingested knowledge for /app/data/T0002/210801/b7232xo/odoo-210801/addons/crm_profiling/crm_profiling_demo.xml
2026-02-03 09:56:37,892 - Knowledge - INFO - [kw6] Queue=83, InProgress=0, PendingWorkers=20/20, Completed=1150/1263 (91.1%)
2026-02-03 09:56:37,899 - Knowledge - INFO - Batch sizing: calculated=4, max_allowed=10, queue=83, active_workers=20/20
2026-02-03 09:56:38,045 - Knowledge - INFO - Processing batch of 5 files
2026-02-03 09:56:38,045 - Knowledge - INFO - process ingested knowledge for /app/data/T0002/210801/b7232xo/odoo-210801/addons/account_budget/crossovered_budget_view.xml
2026-02-03 09:56:38,324 - Knowledge - INFO - [kw17] Queue=83, InProgress=0, PendingWorkers=20/20, Completed=1153/1263 (91.3%)
2026-02-03 09:56:38,324 - Knowledge - INFO - Batch sizing: calculated=4, max_allowed=10, queue=83, active_workers=20/20
2026-02-03 09:56:38,429 - Knowledge - INFO - Processing batch of 4 files
2026-02-03 09:56:38,439 - Knowledge - INFO - process ingested knowledge for /app/data/T0002/210801/b7232xo/odoo-210801/addons/account_budget/wizard/wizard_analytic_account_budget.py
2026-02-03 09:56:38,770 - Knowledge - INFO - [kw19] Queue=83, InProgress=0, PendingWorkers=20/20, Completed=1158/1263 (91.7%)
2026-02-03 09:56:38,771 - Knowledge - INFO - Batch sizing: calculated=4, max_allowed=10, queue=83, active_workers=20/20
2026-02-03 09:56:38,773 - Knowledge - INFO - process ingested knowledge for /app/data/T0002/210801/b7232xo/odoo-210801/addons/account_budget/account_budget_wizard.xml
2026-02-03 09:56:38,773 - Knowledge - INFO - Async storing batch of 5 embeddings
2026-02-03 09:56:38,774 - Knowledge - INFO - process ingested knowledge for /app/data/T0002/210801/b7232xo/odoo-210801/addons/crm_profiling/__terp__.py
2026-02-03 09:56:38,776 - Knowledge - INFO - Worker kw6 processing /app/data/T0002/210801/b7232xo/odoo-210801/addons/hr_contract/__terp__.py
2026-02-03 09:56:38,777 - Knowledge - INFO - process ingested knowledge for /app/data/T0002/210801/b7232xo/odoo-210801/addons/account_budget/wizard/wizard_budget_report.py
2026-02-03 09:56:38,782 - Knowledge - INFO - Fast-tracked /app/data/T0002/210801/b7232xo/odoo-210801/addons/hr_contract/__terp__.py (ext=.py, size=1782)
2026-02-03 09:56:38,782 - Knowledge - INFO - Worker kw6 processing /app/data/T0002/210801/b7232xo/odoo-210801/addons/hr_contract/hr_contract.py
2026-02-03 09:56:38,829 - Knowledge - INFO - Worker kw6 processing /app/data/T0002/210801/b7232xo/odoo-210801/addons/hr_contract/__init__.py
2026-02-03 09:56:38,846 - Knowledge - INFO - Fast-tracked /app/data/T0002/210801/b7232xo/odoo-210801/addons/hr_contract/__init__.py (ext=.py, size=1077)
2026-02-03 09:56:38,846 - Knowledge - INFO - Worker kw6 processing /app/data/T0002/210801/b7232xo/odoo-210801/addons/hr_contract/hr_contract_data.xml
2026-02-03 09:56:38,867 - Knowledge - INFO - Fast-tracked /app/data/T0002/210801/b7232xo/odoo-210801/addons/hr_contract/hr_contract_data.xml (ext=.xml, size=1902)
2026-02-03 09:56:38,884 - Knowledge - INFO - Async storage completed for 5 embeddings
2026-02-03 09:56:39,130 - Knowledge - INFO - Async storing batch of 5 embeddings
2026-02-03 09:56:39,146 - Knowledge - INFO - Worker kw19 processing /app/data/T0002/210801/b7232xo/odoo-210801/addons/mrp/company_view.xml
2026-02-03 09:56:39,163 - Knowledge - INFO - Fast-tracked /app/data/T0002/210801/b7232xo/odoo-210801/addons/mrp/company_view.xml (ext=.xml, size=832)
2026-02-03 09:56:39,179 - Knowledge - INFO - Worker kw19 processing /app/data/T0002/210801/b7232xo/odoo-210801/addons/mrp/scripts/scheduler.py
2026-02-03 09:56:39,224 - Knowledge - INFO - Fast-tracked /app/data/T0002/210801/b7232xo/odoo-210801/addons/mrp/scripts/scheduler.py (ext=.py, size=1491)
2026-02-03 09:56:39,227 - Knowledge - INFO - Worker kw19 processing /app/data/T0002/210801/b7232xo/odoo-210801/addons/mrp/mrp_workflow.xml
2026-02-03 09:56:39,242 - Knowledge - INFO - Fast-tracked /app/data/T0002/210801/b7232xo/odoo-210801/addons/mrp/mrp_workflow.xml (ext=.xml, size=17402)
2026-02-03 09:56:39,243 - Knowledge - INFO - Worker kw19 processing /app/data/T0002/210801/b7232xo/odoo-210801/addons/mrp/security/mrp_security.xml
2026-02-03 09:56:39,260 - Knowledge - INFO - Processing batch of 4 files
2026-02-03 09:56:39,266 - Knowledge - INFO - process ingested knowledge for /app/data/T0002/210801/b7232xo/odoo-210801/addons/account_budget/crossovered_budget_report.xml
2026-02-03 09:56:39,285 - Knowledge - INFO - Fast-tracked /app/data/T0002/210801/b7232xo/odoo-210801/addons/mrp/security/mrp_security.xml (ext=.xml, size=510)
2026-02-03 09:56:39,297 - Knowledge - INFO - Async storage completed for 5 embeddings
2026-02-03 09:56:39,476 - Knowledge - INFO - process ingested knowledge for /app/data/T0002/210801/b7232xo/odoo-210801/addons/account_budget/__terp__.py
2026-02-03 09:56:39,523 - Knowledge - INFO - Async storing batch of 5 embeddings
2026-02-03 09:56:39,524 - Knowledge - INFO - [kw1] Queue=71, InProgress=0, PendingWorkers=20/20, Completed=1164/1263 (92.2%)
2026-02-03 09:56:39,537 - Knowledge - INFO - Processing batch of 4 files
2026-02-03 09:56:39,549 - Knowledge - INFO - Processing batch of 5 files
2026-02-03 09:56:39,550 - Knowledge - INFO - Worker kw17 processing /app/data/T0002/210801/b7232xo/odoo-210801/addons/mrp/mrp_view.xml
2026-02-03 09:56:39,573 - Knowledge - INFO - Batch sizing: calculated=4, max_allowed=10, queue=71, active_workers=20/20
2026-02-03 09:56:39,592 - Knowledge - INFO - process ingested knowledge for /app/data/T0002/210801/b7232xo/odoo-210801/addons/report_analytic_line/report_analytic_line.py
2026-02-03 09:56:39,600 - Knowledge - INFO - process ingested knowledge for /app/data/T0002/210801/b7232xo/odoo-210801/addons/project/__init__.py
2026-02-03 09:56:39,672 - Knowledge - INFO - Fast-tracked /app/data/T0002/210801/b7232xo/odoo-210801/addons/mrp/mrp_view.xml (ext=.xml, size=43010)
2026-02-03 09:56:39,684 - Knowledge - INFO - Processing batch of 5 files
2026-02-03 09:56:39,751 - Knowledge - INFO - Worker kw17 processing /app/data/T0002/210801/b7232xo/odoo-210801/addons/mrp/report/price.py
2026-02-03 09:56:39,769 - Knowledge - INFO - process ingested knowledge for /app/data/T0002/210801/b7232xo/odoo-210801/addons/project/report/_date_compute.py
2026-02-03 09:56:39,832 - Knowledge - INFO - Worker kw17 processing /app/data/T0002/210801/b7232xo/odoo-210801/addons/mrp/report/workcenter_load.py
2026-02-03 09:56:39,839 - Knowledge - INFO - Worker kw17 processing /app/data/T0002/210801/b7232xo/odoo-210801/addons/mrp/report/bom_structure.py
2026-02-03 09:56:40,235 - Knowledge - INFO - [LLM_CALL] Completed: crossovered_budget_report.py:chunk1, Duration: 16019ms, PromptTokens: 4250, CompletionTokens: 465, Cost: $0.00061
2026-02-03 09:56:40,235 - Knowledge - INFO - done ingest for /app/data/T0002/210801/b7232xo/odoo-210801/addons/account_budget/report/crossovered_budget_report.py
2026-02-03 09:56:40,334 - Knowledge - INFO - Fast-tracked /app/data/T0002/210801/b7232xo/odoo-210801/addons/mrp/report/bom_structure.py (small file (2328 bytes))
2026-02-03 09:56:40,367 - Knowledge - INFO - [LLM_CALL] Completed: account_date_check.py:chunk1, Duration: 5982ms, PromptTokens: 2374, CompletionTokens: 493, Cost: $0.00043
2026-02-03 09:56:40,367 - Knowledge - INFO - done ingest for /app/data/T0002/210801/b7232xo/odoo-210801/addons/account_date_check/account_date_check.py
2026-02-03 09:56:40,424 - Knowledge - INFO - Async storage completed for 5 embeddings
2026-02-03 09:56:40,744 - Knowledge - INFO - process ingested knowledge for /app/data/T0002/210801/b7232xo/odoo-210801/addons/account_budget/__init__.py
2026-02-03 09:56:40,744 - Knowledge - INFO - [WEBSOCKET] Sent: Type=progress_update, Size: 294, Duration: 0ms
2026-02-03 09:56:40,749 - Knowledge - INFO - process ingested knowledge for /app/data/T0002/210801/b7232xo/odoo-210801/addons/account_budget/wizard/wizard_crossovered_budget_report.py
2026-02-03 09:56:40,772 - Knowledge - INFO - [WEBSOCKET] Sent: Type=unknown, Size: ?, Duration: 28ms
2026-02-03 09:56:40,774 - Knowledge - INFO - Progress: 92.5% | Files: 1168/1263 | Rate: 2.22 files/sec | Queue: 71
2026-02-03 09:56:40,891 - Knowledge - INFO - process ingested knowledge for /app/data/T0002/210801/b7232xo/odoo-210801/addons/project/process/task_process.xml
2026-02-03 09:56:40,893 - Knowledge - INFO - process ingested knowledge for /app/data/T0002/210801/b7232xo/odoo-210801/addons/report_analytic_line/__init__.py
2026-02-03 09:56:40,895 - Knowledge - INFO - process ingested knowledge for /app/data/T0002/210801/b7232xo/odoo-210801/addons/project/report/gantt_report.py
2026-02-03 09:56:40,948 - Knowledge - INFO - process ingested knowledge for /app/data/T0002/210801/b7232xo/odoo-210801/addons/account_budget/wizard/wizard_budget_spread.py
2026-02-03 09:56:40,955 - Knowledge - INFO - process ingested knowledge for /app/data/T0002/210801/b7232xo/odoo-210801/addons/account_budget/wizard/__init__.py
2026-02-03 09:56:40,964 - Knowledge - INFO - Processing batch of 5 files
2026-02-03 09:56:40,964 - Knowledge - INFO - process ingested knowledge for /app/data/T0002/210801/b7232xo/odoo-210801/addons/project/project_demo.xml
2026-02-03 09:56:41,161 - Knowledge - INFO - process ingested knowledge for /app/data/T0002/210801/b7232xo/odoo-210801/addons/project/project_data.xml
2026-02-03 09:56:41,162 - Knowledge - INFO - Async storing batch of 5 embeddings
2026-02-03 09:56:41,163 - Knowledge - INFO - process ingested knowledge for /app/data/T0002/210801/b7232xo/odoo-210801/addons/project/report/project_report.xml
2026-02-03 09:56:41,164 - Knowledge - INFO - Worker kw1 processing /app/data/T0002/210801/b7232xo/odoo-210801/addons/mrp/report/order.py
2026-02-03 09:56:41,167 - Knowledge - INFO - [kw16] Queue=67, InProgress=0, PendingWorkers=20/20, Completed=1174/1263 (93.0%)
2026-02-03 09:56:41,167 - Knowledge - INFO - Batch sizing: calculated=4, max_allowed=10, queue=67, active_workers=20/20
2026-02-03 09:56:41,173 - Knowledge - INFO - process ingested knowledge for /app/data/T0002/210801/b7232xo/odoo-210801/addons/account_date_check/account_date_check_view.xml
2026-02-03 09:56:41,174 - Knowledge - INFO - [kw13] Queue=67, InProgress=0, PendingWorkers=20/20, Completed=1174/1263 (93.0%)
2026-02-03 09:56:41,174 - Knowledge - INFO - Batch sizing: calculated=4, max_allowed=10, queue=67, active_workers=20/20
2026-02-03 09:56:41,174 - Knowledge - INFO - Fast-tracked /app/data/T0002/210801/b7232xo/odoo-210801/addons/mrp/report/order.py (ext=.py, size=1484)
2026-02-03 09:56:41,175 - Knowledge - INFO - process ingested knowledge for /app/data/T0002/210801/b7232xo/odoo-210801/addons/project/project_wizard.xml
2026-02-03 09:56:41,223 - Knowledge - INFO - Worker kw1 processing /app/data/T0002/210801/b7232xo/odoo-210801/addons/mrp/report/__init__.py
2026-02-03 09:56:41,250 - Knowledge - INFO - process ingested knowledge for /app/data/T0002/210801/b7232xo/odoo-210801/addons/hr_contract/hr_contract_view.xml
2026-02-03 09:56:41,266 - Knowledge - INFO - Fast-tracked /app/data/T0002/210801/b7232xo/odoo-210801/addons/mrp/report/__init__.py (ext=.py, size=1128)
2026-02-03 09:56:41,269 - Knowledge - INFO - Worker kw1 processing /app/data/T0002/210801/b7232xo/odoo-210801/addons/mrp/mrp_order_point.xml
2026-02-03 09:56:41,289 - Knowledge - INFO - Fast-tracked /app/data/T0002/210801/b7232xo/odoo-210801/addons/mrp/mrp_order_point.xml (ext=.xml, size=3350)
2026-02-03 09:56:41,290 - Knowledge - INFO - Worker kw1 processing /app/data/T0002/210801/b7232xo/odoo-210801/addons/mrp/mrp_demo.xml
2026-02-03 09:56:41,340 - Knowledge - INFO - Fast-tracked /app/data/T0002/210801/b7232xo/odoo-210801/addons/mrp/mrp_demo.xml (ext=.xml, size=25960)
2026-02-03 09:56:41,349 - Knowledge - INFO - Async storage completed for 5 embeddings
2026-02-03 09:56:41,666 - Knowledge - INFO - process ingested knowledge for /app/data/T0002/210801/b7232xo/odoo-210801/addons/project/report/gantt.py
2026-02-03 09:56:41,668 - Knowledge - INFO - process ingested knowledge for /app/data/T0002/210801/b7232xo/odoo-210801/addons/account_date_check/__terp__.py
2026-02-03 09:56:41,673 - Knowledge - INFO - Async storing batch of 5 embeddings
2026-02-03 09:56:41,703 - Knowledge - INFO - Worker kw16 processing /app/data/T0002/210801/b7232xo/odoo-210801/addons/mrp/mrp.py
2026-02-03 09:56:41,729 - Knowledge - INFO - Worker kw16 processing /app/data/T0002/210801/b7232xo/odoo-210801/addons/mrp/company.py
2026-02-03 09:56:41,741 - Knowledge - INFO - Worker kw16 processing /app/data/T0002/210801/b7232xo/odoo-210801/addons/mrp/mrp_wizard.xml
2026-02-03 09:56:41,750 - Knowledge - INFO - Fast-tracked /app/data/T0002/210801/b7232xo/odoo-210801/addons/mrp/mrp_wizard.xml (ext=.xml, size=1861)
2026-02-03 09:56:41,751 - Knowledge - INFO - Worker kw16 processing /app/data/T0002/210801/b7232xo/odoo-210801/addons/mrp/__terp__.py
2026-02-03 09:56:42,056 - Knowledge - INFO - Fast-tracked /app/data/T0002/210801/b7232xo/odoo-210801/addons/mrp/company.py (small file (2145 bytes))
2026-02-03 09:56:42,192 - Knowledge - INFO - Async storage completed for 5 embeddings
2026-02-03 09:56:42,364 - Knowledge - INFO - Async storing batch of 6 embeddings
2026-02-03 09:56:42,365 - Knowledge - INFO - Worker kw13 processing /app/data/T0002/210801/b7232xo/odoo-210801/addons/mrp/wizard/wizard_orderpoint_procurement.py
2026-02-03 09:56:42,441 - Knowledge - INFO - Worker kw13 processing /app/data/T0002/210801/b7232xo/odoo-210801/addons/mrp/wizard/wizard_change_production_qty.py
2026-02-03 09:56:42,474 - Knowledge - INFO - Worker kw13 processing /app/data/T0002/210801/b7232xo/odoo-210801/addons/mrp/wizard/wizard_track_prod.py
2026-02-03 09:56:42,504 - Knowledge - INFO - Worker kw13 processing /app/data/T0002/210801/b7232xo/odoo-210801/addons/mrp/wizard/make_procurement.py
2026-02-03 09:56:42,566 - Knowledge - INFO - Fast-tracked /app/data/T0002/210801/b7232xo/odoo-210801/addons/mrp/wizard/wizard_orderpoint_procurement.py (small file (2674 bytes))
2026-02-03 09:56:42,673 - Knowledge - INFO - Processing batch of 4 files
2026-02-03 09:56:42,673 - Knowledge - INFO - process ingested knowledge for /app/data/T0002/210801/b7232xo/odoo-210801/addons/mrp/company_view.xml
2026-02-03 09:56:42,676 - Knowledge - INFO - process ingested knowledge for /app/data/T0002/210801/b7232xo/odoo-210801/addons/account_budget/crossovered_budget.py
2026-02-03 09:56:42,702 - Knowledge - INFO - process ingested knowledge for /app/data/T0002/210801/b7232xo/odoo-210801/addons/hr_contract/security/hr_contract_security.xml
2026-02-03 09:56:42,747 - Knowledge - INFO - process ingested knowledge for /app/data/T0002/210801/b7232xo/odoo-210801/addons/account_budget/wizard/wizard_crossovered_budget_summary_report.py
2026-02-03 09:56:42,758 - Knowledge - INFO - process ingested knowledge for /app/data/T0002/210801/b7232xo/odoo-210801/addons/project/report/__init__.py
2026-02-03 09:56:42,858 - Knowledge - INFO - Processing batch of 4 files
2026-02-03 09:56:42,858 - Knowledge - INFO - process ingested knowledge for /app/data/T0002/210801/b7232xo/odoo-210801/addons/account_date_check/account_date_check.py
2026-02-03 09:56:42,972 - Knowledge - INFO - [LLM_CALL] Completed: hr_contract.py:chunk1, Duration: 4092ms, PromptTokens: 2908, CompletionTokens: 449, Cost: $0.00047
2026-02-03 09:56:42,973 - Knowledge - INFO - done ingest for /app/data/T0002/210801/b7232xo/odoo-210801/addons/hr_contract/hr_contract.py
2026-02-03 09:56:43,057 - Knowledge - INFO - Async storage completed for 6 embeddings
2026-02-03 09:56:43,078 - Knowledge - INFO - process ingested knowledge for /app/data/T0002/210801/b7232xo/odoo-210801/addons/project/company.py
2026-02-03 09:56:43,093 - Knowledge - INFO - process ingested knowledge for /app/data/T0002/210801/b7232xo/odoo-210801/addons/mrp/scripts/scheduler.py
2026-02-03 09:56:43,459 - Knowledge - INFO - Processing batch of 5 files
2026-02-03 09:56:43,474 - Knowledge - INFO - process ingested knowledge for /app/data/T0002/210801/b7232xo/odoo-210801/addons/project/project_report.xml
2026-02-03 09:56:44,355 - Knowledge - INFO - [LLM_CALL] Completed: price.py:chunk1, Duration: 4398ms, PromptTokens: 5438, CompletionTokens: 310, Cost: $0.00067
2026-02-03 09:56:44,369 - Knowledge - INFO - done ingest for /app/data/T0002/210801/b7232xo/odoo-210801/addons/mrp/report/price.py
2026-02-03 09:56:45,435 - Knowledge - INFO - process ingested knowledge for /app/data/T0002/210801/b7232xo/odoo-210801/addons/account_budget/crossovered_budget_demo.xml
2026-02-03 09:56:45,436 - Knowledge - INFO - process ingested knowledge for /app/data/T0002/210801/b7232xo/odoo-210801/addons/project/project.py
2026-02-03 09:56:45,443 - Knowledge - INFO - process ingested knowledge for /app/data/T0002/210801/b7232xo/odoo-210801/addons/mrp/mrp_workflow.xml
2026-02-03 09:56:46,148 - Knowledge - INFO - process ingested knowledge for /app/data/T0002/210801/b7232xo/odoo-210801/addons/account_date_check/__init__.py
2026-02-03 09:56:47,016 - Knowledge - INFO - [LLM_CALL] Completed: __terp__.py:chunk1, Duration: 4855ms, PromptTokens: 2256, CompletionTokens: 321, Cost: $0.00035
2026-02-03 09:56:47,033 - Knowledge - INFO - done ingest for /app/data/T0002/210801/b7232xo/odoo-210801/addons/mrp/__terp__.py
2026-02-03 09:56:47,947 - Knowledge - INFO - [kw18] Queue=59, InProgress=0, PendingWorkers=20/20, Completed=1184/1263 (93.7%)
2026-02-03 09:56:47,948 - Knowledge - INFO - Batch sizing: calculated=4, max_allowed=10, queue=59, active_workers=20/20
2026-02-03 09:56:48,000 - Knowledge - INFO - [LLM_CALL] Completed: workcenter_load.py:chunk1, Duration: 7843ms, PromptTokens: 4944, CompletionTokens: 531, Cost: $0.00071
2026-02-03 09:56:48,000 - Knowledge - INFO - done ingest for /app/data/T0002/210801/b7232xo/odoo-210801/addons/mrp/report/workcenter_load.py
2026-02-03 09:56:49,923 - Knowledge - INFO - process ingested knowledge for /app/data/T0002/210801/b7232xo/odoo-210801/addons/report_analytic_line/report_analytic_line_view.xml
2026-02-03 09:56:50,241 - Knowledge - INFO - [LLM_CALL] Completed: wizard_track_prod.py:chunk1, Duration: 7427ms, PromptTokens: 2934, CompletionTokens: 363, Cost: $0.00044
2026-02-03 09:56:50,242 - Knowledge - INFO - done ingest for /app/data/T0002/210801/b7232xo/odoo-210801/addons/mrp/wizard/wizard_track_prod.py
2026-02-03 09:56:50,295 - Knowledge - INFO - process ingested knowledge for /app/data/T0002/210801/b7232xo/odoo-210801/addons/project/wizard/task_delegate.py
2026-02-03 09:56:50,311 - Knowledge - INFO - [kw7] Queue=59, InProgress=0, PendingWorkers=20/20, Completed=1187/1263 (94.0%)
2026-02-03 09:56:50,318 - Knowledge - INFO - Async storing batch of 5 embeddings
2026-02-03 09:56:50,340 - Knowledge - INFO - Batch sizing: calculated=4, max_allowed=10, queue=59, active_workers=20/20
2026-02-03 09:56:50,371 - Knowledge - INFO - Worker kw18 processing /app/data/T0002/210801/b7232xo/odoo-210801/addons/mrp/wizard/wizard_price.py
2026-02-03 09:56:50,421 - Knowledge - INFO - Fast-tracked /app/data/T0002/210801/b7232xo/odoo-210801/addons/mrp/wizard/wizard_price.py (ext=.py, size=1712)
2026-02-03 09:56:50,432 - Knowledge - INFO - Worker kw18 processing /app/data/T0002/210801/b7232xo/odoo-210801/addons/mrp/wizard/wizard_workcenter_load.py
2026-02-03 09:56:50,485 - Knowledge - INFO - Worker kw18 processing /app/data/T0002/210801/b7232xo/odoo-210801/addons/mrp/wizard/wizard_schedulers_all.py
2026-02-03 09:56:50,508 - Knowledge - INFO - Worker kw18 processing /app/data/T0002/210801/b7232xo/odoo-210801/addons/mrp/wizard/wizard_track_line.py
2026-02-03 09:56:50,647 - Knowledge - INFO - Fast-tracked /app/data/T0002/210801/b7232xo/odoo-210801/addons/mrp/wizard/wizard_workcenter_load.py (small file (2053 bytes))
2026-02-03 09:56:50,659 - Knowledge - INFO - Fast-tracked /app/data/T0002/210801/b7232xo/odoo-210801/addons/mrp/wizard/wizard_schedulers_all.py (small file (2599 bytes))
2026-02-03 09:56:50,767 - Knowledge - INFO - Async storage completed for 5 embeddings
2026-02-03 09:56:51,663 - Knowledge - INFO - [LLM_CALL] Completed: wizard_change_production_qty.py:chunk1, Duration: 9020ms, PromptTokens: 3066, CompletionTokens: 457, Cost: $0.00049
2026-02-03 09:56:51,666 - Knowledge - INFO - done ingest for /app/data/T0002/210801/b7232xo/odoo-210801/addons/mrp/wizard/wizard_change_production_qty.py
2026-02-03 09:56:51,784 - Knowledge - INFO - process ingested knowledge for /app/data/T0002/210801/b7232xo/odoo-210801/addons/report_analytic_line/__terp__.py
2026-02-03 09:56:51,804 - Knowledge - INFO - [kw3] Queue=55, InProgress=0, PendingWorkers=20/20, Completed=1189/1263 (94.1%)
2026-02-03 09:56:51,837 - Knowledge - INFO - process ingested knowledge for /app/data/T0002/210801/b7232xo/odoo-210801/addons/project/__terp__.py
2026-02-03 09:56:51,838 - Knowledge - INFO - Batch sizing: calculated=4, max_allowed=10, queue=55, active_workers=20/20
2026-02-03 09:56:51,845 - Knowledge - INFO - process ingested knowledge for /app/data/T0002/210801/b7232xo/odoo-210801/addons/project/wizard/task_attachment.py
2026-02-03 09:56:51,851 - Knowledge - INFO - [kw8] Queue=55, InProgress=0, PendingWorkers=20/20, Completed=1189/1263 (94.1%)
2026-02-03 09:56:51,855 - Knowledge - INFO - Async storing batch of 5 embeddings
2026-02-03 09:56:51,870 - Knowledge - INFO - Processing batch of 5 files
2026-02-03 09:56:52,023 - Knowledge - INFO - Batch sizing: calculated=4, max_allowed=10, queue=55, active_workers=20/20
2026-02-03 09:56:52,026 - Knowledge - INFO - Worker kw7 processing /app/data/T0002/210801/b7232xo/odoo-210801/addons/mrp/wizard/wizard_procurement.py
2026-02-03 09:56:52,074 - Knowledge - INFO - process ingested knowledge for /app/data/T0002/210801/b7232xo/odoo-210801/addons/account_budget/report/budget_report.py
2026-02-03 09:56:52,171 - Knowledge - INFO - Worker kw7 processing /app/data/T0002/210801/b7232xo/odoo-210801/addons/mrp/wizard/__init__.py
2026-02-03 09:56:52,244 - Knowledge - INFO - Fast-tracked /app/data/T0002/210801/b7232xo/odoo-210801/addons/mrp/wizard/__init__.py (ext=.py, size=1311)
2026-02-03 09:56:52,250 - Knowledge - INFO - Worker kw7 processing /app/data/T0002/210801/b7232xo/odoo-210801/addons/mrp/mrp_report.xml
2026-02-03 09:56:52,281 - Knowledge - INFO - Fast-tracked /app/data/T0002/210801/b7232xo/odoo-210801/addons/mrp/mrp_report.xml (ext=.xml, size=443)
2026-02-03 09:56:52,283 - Knowledge - INFO - Worker kw7 processing /app/data/T0002/210801/b7232xo/odoo-210801/addons/mrp/schedulers.py
2026-02-03 09:56:52,365 - Knowledge - INFO - Fast-tracked /app/data/T0002/210801/b7232xo/odoo-210801/addons/mrp/wizard/wizard_procurement.py (small file (2321 bytes))
2026-02-03 09:56:52,509 - Knowledge - INFO - [LLM_CALL] Completed: make_procurement.py:chunk1, Duration: 9531ms, PromptTokens: 2856, CompletionTokens: 333, Cost: $0.00042
2026-02-03 09:56:52,524 - Knowledge - INFO - done ingest for /app/data/T0002/210801/b7232xo/odoo-210801/addons/mrp/wizard/make_procurement.py
2026-02-03 09:56:52,583 - Knowledge - INFO - Async storage completed for 5 embeddings
2026-02-03 09:56:53,406 - Knowledge - INFO - Processing batch of 4 files
2026-02-03 09:56:53,431 - Knowledge - INFO - process ingested knowledge for /app/data/T0002/210801/b7232xo/odoo-210801/addons/mrp/report/order.py
2026-02-03 09:56:53,849 - Knowledge - INFO - Async storing batch of 4 embeddings
2026-02-03 09:56:53,861 - Knowledge - INFO - Worker kw3 processing /app/data/T0002/210801/b7232xo/odoo-210801/addons/mrp/mrp_test.xml
2026-02-03 09:56:53,886 - Knowledge - INFO - process ingested knowledge for /app/data/T0002/210801/b7232xo/odoo-210801/addons/project/wizard/__init__.py
2026-02-03 09:56:53,887 - Knowledge - INFO - Fast-tracked /app/data/T0002/210801/b7232xo/odoo-210801/addons/mrp/mrp_test.xml (ext=.xml, size=4326)
2026-02-03 09:56:53,893 - Knowledge - INFO - Async storing batch of 5 embeddings
2026-02-03 09:56:53,896 - Knowledge - INFO - Worker kw3 processing /app/data/T0002/210801/b7232xo/odoo-210801/addons/mrp/mrp_data.xml
2026-02-03 09:56:53,900 - Knowledge - INFO - Worker kw8 processing /app/data/T0002/210801/b7232xo/odoo-210801/addons/mrp/process/procurement_process.xml
2026-02-03 09:56:53,980 - Knowledge - INFO - Fast-tracked /app/data/T0002/210801/b7232xo/odoo-210801/addons/mrp/process/procurement_process.xml (ext=.xml, size=15842)
2026-02-03 09:56:53,981 - Knowledge - INFO - Worker kw8 processing /app/data/T0002/210801/b7232xo/odoo-210801/addons/mrp/process/stockable_product_process.xml
2026-02-03 09:56:53,982 - Knowledge - INFO - Fast-tracked /app/data/T0002/210801/b7232xo/odoo-210801/addons/mrp/mrp_data.xml (ext=.xml, size=1959)
2026-02-03 09:56:53,998 - Knowledge - INFO - Worker kw3 processing /app/data/T0002/210801/b7232xo/odoo-210801/addons/mrp/__init__.py
2026-02-03 09:56:53,998 - Knowledge - INFO - Fast-tracked /app/data/T0002/210801/b7232xo/odoo-210801/addons/mrp/process/stockable_product_process.xml (ext=.xml, size=4550)
2026-02-03 09:56:54,009 - Knowledge - INFO - Worker kw8 processing /app/data/T0002/210801/b7232xo/odoo-210801/addons/base_module_merge/base_module_merge_wizard.xml
2026-02-03 09:56:54,024 - Knowledge - INFO - Fast-tracked /app/data/T0002/210801/b7232xo/odoo-210801/addons/mrp/__init__.py (ext=.py, size=1129)
2026-02-03 09:56:54,030 - Knowledge - INFO - Worker kw3 processing /app/data/T0002/210801/b7232xo/odoo-210801/addons/mrp/process/service_product_process.xml
2026-02-03 09:56:54,030 - Knowledge - INFO - Fast-tracked /app/data/T0002/210801/b7232xo/odoo-210801/addons/base_module_merge/base_module_merge_wizard.xml (ext=.xml, size=363)
2026-02-03 09:56:54,031 - Knowledge - INFO - Worker kw8 processing /app/data/T0002/210801/b7232xo/odoo-210801/addons/base_module_merge/__terp__.py
2026-02-03 09:56:54,036 - Knowledge - INFO - Fast-tracked /app/data/T0002/210801/b7232xo/odoo-210801/addons/base_module_merge/__terp__.py (ext=.py, size=1757)
2026-02-03 09:56:54,042 - Knowledge - INFO - Fast-tracked /app/data/T0002/210801/b7232xo/odoo-210801/addons/mrp/process/service_product_process.xml (ext=.xml, size=3241)
2026-02-03 09:56:54,056 - Knowledge - INFO - Async storage completed for 4 embeddings
2026-02-03 09:56:54,072 - Knowledge - INFO - Async storage completed for 5 embeddings
2026-02-03 09:56:54,226 - Knowledge - INFO - [WEBSOCKET] Sent: Type=progress_update, Size: 276, Duration: 0ms
2026-02-03 09:56:54,240 - Knowledge - INFO - [WEBSOCKET] Sent: Type=unknown, Size: ?, Duration: 14ms
2026-02-03 09:56:54,241 - Knowledge - INFO - process ingested knowledge for /app/data/T0002/210801/b7232xo/odoo-210801/addons/mrp/security/mrp_security.xml
2026-02-03 09:56:54,247 - Knowledge - INFO - Progress: 94.6% | Files: 1195/1263 | Rate: 2.21 files/sec | Queue: 43
2026-02-03 09:56:54,331 - Knowledge - INFO - Processing batch of 4 files
2026-02-03 09:56:54,332 - Knowledge - INFO - process ingested knowledge for /app/data/T0002/210801/b7232xo/odoo-210801/addons/mrp/mrp_view.xml
2026-02-03 09:56:54,886 - Knowledge - INFO - process ingested knowledge for /app/data/T0002/210801/b7232xo/odoo-210801/addons/mrp/report/__init__.py
2026-02-03 09:56:55,234 - Knowledge - INFO - process ingested knowledge for /app/data/T0002/210801/b7232xo/odoo-210801/addons/account_budget/report/analytic_account_budget_report.py
2026-02-03 09:56:55,628 - Knowledge - INFO - [kw11] Queue=43, InProgress=0, PendingWorkers=20/20, Completed=1200/1263 (95.0%)
2026-02-03 09:56:55,632 - Knowledge - INFO - process ingested knowledge for /app/data/T0002/210801/b7232xo/odoo-210801/addons/mrp/mrp_order_point.xml
2026-02-03 09:56:55,653 - Knowledge - INFO - Batch sizing: calculated=4, max_allowed=10, queue=43, active_workers=20/20
2026-02-03 09:56:55,675 - Knowledge - INFO - Processing batch of 4 files
2026-02-03 09:56:55,694 - Knowledge - INFO - [LLM_CALL] Completed: wizard_track_line.py:chunk1, Duration: 4990ms, PromptTokens: 3340, CompletionTokens: 441, Cost: $0.00051
2026-02-03 09:56:55,729 - Knowledge - INFO - process ingested knowledge for /app/data/T0002/210801/b7232xo/odoo-210801/addons/mrp/process/procurement_process.xml
2026-02-03 09:56:55,730 - Knowledge - INFO - done ingest for /app/data/T0002/210801/b7232xo/odoo-210801/addons/mrp/wizard/wizard_track_line.py
2026-02-03 09:56:56,153 - Knowledge - INFO - process ingested knowledge for /app/data/T0002/210801/b7232xo/odoo-210801/addons/project/wizard/close_task.py
2026-02-03 09:56:56,154 - Knowledge - INFO - [kw2] Queue=43, InProgress=0, PendingWorkers=20/20, Completed=1201/1263 (95.1%)
2026-02-03 09:56:56,154 - Knowledge - INFO - Batch sizing: calculated=4, max_allowed=10, queue=43, active_workers=20/20
2026-02-03 09:56:56,156 - Knowledge - INFO - process ingested knowledge for /app/data/T0002/210801/b7232xo/odoo-210801/addons/account_budget/report/crossovered_budget_report.py
2026-02-03 09:56:56,276 - Knowledge - INFO - process ingested knowledge for /app/data/T0002/210801/b7232xo/odoo-210801/addons/mrp/report/price.py
2026-02-03 09:56:56,276 - Knowledge - INFO - [kw5] Queue=43, InProgress=0, PendingWorkers=20/20, Completed=1201/1263 (95.1%)
2026-02-03 09:56:56,277 - Knowledge - INFO - process ingested knowledge for /app/data/T0002/210801/b7232xo/odoo-210801/addons/mrp/mrp_demo.xml
2026-02-03 09:56:56,278 - Knowledge - INFO - Async storing batch of 4 embeddings
2026-02-03 09:56:56,279 - Knowledge - INFO - process ingested knowledge for /app/data/T0002/210801/b7232xo/odoo-210801/addons/mrp/process/stockable_product_process.xml
2026-02-03 09:56:56,279 - Knowledge - INFO - Batch sizing: calculated=4, max_allowed=10, queue=43, active_workers=20/20
2026-02-03 09:56:56,281 - Knowledge - INFO - Worker kw11 processing /app/data/T0002/210801/b7232xo/odoo-210801/addons/base_module_merge/wizard/base_module_merge.py
2026-02-03 09:56:56,282 - Knowledge - INFO - Async storing batch of 4 embeddings
2026-02-03 09:56:56,294 - Knowledge - INFO - Worker kw5 processing /app/data/T0002/210801/b7232xo/odoo-210801/addons/sale_journal/sale_journal_view.xml
2026-02-03 09:56:56,294 - Knowledge - INFO - Worker kw11 processing /app/data/T0002/210801/b7232xo/odoo-210801/addons/base_module_merge/wizard/__init__.py
2026-02-03 09:56:56,300 - Knowledge - INFO - Fast-tracked /app/data/T0002/210801/b7232xo/odoo-210801/addons/sale_journal/sale_journal_view.xml (ext=.xml, size=17505)
2026-02-03 09:56:56,300 - Knowledge - INFO - Worker kw5 processing /app/data/T0002/210801/b7232xo/odoo-210801/addons/sale_journal/picking_journal_view.xml
2026-02-03 09:56:56,306 - Knowledge - INFO - Fast-tracked /app/data/T0002/210801/b7232xo/odoo-210801/addons/base_module_merge/wizard/__init__.py (ext=.py, size=1083)
2026-02-03 09:56:56,307 - Knowledge - INFO - Worker kw11 processing /app/data/T0002/210801/b7232xo/odoo-210801/addons/base_module_merge/__init__.py
2026-02-03 09:56:56,325 - Knowledge - INFO - Fast-tracked /app/data/T0002/210801/b7232xo/odoo-210801/addons/sale_journal/picking_journal_view.xml (ext=.xml, size=5391)
2026-02-03 09:56:56,332 - Knowledge - INFO - Worker kw5 processing /app/data/T0002/210801/b7232xo/odoo-210801/addons/sale_journal/sale_journal_demo.xml
2026-02-03 09:56:56,333 - Knowledge - INFO - Fast-tracked /app/data/T0002/210801/b7232xo/odoo-210801/addons/base_module_merge/__init__.py (ext=.py, size=1071)
2026-02-03 09:56:56,333 - Knowledge - INFO - Worker kw11 processing /app/data/T0002/210801/b7232xo/odoo-210801/addons/sale_journal/sale_journal_inherit.py
2026-02-03 09:56:56,335 - Knowledge - INFO - Fast-tracked /app/data/T0002/210801/b7232xo/odoo-210801/addons/sale_journal/sale_journal_demo.xml (ext=.xml, size=505)
2026-02-03 09:56:56,340 - Knowledge - INFO - Worker kw5 processing /app/data/T0002/210801/b7232xo/odoo-210801/addons/sale_journal/sale_journal.py
2026-02-03 09:56:56,378 - Knowledge - INFO - Async storage completed for 4 embeddings
2026-02-03 09:56:56,396 - Knowledge - INFO - Fast-tracked /app/data/T0002/210801/b7232xo/odoo-210801/addons/sale_journal/sale_journal_inherit.py (small file (2919 bytes))
2026-02-03 09:56:56,420 - Knowledge - INFO - Async storage completed for 4 embeddings
2026-02-03 09:56:56,571 - Knowledge - INFO - Processing batch of 4 files
2026-02-03 09:56:56,575 - Knowledge - INFO - process ingested knowledge for /app/data/T0002/210801/b7232xo/odoo-210801/addons/hr_contract/__terp__.py
2026-02-03 09:56:57,590 - Knowledge - INFO - [kw9] Queue=35, InProgress=0, PendingWorkers=20/20, Completed=1207/1263 (95.6%)
2026-02-03 09:56:57,590 - Knowledge - INFO - Batch sizing: calculated=4, max_allowed=10, queue=35, active_workers=20/20
2026-02-03 09:56:57,646 - Knowledge - INFO - process ingested knowledge for /app/data/T0002/210801/b7232xo/odoo-210801/addons/hr_contract/hr_contract.py
2026-02-03 09:56:57,968 - Knowledge - INFO - Async storing batch of 5 embeddings
2026-02-03 09:56:57,970 - Knowledge - INFO - Processing batch of 4 files
2026-02-03 09:56:57,984 - Knowledge - INFO - Worker kw2 processing /app/data/T0002/210801/b7232xo/odoo-210801/addons/sale_journal/__terp__.py
2026-02-03 09:56:58,032 - Knowledge - INFO - Processing batch of 4 files
2026-02-03 09:56:58,045 - Knowledge - INFO - process ingested knowledge for /app/data/T0002/210801/b7232xo/odoo-210801/addons/mrp/mrp_test.xml
2026-02-03 09:56:58,087 - Knowledge - INFO - Worker kw2 processing /app/data/T0002/210801/b7232xo/odoo-210801/addons/sale_journal/sale_journal_report.py
2026-02-03 09:56:58,093 - Knowledge - INFO - process ingested knowledge for /app/data/T0002/210801/b7232xo/odoo-210801/addons/mrp/wizard/wizard_orderpoint_procurement.py
2026-02-03 09:56:58,146 - Knowledge - INFO - Worker kw2 processing /app/data/T0002/210801/b7232xo/odoo-210801/addons/sale_journal/sale_journal_picking_report.py
2026-02-03 09:56:58,246 - Knowledge - INFO - Worker kw2 processing /app/data/T0002/210801/b7232xo/odoo-210801/addons/sale_journal/picking_journal_view_report.xml
2026-02-03 09:56:58,292 - Knowledge - INFO - Fast-tracked /app/data/T0002/210801/b7232xo/odoo-210801/addons/sale_journal/picking_journal_view_report.xml (ext=.xml, size=5520)
2026-02-03 09:56:58,432 - Knowledge - INFO - Fast-tracked /app/data/T0002/210801/b7232xo/odoo-210801/addons/sale_journal/__terp__.py (small file (2489 bytes))
2026-02-03 09:56:58,468 - Knowledge - INFO - process ingested knowledge for /app/data/T0002/210801/b7232xo/odoo-210801/addons/account_budget/report/__init__.py
2026-02-03 09:56:58,624 - Knowledge - INFO - Fast-tracked /app/data/T0002/210801/b7232xo/odoo-210801/addons/sale_journal/sale_journal_report.py (small file (2940 bytes))
2026-02-03 09:56:58,828 - Knowledge - INFO - [LLM_CALL] Completed: schedulers.py:chunk1, Duration: 6303ms, PromptTokens: 5320, CompletionTokens: 521, Cost: $0.00074
2026-02-03 09:56:58,835 - Knowledge - INFO - Async storage completed for 5 embeddings
2026-02-03 09:56:58,841 - Knowledge - INFO - done ingest for /app/data/T0002/210801/b7232xo/odoo-210801/addons/mrp/schedulers.py
2026-02-03 09:56:59,329 - Knowledge - INFO - process ingested knowledge for /app/data/T0002/210801/b7232xo/odoo-210801/addons/mrp/report/workcenter_load.py
2026-02-03 09:56:59,340 - Knowledge - INFO - Async storing batch of 5 embeddings
2026-02-03 09:56:59,343 - Knowledge - INFO - Worker kw9 processing /app/data/T0002/210801/b7232xo/odoo-210801/addons/sale_journal/__init__.py
2026-02-03 09:56:59,359 - Knowledge - INFO - Fast-tracked /app/data/T0002/210801/b7232xo/odoo-210801/addons/sale_journal/__init__.py (ext=.py, size=1168)
2026-02-03 09:56:59,360 - Knowledge - INFO - Worker kw9 processing /app/data/T0002/210801/b7232xo/odoo-210801/addons/sale_journal/sale_journal_data.xml
2026-02-03 09:56:59,375 - Knowledge - INFO - Fast-tracked /app/data/T0002/210801/b7232xo/odoo-210801/addons/sale_journal/sale_journal_data.xml (ext=.xml, size=337)
2026-02-03 09:56:59,386 - Knowledge - INFO - Worker kw9 processing /app/data/T0002/210801/b7232xo/odoo-210801/addons/document/odt2txt.py
2026-02-03 09:56:59,430 - Knowledge - INFO - Worker kw9 processing /app/data/T0002/210801/b7232xo/odoo-210801/addons/document/document_view.xml
2026-02-03 09:56:59,465 - Knowledge - INFO - Fast-tracked /app/data/T0002/210801/b7232xo/odoo-210801/addons/document/document_view.xml (ext=.xml, size=12743)
2026-02-03 09:56:59,511 - Knowledge - INFO - Fast-tracked /app/data/T0002/210801/b7232xo/odoo-210801/addons/document/odt2txt.py (small file (2118 bytes))
2026-02-03 09:56:59,529 - Knowledge - INFO - Async storage completed for 5 embeddings
2026-02-03 09:56:59,702 - Knowledge - INFO - process ingested knowledge for /app/data/T0002/210801/b7232xo/odoo-210801/addons/hr_contract/__init__.py
2026-02-03 09:56:59,756 - Knowledge - INFO - [kw14] Queue=27, InProgress=0, PendingWorkers=20/20, Completed=1211/1263 (95.9%)
2026-02-03 09:56:59,764 - Knowledge - INFO - Batch sizing: calculated=4, max_allowed=10, queue=27, active_workers=20/20
2026-02-03 09:57:00,166 - Knowledge - INFO - process ingested knowledge for /app/data/T0002/210801/b7232xo/odoo-210801/addons/mrp/mrp_data.xml
2026-02-03 09:57:00,167 - Knowledge - INFO - process ingested knowledge for /app/data/T0002/210801/b7232xo/odoo-210801/addons/mrp/wizard/wizard_change_production_qty.py
2026-02-03 09:57:00,169 - Knowledge - INFO - process ingested knowledge for /app/data/T0002/210801/b7232xo/odoo-210801/addons/account_budget/crossovered_budget_workflow.xml
2026-02-03 09:57:00,240 - Knowledge - INFO - process ingested knowledge for /app/data/T0002/210801/b7232xo/odoo-210801/addons/mrp/report/bom_structure.py
2026-02-03 09:57:00,760 - Knowledge - INFO - process ingested knowledge for /app/data/T0002/210801/b7232xo/odoo-210801/addons/base_module_merge/base_module_merge_wizard.xml
2026-02-03 09:57:00,802 - Knowledge - INFO - process ingested knowledge for /app/data/T0002/210801/b7232xo/odoo-210801/addons/hr_contract/hr_contract_data.xml
2026-02-03 09:57:00,849 - Knowledge - INFO - Async storing batch of 5 embeddings
2026-02-03 09:57:00,862 - Knowledge - INFO - Worker kw14 processing /app/data/T0002/210801/b7232xo/odoo-210801/addons/document/security/document_security.xml
2026-02-03 09:57:00,899 - Knowledge - INFO - Fast-tracked /app/data/T0002/210801/b7232xo/odoo-210801/addons/document/security/document_security.xml (ext=.xml, size=361)
2026-02-03 09:57:00,923 - Knowledge - INFO - Worker kw14 processing /app/data/T0002/210801/b7232xo/odoo-210801/addons/document/custom_view.xml
2026-02-03 09:57:00,944 - Knowledge - INFO - Fast-tracked /app/data/T0002/210801/b7232xo/odoo-210801/addons/document/custom_view.xml (ext=.xml, size=351)
2026-02-03 09:57:00,949 - Knowledge - INFO - Worker kw14 processing /app/data/T0002/210801/b7232xo/odoo-210801/addons/document/README.txt
2026-02-03 09:57:01,025 - Knowledge - INFO - Fast-tracked /app/data/T0002/210801/b7232xo/odoo-210801/addons/document/README.txt (ext=.txt, size=195)
2026-02-03 09:57:01,041 - Knowledge - INFO - Worker kw14 processing /app/data/T0002/210801/b7232xo/odoo-210801/addons/document/document_demo.xml
2026-02-03 09:57:01,051 - Knowledge - INFO - Fast-tracked /app/data/T0002/210801/b7232xo/odoo-210801/addons/document/document_demo.xml (ext=.xml, size=3248)
2026-02-03 09:57:01,141 - Knowledge - INFO - Async storage completed for 5 embeddings
2026-02-03 09:57:01,587 - Knowledge - INFO - process ingested knowledge for /app/data/T0002/210801/b7232xo/odoo-210801/addons/mrp/__init__.py
2026-02-03 09:57:01,684 - Knowledge - INFO - process ingested knowledge for /app/data/T0002/210801/b7232xo/odoo-210801/addons/mrp/wizard/wizard_track_prod.py
2026-02-03 09:57:02,079 - Knowledge - INFO - [LLM_CALL] Completed: sale_journal_picking_report.py:chunk1, Duration: 3323ms, PromptTokens: 3072, CompletionTokens: 258, Cost: $0.00041
2026-02-03 09:57:02,135 - Knowledge - INFO - done ingest for /app/data/T0002/210801/b7232xo/odoo-210801/addons/sale_journal/sale_journal_picking_report.py
2026-02-03 09:57:02,492 - Knowledge - INFO - process ingested knowledge for /app/data/T0002/210801/b7232xo/odoo-210801/addons/mrp/process/service_product_process.xml
2026-02-03 09:57:02,500 - Knowledge - INFO - [kw20] Queue=23, InProgress=0, PendingWorkers=20/20, Completed=1213/1263 (96.0%)
2026-02-03 09:57:02,531 - Knowledge - INFO - process ingested knowledge for /app/data/T0002/210801/b7232xo/odoo-210801/addons/mrp/wizard/make_procurement.py
2026-02-03 09:57:02,572 - Knowledge - INFO - Batch sizing: calculated=4, max_allowed=10, queue=23, active_workers=20/20
2026-02-03 09:57:02,883 - Knowledge - INFO - [kw12] Queue=23, InProgress=0, PendingWorkers=20/20, Completed=1215/1263 (96.2%)
2026-02-03 09:57:02,886 - Knowledge - INFO - Batch sizing: calculated=4, max_allowed=10, queue=23, active_workers=20/20
2026-02-03 09:57:03,028 - Knowledge - INFO - Processing batch of 4 files
2026-02-03 09:57:03,029 - Knowledge - INFO - process ingested knowledge for /app/data/T0002/210801/b7232xo/odoo-210801/addons/mrp/wizard/wizard_price.py
2026-02-03 09:57:03,332 - Knowledge - INFO - [LLM_CALL] Completed: base_module_merge.py:chunk1, Duration: 6982ms, PromptTokens: 6702, CompletionTokens: 522, Cost: $0.00088
2026-02-03 09:57:03,332 - Knowledge - INFO - done ingest for /app/data/T0002/210801/b7232xo/odoo-210801/addons/base_module_merge/wizard/base_module_merge.py
2026-02-03 09:57:03,682 - Knowledge - INFO - Processing batch of 4 files
2026-02-03 09:57:03,687 - Knowledge - INFO - process ingested knowledge for /app/data/T0002/210801/b7232xo/odoo-210801/addons/document/security/document_security.xml
2026-02-03 09:57:03,837 - Knowledge - INFO - process ingested knowledge for /app/data/T0002/210801/b7232xo/odoo-210801/addons/base_module_merge/__terp__.py
2026-02-03 09:57:03,844 - Knowledge - INFO - process ingested knowledge for /app/data/T0002/210801/b7232xo/odoo-210801/addons/mrp/wizard/wizard_workcenter_load.py
2026-02-03 09:57:03,880 - Knowledge - INFO - Processing batch of 4 files
2026-02-03 09:57:03,883 - Knowledge - INFO - process ingested knowledge for /app/data/T0002/210801/b7232xo/odoo-210801/addons/mrp/wizard/wizard_procurement.py
2026-02-03 09:57:04,159 - Knowledge - INFO - [LLM_CALL] Completed: sale_journal.py:chunk1, Duration: 7808ms, PromptTokens: 3704, CompletionTokens: 613, Cost: $0.00062
2026-02-03 09:57:04,159 - Knowledge - INFO - done ingest for /app/data/T0002/210801/b7232xo/odoo-210801/addons/sale_journal/sale_journal.py
2026-02-03 09:57:04,165 - Knowledge - INFO - [WEBSOCKET] Sent: Type=progress_update, Size: 276, Duration: 0ms
2026-02-03 09:57:04,168 - Knowledge - INFO - process ingested knowledge for /app/data/T0002/210801/b7232xo/odoo-210801/addons/document/custom_view.xml
2026-02-03 09:57:04,170 - Knowledge - INFO - [WEBSOCKET] Sent: Type=unknown, Size: ?, Duration: 5ms
2026-02-03 09:57:04,176 - Knowledge - INFO - Progress: 96.8% | Files: 1224/1263 | Rate: 2.22 files/sec | Queue: 23
2026-02-03 09:57:04,370 - Knowledge - INFO - Async storing batch of 4 embeddings
2026-02-03 09:57:04,371 - Knowledge - INFO - Worker kw12 processing /app/data/T0002/210801/b7232xo/odoo-210801/addons/document/document.py
2026-02-03 09:57:04,377 - Knowledge - INFO - Worker kw12 processing /app/data/T0002/210801/b7232xo/odoo-210801/addons/document/__terp__.py
2026-02-03 09:57:04,380 - Knowledge - INFO - Worker kw12 processing /app/data/T0002/210801/b7232xo/odoo-210801/addons/document/ftpserver/ftpserver.py
2026-02-03 09:57:04,383 - Knowledge - INFO - Fast-tracked /app/data/T0002/210801/b7232xo/odoo-210801/addons/document/ftpserver/ftpserver.py (ext=.py, size=119176)
2026-02-03 09:57:04,384 - Knowledge - INFO - Worker kw12 processing /app/data/T0002/210801/b7232xo/odoo-210801/addons/document/ftpserver/authorizer.py
2026-02-03 09:57:04,415 - Knowledge - INFO - Fast-tracked /app/data/T0002/210801/b7232xo/odoo-210801/addons/document/__terp__.py (small file (2056 bytes))
2026-02-03 09:57:04,434 - Knowledge - INFO - Fast-tracked /app/data/T0002/210801/b7232xo/odoo-210801/addons/document/ftpserver/authorizer.py (small file (2239 bytes))
2026-02-03 09:57:04,434 - Knowledge - INFO - Async storage completed for 4 embeddings
2026-02-03 09:57:04,639 - Knowledge - INFO - [kw4] Queue=19, InProgress=0, PendingWorkers=20/20, Completed=1224/1263 (96.9%)
2026-02-03 09:57:04,640 - Knowledge - INFO - Batch sizing: calculated=4, max_allowed=10, queue=19, active_workers=20/20
2026-02-03 09:57:04,737 - Knowledge - INFO - process ingested knowledge for /app/data/T0002/210801/b7232xo/odoo-210801/addons/mrp/wizard/__init__.py
2026-02-03 09:57:04,844 - Knowledge - INFO - [kw19] Queue=19, InProgress=0, PendingWorkers=20/20, Completed=1224/1263 (96.9%)
2026-02-03 09:57:04,844 - Knowledge - INFO - Batch sizing: calculated=4, max_allowed=10, queue=19, active_workers=20/20
2026-02-03 09:57:04,956 - Knowledge - INFO - Async storing batch of 5 embeddings
2026-02-03 09:57:04,956 - Knowledge - INFO - Worker kw20 processing /app/data/T0002/210801/b7232xo/odoo-210801/addons/document/ftpserver/abstracted_fs.py
2026-02-03 09:57:04,959 - Knowledge - INFO - Worker kw20 processing /app/data/T0002/210801/b7232xo/odoo-210801/addons/document/ftpserver/__init__.py
2026-02-03 09:57:04,975 - Knowledge - INFO - Worker kw20 processing /app/data/T0002/210801/b7232xo/odoo-210801/addons/document/wizard/wizard_browse_via_ftp.py
2026-02-03 09:57:04,982 - Knowledge - INFO - Worker kw20 processing /app/data/T0002/210801/b7232xo/odoo-210801/addons/document/wizard/__init__.py
2026-02-03 09:57:04,991 - Knowledge - INFO - Fast-tracked /app/data/T0002/210801/b7232xo/odoo-210801/addons/document/wizard/__init__.py (ext=.py, size=1090)
2026-02-03 09:57:05,039 - Knowledge - INFO - Fast-tracked /app/data/T0002/210801/b7232xo/odoo-210801/addons/document/wizard/wizard_browse_via_ftp.py (small file (2133 bytes))
2026-02-03 09:57:05,039 - Knowledge - INFO - Async storage completed for 5 embeddings
2026-02-03 09:57:05,444 - Knowledge - INFO - process ingested knowledge for /app/data/T0002/210801/b7232xo/odoo-210801/addons/mrp/wizard/wizard_schedulers_all.py
2026-02-03 09:57:05,529 - Knowledge - INFO - process ingested knowledge for /app/data/T0002/210801/b7232xo/odoo-210801/addons/document/README.txt
2026-02-03 09:57:05,529 - Knowledge - INFO - process ingested knowledge for /app/data/T0002/210801/b7232xo/odoo-210801/addons/mrp/mrp_report.xml
2026-02-03 09:57:05,532 - Knowledge - INFO - Async storing batch of 4 embeddings
2026-02-03 09:57:05,533 - Knowledge - INFO - Worker kw19 processing /app/data/T0002/210801/b7232xo/odoo-210801/addons/document/content_index.py
2026-02-03 09:57:05,537 - Knowledge - INFO - Worker kw19 processing /app/data/T0002/210801/b7232xo/odoo-210801/addons/document/custom_report.xml
2026-02-03 09:57:05,539 - Knowledge - INFO - Fast-tracked /app/data/T0002/210801/b7232xo/odoo-210801/addons/document/custom_report.xml (ext=.xml, size=61)
2026-02-03 09:57:05,539 - Knowledge - INFO - Worker kw19 processing /app/data/T0002/210801/b7232xo/odoo-210801/addons/document/__init__.py
2026-02-03 09:57:05,551 - Knowledge - INFO - Fast-tracked /app/data/T0002/210801/b7232xo/odoo-210801/addons/document/__init__.py (ext=.py, size=1105)
2026-02-03 09:57:05,555 - Knowledge - INFO - Worker kw19 processing /app/data/T0002/210801/b7232xo/odoo-210801/addons/document/document_data.xml
2026-02-03 09:57:05,559 - Knowledge - INFO - Fast-tracked /app/data/T0002/210801/b7232xo/odoo-210801/addons/document/document_data.xml (ext=.xml, size=422)
2026-02-03 09:57:05,623 - Knowledge - INFO - Fast-tracked /app/data/T0002/210801/b7232xo/odoo-210801/addons/document/content_index.py (small file (2411 bytes))
2026-02-03 09:57:05,636 - Knowledge - INFO - Async storage completed for 4 embeddings
2026-02-03 09:57:05,956 - Knowledge - INFO - [kw1] Queue=11, InProgress=0, PendingWorkers=20/20, Completed=1230/1263 (97.4%)
2026-02-03 09:57:05,957 - Knowledge - INFO - Batch sizing: calculated=4, max_allowed=10, queue=11, active_workers=20/20
2026-02-03 09:57:06,232 - Knowledge - INFO - process ingested knowledge for /app/data/T0002/210801/b7232xo/odoo-210801/addons/mrp/wizard/wizard_track_line.py
2026-02-03 09:57:06,855 - Knowledge - INFO - process ingested knowledge for /app/data/T0002/210801/b7232xo/odoo-210801/addons/document/document_demo.xml
2026-02-03 09:57:07,006 - Knowledge - INFO - Processing batch of 4 files
2026-02-03 09:57:07,033 - Knowledge - INFO - process ingested knowledge for /app/data/T0002/210801/b7232xo/odoo-210801/addons/sale_journal/sale_journal_view.xml
2026-02-03 09:57:07,679 - Knowledge - INFO - Processing batch of 4 files
2026-02-03 09:57:07,680 - Knowledge - INFO - process ingested knowledge for /app/data/T0002/210801/b7232xo/odoo-210801/addons/sale_journal/__terp__.py
2026-02-03 09:57:08,004 - Knowledge - INFO - Async storing batch of 5 embeddings
2026-02-03 09:57:08,032 - Knowledge - INFO - Worker kw4 processing /app/data/T0002/210801/b7232xo/odoo-210801/addons/process/process_view.xml
2026-02-03 09:57:08,088 - Knowledge - INFO - Fast-tracked /app/data/T0002/210801/b7232xo/odoo-210801/addons/process/process_view.xml (ext=.xml, size=16396)
2026-02-03 09:57:08,104 - Knowledge - INFO - Worker kw4 processing /app/data/T0002/210801/b7232xo/odoo-210801/addons/process/process_demo.xml
2026-02-03 09:57:08,166 - Knowledge - INFO - Fast-tracked /app/data/T0002/210801/b7232xo/odoo-210801/addons/process/process_demo.xml (ext=.xml, size=7694)
2026-02-03 09:57:08,189 - Knowledge - INFO - Worker kw4 processing /app/data/T0002/210801/b7232xo/odoo-210801/addons/process/process.py
2026-02-03 09:57:08,223 - Knowledge - INFO - Worker kw4 processing /app/data/T0002/210801/b7232xo/odoo-210801/addons/process/__terp__.py
2026-02-03 09:57:08,253 - Knowledge - INFO - Fast-tracked /app/data/T0002/210801/b7232xo/odoo-210801/addons/process/__terp__.py (ext=.py, size=1537)
2026-02-03 09:57:08,584 - Knowledge - INFO - Async storage completed for 5 embeddings
2026-02-03 09:57:08,979 - Knowledge - INFO - Processing batch of 4 files
2026-02-03 09:57:09,020 - Knowledge - INFO - process ingested knowledge for /app/data/T0002/210801/b7232xo/odoo-210801/addons/sale_journal/__init__.py
2026-02-03 09:57:09,488 - Knowledge - INFO - process ingested knowledge for /app/data/T0002/210801/b7232xo/odoo-210801/addons/sale_journal/sale_journal_report.py
2026-02-03 09:57:09,516 - Knowledge - INFO - Async storing batch of 4 embeddings
2026-02-03 09:57:09,538 - Knowledge - INFO - Worker kw1 processing /app/data/T0002/210801/b7232xo/odoo-210801/addons/process/__init__.py
2026-02-03 09:57:09,572 - Knowledge - INFO - Fast-tracked /app/data/T0002/210801/b7232xo/odoo-210801/addons/process/__init__.py (ext=.py, size=1088)
2026-02-03 09:57:09,579 - Knowledge - INFO - Worker kw1 processing /app/data/T0002/210801/b7232xo/odoo-210801/addons/stock_invoice_directly/__terp__.py
2026-02-03 09:57:09,653 - Knowledge - INFO - Fast-tracked /app/data/T0002/210801/b7232xo/odoo-210801/addons/stock_invoice_directly/__terp__.py (ext=.py, size=1591)
2026-02-03 09:57:09,658 - Knowledge - INFO - Worker kw1 processing /app/data/T0002/210801/b7232xo/odoo-210801/addons/stock_invoice_directly/wizard/stock_invoice.py
2026-02-03 09:57:09,691 - Knowledge - INFO - Worker kw1 processing /app/data/T0002/210801/b7232xo/odoo-210801/addons/stock_invoice_directly/wizard/__init__.py
2026-02-03 09:57:09,775 - Knowledge - INFO - Fast-tracked /app/data/T0002/210801/b7232xo/odoo-210801/addons/stock_invoice_directly/wizard/__init__.py (ext=.py, size=1079)
2026-02-03 09:57:09,872 - Knowledge - INFO - Fast-tracked /app/data/T0002/210801/b7232xo/odoo-210801/addons/stock_invoice_directly/wizard/stock_invoice.py (small file (2665 bytes))
2026-02-03 09:57:09,878 - Knowledge - INFO - Async storage completed for 4 embeddings
2026-02-03 09:57:10,177 - Knowledge - INFO - Processing batch of 4 files
2026-02-03 09:57:10,192 - Knowledge - INFO - process ingested knowledge for /app/data/T0002/210801/b7232xo/odoo-210801/addons/base_module_merge/wizard/base_module_merge.py
2026-02-03 09:57:10,561 - Knowledge - INFO - process ingested knowledge for /app/data/T0002/210801/b7232xo/odoo-210801/addons/mrp/schedulers.py
2026-02-03 09:57:10,574 - Knowledge - INFO - process ingested knowledge for /app/data/T0002/210801/b7232xo/odoo-210801/addons/sale_journal/picking_journal_view.xml
2026-02-03 09:57:11,085 - Knowledge - INFO - [kw15] Queue=3, InProgress=0, PendingWorkers=20/20, Completed=1239/1263 (98.1%)
2026-02-03 09:57:11,123 - Knowledge - INFO - Batch sizing: calculated=3, max_allowed=10, queue=3, active_workers=20/20
2026-02-03 09:57:11,124 - Knowledge - INFO - process ingested knowledge for /app/data/T0002/210801/b7232xo/odoo-210801/addons/sale_journal/sale_journal_picking_report.py
2026-02-03 09:57:11,168 - Knowledge - INFO - [kw6] Queue=3, InProgress=0, PendingWorkers=20/20, Completed=1239/1263 (98.1%)
2026-02-03 09:57:11,168 - Knowledge - INFO - Batch sizing: calculated=3, max_allowed=10, queue=3, active_workers=20/20
2026-02-03 09:57:11,724 - Knowledge - INFO - Processing batch of 4 files
2026-02-03 09:57:11,725 - Knowledge - INFO - process ingested knowledge for /app/data/T0002/210801/b7232xo/odoo-210801/addons/document/content_index.py
2026-02-03 09:57:12,138 - Knowledge - INFO - [kw13] Queue=3, InProgress=0, PendingWorkers=20/20, Completed=1241/1263 (98.3%)
2026-02-03 09:57:12,148 - Knowledge - INFO - process ingested knowledge for /app/data/T0002/210801/b7232xo/odoo-210801/addons/sale_journal/sale_journal_data.xml
2026-02-03 09:57:12,149 - Knowledge - INFO - Batch sizing: calculated=3, max_allowed=10, queue=3, active_workers=20/20
2026-02-03 09:57:12,193 - Knowledge - INFO - process ingested knowledge for /app/data/T0002/210801/b7232xo/odoo-210801/addons/sale_journal/sale_journal_demo.xml
2026-02-03 09:57:12,205 - Knowledge - INFO - Async storing batch of 5 embeddings
2026-02-03 09:57:12,325 - Knowledge - INFO - process ingested knowledge for /app/data/T0002/210801/b7232xo/odoo-210801/addons/sale_journal/picking_journal_view_report.xml
2026-02-03 09:57:12,381 - Knowledge - INFO - Worker kw15 processing /app/data/T0002/210801/b7232xo/odoo-210801/addons/stock_invoice_directly/__init__.py
2026-02-03 09:57:12,482 - Knowledge - INFO - Fast-tracked /app/data/T0002/210801/b7232xo/odoo-210801/addons/stock_invoice_directly/__init__.py (ext=.py, size=1072)
2026-02-03 09:57:12,518 - Knowledge - INFO - Worker kw15 processing /app/data/T0002/210801/b7232xo/odoo-210801/win32/OpenERPServerService.py
2026-02-03 09:57:12,575 - Knowledge - INFO - process ingested knowledge for /app/data/T0002/210801/b7232xo/odoo-210801/addons/base_module_merge/wizard/__init__.py
2026-02-03 09:57:12,698 - Knowledge - INFO - process ingested knowledge for /app/data/T0002/210801/b7232xo/odoo-210801/addons/document/odt2txt.py
2026-02-03 09:57:12,700 - Knowledge - INFO - Worker kw15 processing /app/data/T0002/210801/b7232xo/odoo-210801/win32/setup.py
2026-02-03 09:57:12,735 - Knowledge - INFO - Fast-tracked /app/data/T0002/210801/b7232xo/odoo-210801/win32/setup.py (ext=.py, size=1454)
2026-02-03 09:57:12,755 - Knowledge - INFO - process ingested knowledge for /app/data/T0002/210801/b7232xo/odoo-210801/addons/base_module_merge/__init__.py
2026-02-03 09:57:13,067 - Knowledge - INFO - Async storage completed for 5 embeddings
2026-02-03 09:57:14,000 - Knowledge - INFO - process ingested knowledge for /app/data/T0002/210801/b7232xo/odoo-210801/addons/document/document_view.xml
2026-02-03 09:57:14,048 - Knowledge - INFO - process ingested knowledge for /app/data/T0002/210801/b7232xo/odoo-210801/addons/document/custom_report.xml
2026-02-03 09:57:14,053 - Knowledge - INFO - process ingested knowledge for /app/data/T0002/210801/b7232xo/odoo-210801/addons/sale_journal/sale_journal_inherit.py
2026-02-03 09:57:14,897 - Knowledge - INFO - [LLM_CALL] Completed: document.py:chunk1, Duration: 10499ms, PromptTokens: 18414, CompletionTokens: 721, Cost: $0.00213
2026-02-03 09:57:14,897 - Knowledge - INFO - done ingest for /app/data/T0002/210801/b7232xo/odoo-210801/addons/document/document.py
2026-02-03 09:57:15,804 - Knowledge - INFO - process ingested knowledge for /app/data/T0002/210801/b7232xo/odoo-210801/addons/document/__init__.py
2026-02-03 09:57:15,980 - Knowledge - INFO - Processing batch of 4 files
2026-02-03 09:57:16,022 - Knowledge - INFO - process ingested knowledge for /app/data/T0002/210801/b7232xo/odoo-210801/addons/process/__init__.py
2026-02-03 09:57:16,328 - Knowledge - INFO - process ingested knowledge for /app/data/T0002/210801/b7232xo/odoo-210801/addons/sale_journal/sale_journal.py
2026-02-03 09:57:16,342 - Knowledge - INFO - [LLM_CALL] Completed: __init__.py:chunk1, Duration: 11317ms, PromptTokens: 2530, CompletionTokens: 424, Cost: $0.00042
2026-02-03 09:57:16,351 - Knowledge - INFO - done ingest for /app/data/T0002/210801/b7232xo/odoo-210801/addons/document/ftpserver/__init__.py
2026-02-03 09:57:17,256 - Knowledge - INFO - process ingested knowledge for /app/data/T0002/210801/b7232xo/odoo-210801/addons/stock_invoice_directly/__terp__.py
2026-02-03 09:57:20,479 - Knowledge - INFO - [LLM_CALL] Completed: process.py:chunk1, Duration: 12067ms, PromptTokens: 7752, CompletionTokens: 764, Cost: $0.00108
2026-02-03 09:57:20,564 - Knowledge - INFO - done ingest for /app/data/T0002/210801/b7232xo/odoo-210801/addons/process/process.py
2026-02-03 09:57:20,998 - Knowledge - INFO - process ingested knowledge for /app/data/T0002/210801/b7232xo/odoo-210801/addons/document/document_data.xml
2026-02-03 09:57:21,925 - Knowledge - INFO - [LLM_CALL] Completed: OpenERPServerService.py:chunk1, Duration: 9067ms, PromptTokens: 2572, CompletionTokens: 585, Cost: $0.00049
2026-02-03 09:57:21,932 - Knowledge - INFO - done ingest for /app/data/T0002/210801/b7232xo/odoo-210801/win32/OpenERPServerService.py
2026-02-03 09:57:23,208 - Knowledge - INFO - process ingested knowledge for /app/data/T0002/210801/b7232xo/odoo-210801/addons/stock_invoice_directly/wizard/stock_invoice.py
2026-02-03 09:57:25,088 - Knowledge - INFO - process ingested knowledge for /app/data/T0002/210801/b7232xo/odoo-210801/addons/stock_invoice_directly/wizard/__init__.py
2026-02-03 09:57:25,434 - Knowledge - INFO - [LLM_CALL] Completed: abstracted_fs.py:chunk1, Duration: 20435ms, PromptTokens: 15274, CompletionTokens: 1575, Cost: $0.00216
2026-02-03 09:57:25,450 - Knowledge - INFO - done ingest for /app/data/T0002/210801/b7232xo/odoo-210801/addons/document/ftpserver/abstracted_fs.py
2026-02-03 09:57:26,332 - Knowledge - INFO - Processing batch of 4 files
2026-02-03 09:57:26,345 - Knowledge - INFO - process ingested knowledge for /app/data/T0002/210801/b7232xo/odoo-210801/addons/document/document.py
2026-02-03 09:57:26,634 - Knowledge - INFO - [WEBSOCKET] Sent: Type=progress_update, Size: 276, Duration: 0ms
2026-02-03 09:57:26,637 - Knowledge - INFO - process ingested knowledge for /app/data/T0002/210801/b7232xo/odoo-210801/addons/document/__terp__.py
2026-02-03 09:57:26,638 - Knowledge - INFO - [WEBSOCKET] Sent: Type=unknown, Size: ?, Duration: 3ms
2026-02-03 09:57:26,639 - Knowledge - INFO - Progress: 99.3% | Files: 1255/1263 | Rate: 2.19 files/sec | Queue: 0
2026-02-03 09:57:26,640 - Knowledge - INFO - process ingested knowledge for /app/data/T0002/210801/b7232xo/odoo-210801/addons/document/ftpserver/ftpserver.py
2026-02-03 09:57:26,671 - Knowledge - INFO - Processing batch of 4 files
2026-02-03 09:57:26,671 - Knowledge - INFO - process ingested knowledge for /app/data/T0002/210801/b7232xo/odoo-210801/addons/process/process_view.xml
2026-02-03 09:57:26,781 - Knowledge - INFO - process ingested knowledge for /app/data/T0002/210801/b7232xo/odoo-210801/addons/document/ftpserver/authorizer.py
2026-02-03 09:57:26,872 - Knowledge - INFO - process ingested knowledge for /app/data/T0002/210801/b7232xo/odoo-210801/addons/process/process_demo.xml
2026-02-03 09:57:26,894 - Knowledge - INFO - Processing batch of 3 files
2026-02-03 09:57:26,895 - Knowledge - INFO - process ingested knowledge for /app/data/T0002/210801/b7232xo/odoo-210801/addons/stock_invoice_directly/__init__.py
2026-02-03 09:57:27,058 - Knowledge - INFO - process ingested knowledge for /app/data/T0002/210801/b7232xo/odoo-210801/win32/OpenERPServerService.py
2026-02-03 09:57:27,061 - Knowledge - INFO - process ingested knowledge for /app/data/T0002/210801/b7232xo/odoo-210801/win32/setup.py
2026-02-03 09:57:27,129 - Knowledge - INFO - process ingested knowledge for /app/data/T0002/210801/b7232xo/odoo-210801/addons/process/process.py
2026-02-03 09:57:27,266 - Knowledge - INFO - Processing batch of 4 files
2026-02-03 09:57:27,266 - Knowledge - INFO - process ingested knowledge for /app/data/T0002/210801/b7232xo/odoo-210801/addons/document/ftpserver/abstracted_fs.py
2026-02-03 09:57:27,400 - Knowledge - INFO - process ingested knowledge for /app/data/T0002/210801/b7232xo/odoo-210801/addons/process/__terp__.py
2026-02-03 09:57:27,408 - Knowledge - INFO - process ingested knowledge for /app/data/T0002/210801/b7232xo/odoo-210801/addons/document/ftpserver/__init__.py
2026-02-03 09:57:27,729 - Knowledge - INFO - process ingested knowledge for /app/data/T0002/210801/b7232xo/odoo-210801/addons/document/wizard/wizard_browse_via_ftp.py
2026-02-03 09:57:28,029 - Knowledge - INFO - process ingested knowledge for /app/data/T0002/210801/b7232xo/odoo-210801/addons/document/wizard/__init__.py
2026-02-03 09:57:58,152 - Knowledge - INFO - [LLM_CALL] Completed: mrp.py:chunk1, Duration: 76293ms, PromptTokens: 30220, CompletionTokens: 8000, Cost: $0.00622
2026-02-03 09:57:58,155 - Knowledge - ERROR - Failed to parse LLM response as JSON for /app/data/T0002/210801/b7232xo/odoo-210801/addons/mrp/mrp.py, chunk 1
2026-02-03 09:57:58,156 - Knowledge - INFO - done ingest for /app/data/T0002/210801/b7232xo/odoo-210801/addons/mrp/mrp.py
2026-02-03 09:57:58,240 - Knowledge - INFO - Processing batch of 4 files
2026-02-03 09:57:58,240 - Knowledge - INFO - process ingested knowledge for /app/data/T0002/210801/b7232xo/odoo-210801/addons/mrp/mrp.py
2026-02-03 09:57:58,244 - Knowledge - INFO - process ingested knowledge for /app/data/T0002/210801/b7232xo/odoo-210801/addons/mrp/company.py
2026-02-03 09:57:58,248 - Knowledge - INFO - process ingested knowledge for /app/data/T0002/210801/b7232xo/odoo-210801/addons/mrp/mrp_wizard.xml
2026-02-03 09:57:58,251 - Knowledge - INFO - process ingested knowledge for /app/data/T0002/210801/b7232xo/odoo-210801/addons/mrp/__terp__.py
2026-02-03 09:57:58,673 - Knowledge - INFO - Knowledge creation complete
2026-02-03 09:57:58,674 - Knowledge - INFO - ==================================================
2026-02-03 09:57:58,674 - Knowledge - INFO - KNOWLEDGE GRAPH GENERATION PERFORMANCE SUMMARY
2026-02-03 09:57:58,674 - Knowledge - INFO - ==================================================
2026-02-03 09:57:58,675 - Knowledge - INFO - Total processing time: 606.90 seconds (10.12 minutes)
2026-02-03 09:57:58,675 - Knowledge - INFO - Files processed: 0
2026-02-03 09:57:58,676 - Knowledge - INFO - Processing rate: 0.00 files/second
2026-02-03 09:57:58,676 - Knowledge - INFO - 
[TIME_BREAKDOWN]
2026-02-03 09:57:58,676 - Knowledge - INFO - File Reading: 0.00s (0.0%)
2026-02-03 09:57:58,677 - Knowledge - INFO - LLM Processing: 6426.84s (1059.0%)
2026-02-03 09:57:58,677 - Knowledge - INFO - MongoDB Operations: 0.00s (0.0%)
2026-02-03 09:57:58,677 - Knowledge - INFO - Redis Operations: 0.00s (0.0%)
2026-02-03 09:57:58,678 - Knowledge - INFO - WebSocket Communication: 1.39s (0.2%)
2026-02-03 09:57:58,678 - Knowledge - INFO - 
[LLM_STATS]
2026-02-03 09:57:58,678 - Knowledge - INFO - Total LLM calls: 287
2026-02-03 09:57:58,679 - Knowledge - INFO - Average LLM response time: 22393ms
2026-02-03 09:57:58,682 - Knowledge - INFO - Average prompt tokens: 5307.8
2026-02-03 09:57:58,683 - Knowledge - INFO - Average completion tokens: 569.1
2026-02-03 09:57:58,683 - Knowledge - INFO - Total prompt tokens: 1523326
2026-02-03 09:57:58,684 - Knowledge - INFO - Total completion tokens: 163330
2026-02-03 09:57:58,684 - Knowledge - INFO - Total LLM cost: $0.2177
2026-02-03 09:57:58,684 - Knowledge - INFO - 
[DATABASE_STATS]
2026-02-03 09:57:58,685 - Knowledge - INFO - MongoDB operations: 0
2026-02-03 09:57:58,685 - Knowledge - INFO - Redis operations: 0
2026-02-03 09:57:58,685 - Knowledge - INFO - 
[COMMUNICATION_STATS]
2026-02-03 09:57:58,685 - Knowledge - INFO - WebSocket messages sent: 73
2026-02-03 09:57:58,686 - Knowledge - INFO - Average message size: 146.1 bytes
2026-02-03 09:57:58,686 - Knowledge - INFO - 
[WORKER_STATS]
2026-02-03 09:57:58,686 - Knowledge - INFO - 
[FILE_TYPE_STATS]
2026-02-03 09:57:58,687 - Knowledge - INFO - 
[SLOWEST_FILES]
2026-02-03 09:57:58,687 - Knowledge - INFO - ==================================================
2026-02-03 09:57:58,688 - Knowledge - INFO - ==================================================
2026-02-03 09:57:58,688 - Knowledge - INFO - KNOWLEDGE GRAPH GENERATION PERFORMANCE SUMMARY
2026-02-03 09:57:58,689 - Knowledge - INFO - ==================================================
2026-02-03 09:57:58,689 - Knowledge - INFO - Total processing time: 606.99 seconds (10.12 minutes)
2026-02-03 09:57:58,689 - Knowledge - INFO - Files processed: 1263 of 1263
2026-02-03 09:57:58,689 - Knowledge - INFO - Processing rate: 2.08 files/second
2026-02-03 09:57:58,689 - Knowledge - INFO - WebSocket messages sent: 36
2026-02-03 09:57:58,690 - Knowledge - INFO - MongoDB operations: 1263
2026-02-03 09:57:58,690 - Knowledge - INFO - Average MongoDB ops per file: 1.00
2026-02-03 09:57:58,691 - Knowledge - INFO - LLM costs: $0.2246
2026-02-03 09:57:58,692 - Knowledge - INFO - Prompt tokens: 1572778
2026-02-03 09:57:58,692 - Knowledge - INFO - Completion tokens: 168258
2026-02-03 09:57:58,693 - Knowledge - INFO - Updating org costs, total cost: 0.22458100000000009
2026-02-03 09:58:00,370 - Knowledge - INFO - [WEBSOCKET] Sent: Type=progress_update, Size: 272, Duration: 0ms
2026-02-03 09:58:00,372 - Knowledge - INFO - Saving knowledge to Redis...
2026-02-03 09:58:00,982 - Knowledge - INFO - Knowledge saved to Redis successfully
